collection_name	dataset_id	n_cells	n_donors	n_cell_types	assays	tissues	diseases	sexes	age_terms	suspension_types	collection_id	dataset_total_cell_count	dataset_h5ad_path
Population-scale cross-disorder atlas of the human prefrontal cortex at single-cell resolution	37a17b78-4864-4a42-b67b-31c00962795a	4097132	1032	25	10x 3' v3	dorsolateral prefrontal cortex	Lewy body dementia, Parkinson disease, amyotrophic lateral sclerosis, dementia, dementia || Alzheimer disease, dementia || Alzheimer disease || Lewy body dementia, dementia || Alzheimer disease || Parkinson disease, dementia || Alzheimer disease || amyotrophic lateral sclerosis, dementia || Alzheimer disease || frontotemporal dementia, dementia || Alzheimer disease || normal pressure hydrocephalus, dementia || Alzheimer disease || schizophrenia, dementia || Alzheimer disease || schizophrenia || Lewy body dementia, dementia || Lewy body dementia, dementia || Parkinson disease, dementia || Parkinson disease || progressive supranuclear palsy, dementia || amyotrophic lateral sclerosis, dementia || frontotemporal dementia, dementia || head injury, dementia || major depressive disorder || Alzheimer disease || Lewy body dementia, dementia || multiple sclerosis, dementia || normal pressure hydrocephalus, dementia || post-traumatic stress disorder, dementia || progressive supranuclear palsy, dementia || schizophrenia, dementia || schizophrenia || Parkinson disease, dementia || schizophrenia || head injury, dementia || tauopathy, dementia || vascular dementia, dementia || vascular dementia || Alzheimer disease, dementia || vascular dementia || Alzheimer disease || schizophrenia, dementia || vascular dementia || head injury, dementia || vascular dementia || schizophrenia, dementia || vascular dementia || tauopathy, frontotemporal dementia, head injury, major depressive disorder || tauopathy, normal, normal pressure hydrocephalus, schizophrenia, tauopathy, vascular dementia, vascular dementia || Lewy body dementia, vascular dementia || progressive supranuclear palsy	male & female	19yo-89yo, 19-year-old stage (3516), 20-year-old stage (2408), 24-year-old stage (1753), 27-year-old stage (3069), 28-year-old stage (6291), 31-year-old stage (3873), 32-year-old stage (2597), 35-year-old stage (10036), 36-year-old stage (13913), 38-year-old stage (12537), 39-year-old stage (6545), 40-year-old stage (7180), 41-year-old stage (19774), 42-year-old stage (17087), 43-year-old stage (8092), 45-year-old stage (11216), 46-year-old stage (3881), 47-year-old stage (3786), 48-year-old stage (7644), 49-year-old stage (25547), 50-year-old stage (7078), 51-year-old stage (12210), 52-year-old stage (21882), 53-year-old stage (28866), 54-year-old stage (20567), 55-year-old stage (20333), 56-year-old stage (16924), 57-year-old stage (19401), 58-year-old stage (26817), 59-year-old stage (42323), 60-year-old stage (53725), 61-year-old stage (24809), 62-year-old stage (34369), 63-year-old stage (48548), 64-year-old stage (60690), 65-year-old stage (42467), 66-year-old stage (47150), 67-year-old stage (35142), 68-year-old stage (43612), 69-year-old stage (67273), 70-year-old stage (50657), 71-year-old stage (70025), 72-year-old stage (58822), 73-year-old stage (119891), 74-year-old stage (90046), 75-year-old stage (63385), 76-year-old stage (111022), 77-year-old stage (88071), 78-year-old stage (80951), 79-year-old stage (103277), 80 year-old and over stage (1078738), 80-year-old stage (91607), 81-year-old stage (97068), 82-year-old stage (108248), 83-year-old stage (140899), 84-year-old stage (201603), 85-year-old stage (152857), 86-year-old stage (162231), 87-year-old stage (102362), 88-year-old stage (133376), 89-year-old stage (147065)	nucleus	84ce6837-548d-4a1f-919f-0bc0d9a3952f	4140453	37a17b78-4864-4a42-b67b-31c00962795a.h5ad
A human cell atlas of fetal gene expression	f7c1c579-2dc0-47e2-ba19-8165c5a0e353	1789420	24	47	sci-RNA-seq3	cerebellum, heart, intestine, kidney, liver, lung, pancreas, stomach	normal	male & female	prenatal-prenatal, 10th week post-fertilization stage (44904), 12th week post-fertilization stage (241296), 13th week post-fertilization stage (173341), 14th week post-fertilization stage (37004), 15th week post-fertilization stage (462339), 16th week post-fertilization stage (332168), 17th week post-fertilization stage (498368)	cell, nucleus	c114c20f-1ef4-49a5-9c2e-d965787fb90c	4062980	f7c1c579-2dc0-47e2-ba19-8165c5a0e353.h5ad
A multi-region single nucleus transcriptomic atlas of Parkinson’s disease	d3cb449b-c2b1-4b50-a7f1-21203535fe61	1406626	97	11	10x 3' v3	prefrontal cortex, primary motor cortex, primary visual cortex	Parkinson disease, normal	male & female	57yo-102yo, 57-year-old stage (6939), 62-year-old stage (14725), 64-year-old stage (15416), 65-year-old stage (14906), 66-year-old stage (26409), 67-year-old stage (53623), 68-year-old stage (27094), 69-year-old stage (14044), 70-year-old stage (23982), 71-year-old stage (12875), 72-year-old stage (75691), 73-year-old stage (27583), 74-year-old stage (35579), 75-year-old stage (93495), 76-year-old stage (50470), 77-year-old stage (67855), 78-year-old stage (63640), 79-year-old stage (79706), 80-year-old stage (73393), 81-year-old stage (122444), 82-year-old stage (70647), 83-year-old stage (44943), 84-year-old stage (48195), 85-year-old stage (67327), 86-year-old stage (37911), 87-year-old stage (33294), 88-year-old stage (36302), 89-year-old stage (23646), 91-year-old stage (60309), 95-year-old stage (20597), 97-year-old stage (15813), 101-year-old stage (25844), 102-year-old stage (21929)	nucleus	d5d0df8f-4eee-49d8-a221-a288f50a1590	2096155	d3cb449b-c2b1-4b50-a7f1-21203535fe61.h5ad
SEA-AD: Seattle Alzheimer’s Disease Brain Cell Atlas	6f7fd0f1-a2ed-4ff1-80d3-33dde731cbc3	1395601	83	18	10x 3' v3, 10x multiome	dorsolateral prefrontal cortex	dementia, normal	male & female	29yo-89yo, 29-year-old stage (32878), 42-year-old stage (29072), 50-year-old stage (28629), 68-year-old stage (13625), 69-year-old stage (25251), 70-year-old stage (21577), 72-year-old stage (13020), 75-year-old stage (35933), 77-year-old stage (11967), 78-year-old stage (31101), 80 year-old and over stage (726161), 80-year-old stage (30096), 81-year-old stage (50579), 82-year-old stage (56601), 83-year-old stage (48805), 84-year-old stage (26504), 85-year-old stage (14826), 86-year-old stage (51552), 87-year-old stage (36776), 88-year-old stage (65348), 89-year-old stage (45300)	nucleus	1ca90a2d-2943-483d-b678-b809bf464c30	1395601	6f7fd0f1-a2ed-4ff1-80d3-33dde731cbc3.h5ad
Comprehensive cell atlas of the first-trimester developing human brain	13149914-ea03-4f01-8bf6-b793b667127b	1321728	25	12	10x 3' v2, 10x 3' v3	basal forebrain, brain, cerebellum, cerebral subcortex, cortex, dorsal plus ventral thalamus, entorhinal cortex, forebrain, frontal cortex, hindbrain, hypothalamus, lower layers of the cortex, midbrain, midbrain tectum, occipital cortex, striatum, upper layers of the cortex	normal	unknown	prenatal-prenatal, Carnegie stage 15 (55985), Carnegie stage 16 (59667), Carnegie stage 18 (85999), Carnegie stage 20 (433730), Carnegie stage 22 (38870), 9th week post-fertilization stage (236874), 10th week post-fertilization stage (84300), 11th week post-fertilization stage (88859), 12th week post-fertilization stage (85201), 13th week post-fertilization stage (76275), 14th week post-fertilization stage (21012), 15th week post-fertilization stage (54956)	cell	4d8fed08-2d6d-4692-b5ea-464f1d072077	1665937	13149914-ea03-4f01-8bf6-b793b667127b.h5ad
Population-scale cross-disorder atlas of the human prefrontal cortex at single-cell resolution	5c97eeeb-7e52-44b3-b010-b832b1f5424c	1220642	243	25	10x 3' v3	dorsolateral prefrontal cortex	atherosclerosis, atherosclerosis || tardive dyskinesia || schizoaffective bipolar disorder, bipolar I disorder || atherosclerosis, bipolar I disorder || type 1 diabetes mellitus, bipolar I disorder || type 2 diabetes mellitus, bipolar II disorder || type 1 diabetes mellitus, bipolar II disorder || type 2 diabetes mellitus, bipolar disorder || type 2 diabetes mellitus || schizoaffective bipolar disorder, diabetes mellitus || schizophrenia, epilepsy || schizophrenia, epilepsy || schizophrenia || tardive dyskinesia, major depressive disorder || schizophrenia || atherosclerosis, normal, schizophrenia, schizophrenia || atherosclerosis, schizophrenia || tardive dyskinesia, schizophrenia || type 1 diabetes mellitus, schizophrenia || type 1 diabetes mellitus || atherosclerosis, schizophrenia || type 1 diabetes mellitus || tardive dyskinesia, schizophrenia || type 2 diabetes mellitus, schizophrenia || type 2 diabetes mellitus || tardive dyskinesia, type 1 diabetes mellitus, type 1 diabetes mellitus || atherosclerosis, type 1 diabetes mellitus || schizoaffective depressive disorder, type 2 diabetes mellitus, type 2 diabetes mellitus || atherosclerosis	male & female	1mo-85yo, 1-month-old stage (3324), 2-month-old stage (3140), 3-month-old stage (6202), 4-month-old stage (13254), 6-month-old stage (6337), 2-year-old stage (17437), 3-year-old stage (3232), 4-year-old stage (10674), 5-year-old stage (2408), 6-year-old stage (3319), 8-year-old stage (5345), 10-year-old stage (7638), 12-year-old stage (8235), 13-year-old stage (40552), 14-year-old stage (18765), 15-year-old stage (30563), 16-year-old stage (43815), 17-year-old stage (9362), 18-year-old stage (31385), 19-year-old stage (10426), 20-year-old stage (20013), 21-year-old stage (9891), 22-year-old stage (16886), 23-year-old stage (18639), 24-year-old stage (18543), 25-year-old stage (10278), 26-year-old stage (17677), 27-year-old stage (16981), 28-year-old stage (9084), 29-year-old stage (8795), 30-year-old stage (22994), 31-year-old stage (26214), 32-year-old stage (9921), 33-year-old stage (5882), 34-year-old stage (8222), 35-year-old stage (14280), 36-year-old stage (17428), 37-year-old stage (13624), 38-year-old stage (11452), 39-year-old stage (6037), 40-year-old stage (41309), 41-year-old stage (22472), 42-year-old stage (18067), 43-year-old stage (21065), 44-year-old stage (10933), 45-year-old stage (33110), 46-year-old stage (32107), 47-year-old stage (5944), 48-year-old stage (72114), 49-year-old stage (3482), 50-year-old stage (36439), 51-year-old stage (25851), 52-year-old stage (26847), 53-year-old stage (26860), 54-year-old stage (29302), 55-year-old stage (21496), 56-year-old stage (19650), 57-year-old stage (27550), 58-year-old stage (17422), 59-year-old stage (11289), 60-year-old stage (40224), 61-year-old stage (9849), 62-year-old stage (6363), 63-year-old stage (19742), 65-year-old stage (7561), 67-year-old stage (5808), 68-year-old stage (8140), 71-year-old stage (12942), 73-year-old stage (2973), 74-year-old stage (2493), 75-year-old stage (10937), 78-year-old stage (7309), 79-year-old stage (7272), 83-year-old stage (8340), 84-year-old stage (1313), 85-year-old stage (5916), unknown (1897)	nucleus	84ce6837-548d-4a1f-919f-0bc0d9a3952f	1486324	5c97eeeb-7e52-44b3-b010-b832b1f5424c.h5ad
An integrated transcriptomic cell atlas of human neural organoids	d7f5d8d0-6150-48d7-b094-c34286ad11a1	1078851	49	56	10x 3' v2, 10x 3' v3, 10x multiome, BD Rhapsody Whole Transcriptome Analysis, Drop-seq, Quartz-seq, SPLiT-seq, Smart-seq2	arcuate nucleus of hypothalamus, brain, cerebellum, cerebral cortex, dorsal plus ventral thalamus, hindbrain, midbrain tectum, midbrain tegmentum	normal	male & female, unknown	prenatal-63yo, blastula stage (161154), newborn stage (0-28 days) (6381), 4-year-old stage (6800), third decade stage (1441), 22-year-old stage (11529), 25-year-old stage (27874), 27-year-old stage (15946), 30-year-old stage (16763), fourth decade stage (105658), 36-year-old stage (119409), fifth decade stage (47041), 48-year-old stage (19612), sixth decade stage (26020), 58-year-old stage (205), seventh decade stage (83050), 63-year-old stage (29235), unknown (400733)	cell, nucleus	de379e5f-52d0-498c-9801-0f850823c847	1920454	d7f5d8d0-6150-48d7-b094-c34286ad11a1.h5ad
The integrated Human Lung Cell Atlas	9f222629-9e39-47d0-b83f-e08d610c7479	1026434	271	51	10x 3' v1, 10x 3' v2, 10x 3' v3, 10x 5' transcription profiling, 10x 5' v1, 10x 5' v2, Drop-seq, Seq-Well	lung, lung parenchyma	chronic obstructive pulmonary disease, cystic fibrosis, interstitial lung disease, normal, pulmonary fibrosis, pulmonary sarcoidosis	male & female, unknown	neonatal-81yo, newborn stage (0-28 days) (151), 1-month-old stage (1103), 3-month-old stage (988), 6-month-old stage (582), 12-month-old stage (3149), 2-year-old stage (5450), 3-year-old stage (526), 4-year-old stage (565), 7-year-old stage (6172), 12-year-old stage (192), 14-year-old stage (362), 15-year-old stage (197), 18-year-old stage (3272), 20-year-old stage (8329), 21-year-old stage (20427), 22-year-old stage (6796), 23-year-old stage (11710), 24-year-old stage (8153), 25-year-old stage (40957), 27-year-old stage (436), 29-year-old stage (11743), 30-year-old stage (13533), fourth decade stage (3771), 31-year-old stage (1208), 34-year-old stage (9134), 35-year-old stage (1296), 36-year-old stage (2542), 37-year-old stage (22734), 38-year-old stage (14401), 40-year-old stage (10865), fifth decade stage (3342), 41-year-old stage (7850), 42-year-old stage (1411), 43-year-old stage (7892), 45-year-old stage (6228), 47-year-old stage (8016), 49-year-old stage (14613), sixth decade stage (3127), 51-year-old stage (5138), 52-year-old stage (22416), 53-year-old stage (10003), 54-year-old stage (4061), 55-year-old stage (27842), 56-year-old stage (2217), 57-year-old stage (17058), 58-year-old stage (1605), 59-year-old stage (6512), 60-year-old stage (2133), seventh decade stage (1991), 62-year-old stage (15774), 63-year-old stage (7336), 64-year-old stage (17328), 65-year-old stage (2736), 67-year-old stage (12205), 69-year-old stage (4305), 71-year-old stage (3744), 72-year-old stage (5511), 73-year-old stage (5428), 75-year-old stage (302), 76-year-old stage (1182), 81-year-old stage (7808), unknown (578576)	cell, nucleus	6f6d381a-7701-4781-935c-db10d30de293	2282447	9f222629-9e39-47d0-b83f-e08d610c7479.h5ad
Integrated human endoderm-derived organoids cell atlas (HEOCA)	6725ee8e-ef5b-4e68-8901-61bd14a1fe73	694896	182	38	10x 3' v2, 10x 3' v3, 10x 5' v1, 10x multiome, CEL-seq2, SORT-seq, Seq-Well S3, Smart-seq	alveolar sac, biliary system, bronchus, colon, common bile duct, duodenum, gallbladder, ileum, intestine, intrahepatic bile duct, liver, lung, pancreas, stomach	normal	unknown	unknown, unknown (694896)	cell, nucleus	6282a908-f162-44a2-99a3-8a942e4271b2	806646	6725ee8e-ef5b-4e68-8901-61bd14a1fe73.h5ad
Population-scale cross-disorder atlas of the human prefrontal cortex at single-cell resolution	5e57cd50-8e42-42d6-940d-5c1660d06864	693682	152	25	10x 3' v3	dorsolateral prefrontal cortex	amyotrophic lateral sclerosis, dementia, dementia || Alzheimer disease, dementia || Alzheimer disease || Lewy body dementia, dementia || Alzheimer disease || Parkinson disease, dementia || Alzheimer disease || Parkinson disease || Lewy body dementia, dementia || Alzheimer disease || diabetes mellitus, dementia || Alzheimer disease || diabetes mellitus || Parkinson disease || head injury, dementia || Parkinson disease, dementia || Parkinson disease || Lewy body dementia || head injury, dementia || diabetes mellitus || Parkinson disease, dementia || frontotemporal dementia, dementia || tauopathy, dementia || vascular dementia, dementia || vascular dementia || Alzheimer disease, dementia || vascular dementia || Alzheimer disease || Parkinson disease, dementia || vascular dementia || Alzheimer disease || diabetes mellitus, dementia || vascular dementia || diabetes mellitus, diabetes mellitus, diabetes mellitus || head injury, head injury, normal, tauopathy, vascular dementia, vascular dementia || diabetes mellitus, vascular dementia || diabetes mellitus || Parkinson disease	male & female	54yo-89yo, 54-year-old stage (7103), 64-year-old stage (5906), 65-year-old stage (15796), 66-year-old stage (9044), 67-year-old stage (7711), 68-year-old stage (3984), 69-year-old stage (8469), 70-year-old stage (3906), 71-year-old stage (3997), 72-year-old stage (10524), 73-year-old stage (14824), 74-year-old stage (2530), 75-year-old stage (12273), 76-year-old stage (17549), 77-year-old stage (7474), 78-year-old stage (18117), 79-year-old stage (31359), 80 year-old and over stage (255740), 80-year-old stage (15762), 81-year-old stage (21033), 82-year-old stage (32365), 83-year-old stage (29768), 84-year-old stage (28029), 85-year-old stage (33394), 86-year-old stage (19663), 87-year-old stage (14728), 88-year-old stage (30474), 89-year-old stage (32160)	nucleus	84ce6837-548d-4a1f-919f-0bc0d9a3952f	693682	5e57cd50-8e42-42d6-940d-5c1660d06864.h5ad
Single-cell analysis of prenatal and postnatal human cortical development	1a38e762-2465-418f-b81c-6a4bce261c34	690663	103	6	10x 3' v2, 10x 3' v3, 10x multiome	cerebral cortex, cingulate cortex, frontal cortex, insular cortex, primary motor cortex, temporal cortex	normal	male & female	prenatal-54yo, fourth LMP month stage (23209), fifth LMP month stage (252789), sixth LMP month stage (25845), seventh LMP month stage (30112), eighth LMP month stage (48889), ninth LMP month stage (34292), infant stage (12842), newborn stage (0-28 days) (9369), 1-month-old stage (19291), 2-month-old stage (6540), 3-month-old stage (10388), 4-month-old stage (4277), 5-month-old stage (10272), 1-year-old stage (25137), 2-year-old stage (22476), 3-year-old stage (6897), 4-year-old stage (9863), 5-year-old stage (2726), 6-year-old stage (14490), 8-year-old stage (6557), 10-year-old stage (4454), 12-year-old stage (13261), 13-year-old stage (10370), 14-year-old stage (6187), 15-year-old stage (9584), 16-year-old stage (7243), 17-year-old stage (6430), 19-year-old stage (8930), 20-year-old stage (12915), 21-year-old stage (3607), 22-year-old stage (4802), 25-year-old stage (5781), 28-year-old stage (3213), 34-year-old stage (2084), 39-year-old stage (1547), 40-year-old stage (5894), 44-year-old stage (1947), 45-year-old stage (2624), 53-year-old stage (2563), 54-year-old stage (966)	nucleus	bacccb91-066d-4453-b70e-59de0b4598cd	709372	1a38e762-2465-418f-b81c-6a4bce261c34.h5ad
Early human lung immune cell development and its role in epithelial cell fate	350237e0-9f48-4cbd-9140-3b44495549f3	654947	44	49	10x 3' v2, 10x 5' transcription profiling	lung	normal	male & female	prenatal-prenatal, Carnegie stage 13 (13267), Carnegie stage 19 (15404), Carnegie stage 20 (61625), Carnegie stage 22 (11418), Carnegie stage 23 (24619), 9th week post-fertilization stage (29010), 10th week post-fertilization stage (27925), 11th week post-fertilization stage (27370), 12th week post-fertilization stage (16475), 13th week post-fertilization stage (86042), 14th week post-fertilization stage (41250), 15th week post-fertilization stage (143989), 16th week post-fertilization stage (35893), 17th week post-fertilization stage (92480), 21st week post-fertilization stage (28180)	cell	ec329aed-22bc-4d6e-8935-8282dcb1acac	670749	350237e0-9f48-4cbd-9140-3b44495549f3.h5ad
Pathogenic variants damage cell composition and single cell transcription in cardiomyopathies	65badd7a-9262-4fd1-9ce2-eb5dc0ca8039	488385	67	10	10x 3' v3	heart left ventricle, heart right ventricle	arrhythmogenic right ventricular cardiomyopathy, dilated cardiomyopathy, non-compaction cardiomyopathy, normal	male & female	neonatal-70yo, postnatal stage (31904), pediatric stage (13831), third decade stage (31410), fourth decade stage (65522), fifth decade stage (145773), sixth decade stage (80871), seventh decade stage (111225), eighth decade stage (7849)	nucleus	e75342a8-0f3b-4ec5-8ee1-245a23e0f7cb	881081	65badd7a-9262-4fd1-9ce2-eb5dc0ca8039.h5ad
Human developing neocortex by area	ae4f8ddd-cac9-4172-9681-2175da462f2e	457965	13	10	10x 3' v2	parietal cortex, prefrontal cortex, primary motor cortex, primary somatosensory cortex, primary visual cortex, temporal cortex	normal	unknown	prenatal-prenatal, 14th week post-fertilization stage (8028), 16th week post-fertilization stage (53747), 17th week post-fertilization stage (4012), 18th week post-fertilization stage (124495), 19th week post-fertilization stage (77534), 20th week post-fertilization stage (82009), 22nd week post-fertilization stage (38386), 25th week post-fertilization stage (69754)	cell	c8565c6a-01a1-435b-a549-f11b452a83a8	457965	ae4f8ddd-cac9-4172-9681-2175da462f2e.h5ad
Tabula Sapiens	53d208b0-2cfd-4366-9866-c3c6114081bc	450846	15	112	10x 3' v3, Smart-seq2	abdominal aorta, adipose tissue, aorta, ascending colon, brown adipose tissue, cardiac atrium, cardiac ventricle, coronary artery, cortex of kidney, duodenum, endocrine pancreas, exocrine pancreas, heart, heart right ventricle, ileum, jejunum, kidney, large intestine, left coronary artery, liver, lung, mucosa of stomach, muscle of abdomen, muscle of pelvic diaphragm, muscularis mucosae of stomach, right cardiac atrium, sigmoid colon, small intestine, stomach, stomach smooth muscle, subcutaneous adipose tissue, thoracic aorta, trachea, vasculature	normal	male & female	33yo-74yo, 33-year-old stage (14438), 36-year-old stage (7888), 37-year-old stage (20594), 38-year-old stage (2113), 45-year-old stage (36163), 56-year-old stage (60692), 59-year-old stage (95746), 60-year-old stage (103923), 61-year-old stage (84636), 67-year-old stage (12606), 74-year-old stage (12047)	cell	e5f58829-1a66-40b5-a624-9046778e74f5	1136218	53d208b0-2cfd-4366-9866-c3c6114081bc.h5ad
Automatic cell-type harmonization and integration across Human Cell Atlas datasets	364bd0c7-f7fd-48ed-99c1-ae26872b1042	437851	32	19	10x 3' v2, 10x 5' v1	heart left ventricle, heart right ventricle, left cardiac atrium, right cardiac atrium	normal	male & female	20yo-75yo, 20-year-old stage (7772), 21-year-old stage (7761), 27-year-old stage (11813), 35-year-old stage (6590), 39-year-old stage (58866), 44-year-old stage (3967), 46-year-old stage (10723), 47-year-old stage (65451), 48-year-old stage (14176), 51-year-old stage (29857), 52-year-old stage (21575), 54-year-old stage (29648), 59-year-old stage (45144), 60-year-old stage (51115), 61-year-old stage (5650), 62-year-old stage (3849), 63-year-old stage (22508), 65-year-old stage (3883), 66-year-old stage (6713), 68-year-old stage (8763), 71-year-old stage (8869), 73-year-old stage (7623), 75-year-old stage (5535)	cell, nucleus	854c0855-23ad-4362-8b77-6b1639e7a9fc	931012	364bd0c7-f7fd-48ed-99c1-ae26872b1042.h5ad
Cells of the adult human heart	d4e69e01-3ba2-4d6b-a15d-e7048f78f22e	404268	14	27	10x 3' v2, 10x 3' v3	apex of heart, heart left ventricle, heart right ventricle, left cardiac atrium, right cardiac atrium	normal	male & female	40yo-70yo, fifth decade stage (51306), sixth decade stage (136065), seventh decade stage (192840), eighth decade stage (24057)	cell, nucleus	b52eb423-5d0d-4645-b217-e1c6d38b2e72	486134	d4e69e01-3ba2-4d6b-a15d-e7048f78f22e.h5ad
Single-cell RNA-seq analysis of Interstitial Lung Disease (ILD) subtypes	f14bc322-1322-4184-8d16-409557525ea5	371954	97	33	10x 5' v2	lung	interstitial lung disease, normal, pulmonary sarcoidosis	male & female, unknown	15yo-74yo, 15-year-old stage (6), 19-year-old stage (6586), 25-year-old stage (2755), 27-year-old stage (247), 29-year-old stage (2770), 34-year-old stage (4889), 35-year-old stage (1022), 40-year-old stage (7516), 43-year-old stage (4908), 44-year-old stage (1192), 45-year-old stage (667), 47-year-old stage (427), 49-year-old stage (1386), 50-year-old stage (9991), 53-year-old stage (5443), 54-year-old stage (5767), 55-year-old stage (6308), 56-year-old stage (6205), 57-year-old stage (3784), 58-year-old stage (16364), 59-year-old stage (14106), 60-year-old stage (8993), 61-year-old stage (26215), 62-year-old stage (15576), 63-year-old stage (3581), 64-year-old stage (11586), 65-year-old stage (30455), 66-year-old stage (8374), 67-year-old stage (26700), 68-year-old stage (18453), 69-year-old stage (36976), 70-year-old stage (16413), 71-year-old stage (10938), 72-year-old stage (3252), 73-year-old stage (5219), 74-year-old stage (1558), unknown (45326)	cell	07e12576-b41b-4350-adfc-059bfc4328ea	471905	f14bc322-1322-4184-8d16-409557525ea5.h5ad
HYPOMAP: A comprehensive spatio-cellularmap of the human hypothalamus	a2c833f7-b7f1-4f4d-ad31-cae478b601b7	311964	8	8	10x 3' v3	hypothalamus	normal	male & female	59yo-94yo, 59-year-old stage (2708), 63-year-old stage (128189), 67-year-old stage (7064), 83-year-old stage (72940), 88-year-old stage (20878), 91-year-old stage (35699), 92-year-old stage (4911), 94-year-old stage (39575)	nucleus	d0941303-7ce3-4422-9249-cf31eb98c480	433369	a2c833f7-b7f1-4f4d-ad31-cae478b601b7.h5ad
Construction of a human cell landscape at single-cell level	2adb1f8a-a6b1-4909-8ee8-484814e2d4bf	303765	31	43	microwell-seq	adipose tissue, artery, ascending colon, brain, cerebellum, duodenum, esophagus, gallbladder, heart, ileum, intestine, jejunum, kidney, liver, lung, pancreas, rectum, sigmoid colon, spinal cord, stomach, trachea, transverse colon	normal	male & female	prenatal-83yo, 10th week post-fertilization stage (1338), 11th week post-fertilization stage (44546), 12th week post-fertilization stage (30380), 13th week post-fertilization stage (23499), 26th week post-fertilization stage (26906), embryonic stage (1322), 21-year-old stage (16259), 23-year-old stage (4384), 36-year-old stage (1372), 41-year-old stage (13333), 43-year-old stage (9727), 45-year-old stage (14344), 46-year-old stage (19601), 47-year-old stage (12503), 49-year-old stage (9603), 51-year-old stage (5765), 52-year-old stage (10366), 55-year-old stage (7324), 56-year-old stage (8668), 57-year-old stage (3849), 59-year-old stage (4669), 62-year-old stage (8076), 64-year-old stage (5549), 66-year-old stage (9153), 83-year-old stage (11229)	cell	38833785-fac5-48fd-944a-0f62a4c23ed1	598266	2adb1f8a-a6b1-4909-8ee8-484814e2d4bf.h5ad
An atlas of healthy and injured cell states and niches in the human kidney (Version 1.5)	a12ccb9b-4fbe-457d-8590-ac78053259ef	287031	79	26	10x 3' v3	cortex of kidney, kidney, renal medulla	acute kidney failure, chronic kidney disease, normal	male & female	14yo-76yo, 14-year-old stage (2135), third decade stage (12594), 29-year-old stage (4718), fourth decade stage (44177), fifth decade stage (24960), 45-year-old stage (3014), sixth decade stage (47254), 54-year-old stage (1897), 57-year-old stage (1377), seventh decade stage (79524), 63-year-old stage (4308), 66-year-old stage (4950), 69-year-old stage (3041), eighth decade stage (33825), 76-year-old stage (19257)	nucleus	0f528c8a-a25c-4840-8fa3-d156fa11086f	304989	a12ccb9b-4fbe-457d-8590-ac78053259ef.h5ad
Single-cell integration reveals metaplasia in inflammatory gut diseases	19053a82-9c89-4fb8-bd19-d7b1800b0b7b	284191	79	84	10x 3' v1, 10x 3' v2, 10x 3' v3, 10x 5' transcription profiling, 10x 5' v1, 10x 5' v2	ascending colon, body of stomach, colon, colonic epithelium, colonic mucosa, duodenum, epithelium of small intestine, epithelium of stomach, esophagus, ileum, ileum lamina propria, intestine, lamina propria of mucosa of colon, lamina propria of small intestine, rectum, sigmoid colon, small intestine, stomach	normal	male & female, unknown	prenatal-87yo, Carnegie stage 16 (8132), 21st week post-fertilization stage (1526), newborn stage (0-28 days) (1413), 2-month-old stage (8099), pediatric stage (8352), juvenile stage (5-14 yo) (14274), adult stage (15970), prime adult stage (31620), 20-year-old stage (479), third decade stage (15683), 22-year-old stage (16), 23-year-old stage (3865), 29-year-old stage (3601), 30-year-old stage (4616), 31-year-old stage (24252), 33-year-old stage (3184), 36-year-old stage (221), 37-year-old stage (255), 41-year-old stage (4013), 43-year-old stage (2009), 44-year-old stage (2170), 45-year-old stage (5427), 46-year-old stage (256), 48-year-old stage (4265), 50-year-old stage (1353), 51-year-old stage (4570), 52-year-old stage (8897), 54-year-old stage (4015), 55-year-old stage (19891), 56-year-old stage (3289), 58-year-old stage (5698), 59-year-old stage (7189), 60-year-old stage (1106), seventh decade stage (12579), 61-year-old stage (1440), 62-year-old stage (3841), 65-year-old stage (3915), 66-year-old stage (4659), 72-year-old stage (8644), 74-year-old stage (12179), 75-year-old stage (2914), 77-year-old stage (1377), 81-year-old stage (2230), 84-year-old stage (2700), 85-year-old stage (1663), 87-year-old stage (6344)	cell	f11cb29c-b546-4738-9bd8-66ea621a7bd5	1596200	19053a82-9c89-4fb8-bd19-d7b1800b0b7b.h5ad
Plaque Atlas	72955cdb-bd92-4135-aa52-21f33f9640db	259116	73	12	10x 3' v2, 10x 3' v3	carotid artery segment, coronary artery, femoral artery	atherosclerosis	male & female, unknown	46yo-89yo, 46-year-old stage (3735), 54-year-old stage (2887), 58-year-old stage (5991), 59-year-old stage (3214), 62-year-old stage (5443), 64-year-old stage (11035), 65-year-old stage (15428), 66-year-old stage (7727), 67-year-old stage (9635), 71-year-old stage (4201), 74-year-old stage (3909), 75-year-old stage (10241), 76-year-old stage (7708), 77-year-old stage (1647), 78-year-old stage (4030), 79-year-old stage (1951), 80-year-old stage (4215), 81-year-old stage (4016), 82-year-old stage (10096), 83-year-old stage (2614), 87-year-old stage (14148), 89-year-old stage (2561), unknown (122684)	cell	db70986c-7d91-49fe-a399-a4730be394ac	259116	72955cdb-bd92-4135-aa52-21f33f9640db.h5ad
Transcriptomic and spatial dissection of human ex vivo right atrial tissue reveals proinflammatory microvascular changes in ischemic heart disease	f1606894-59df-4794-a37f-baa7c6fb6de1	257304	33	11	10x 3' v3	right atrium auricular region	coronary artery disorder, myocardial infarction, normal	male & female	40yo-80yo, fifth decade stage (6905), sixth decade stage (38862), seventh decade stage (101227), eighth decade stage (94646), ninth decade stage (15664)	nucleus	8c782494-01ed-491b-97b9-6f0d3b76c676	392819	f1606894-59df-4794-a37f-baa7c6fb6de1.h5ad
A pancreatic islet scRNA-seq atlas from 48 non-diabetic, prediabetic and type 2 diabetic individuals of matched demographic and ethnic backgrounds	e51bae9a-c747-4b64-904a-4da7cda218ab	245878	48	12	10x 3' v2, 10x 3' v3	islet of Langerhans	normal, prediabetes syndrome, type 2 diabetes mellitus	male & female	21yo-66yo, 21-year-old stage (3620), 25-year-old stage (2712), 26-year-old stage (4468), 30-year-old stage (5574), 32-year-old stage (5655), 34-year-old stage (5385), 35-year-old stage (13244), 37-year-old stage (16656), 38-year-old stage (6159), 40-year-old stage (5244), 42-year-old stage (2820), 45-year-old stage (5549), 48-year-old stage (14921), 49-year-old stage (4680), 50-year-old stage (16764), 51-year-old stage (16531), 52-year-old stage (22216), 53-year-old stage (26168), 54-year-old stage (8591), 55-year-old stage (3442), 57-year-old stage (3494), 58-year-old stage (12896), 59-year-old stage (5112), 60-year-old stage (14629), 61-year-old stage (3910), 62-year-old stage (9080), 63-year-old stage (2354), 66-year-old stage (4004)	cell	58e85c2f-d52e-4c19-8393-b854b84d516e	245878	e51bae9a-c747-4b64-904a-4da7cda218ab.h5ad
Transcriptomic cytoarchitecture reveals principles of human neocortex organization	8d1dd010-5cbc-43fb-83f8-e0de8e8517da	241077	5	18	10x 3' v3	primary visual cortex	normal	male & female	29yo-60yo, 29-year-old stage (46881), 42-year-old stage (50697), 43-year-old stage (40494), 50-year-old stage (72382), 60-year-old stage (30623)	nucleus	d17249d2-0e6e-4500-abb8-e6c93fa1ac6f	241077	8d1dd010-5cbc-43fb-83f8-e0de8e8517da.h5ad
Multimodal profiling reveals tissue-directed signatures of human immune cells altered with age	1b350d0a-4535-4879-beb6-1142f3f94947	234006	23	31	10x 3' v3, 10x 5' v2	colonic epithelium, jejunum lamina propria, lamina propria of mucosa of colon, liver, lung	normal	male & female	20yo-75yo, 20-year-old stage (9136), third decade stage (19819), 23-year-old stage (15663), 25-year-old stage (24446), 27-year-old stage (17301), fourth decade stage (3202), 33-year-old stage (12708), fifth decade stage (14642), 48-year-old stage (12711), sixth decade stage (14617), 56-year-old stage (20150), 64-year-old stage (11404), 67-year-old stage (16761), 68-year-old stage (15261), eighth decade stage (9184), 73-year-old stage (11127), 75-year-old stage (5874)	cell	cc431242-35ea-41e1-a100-41e0dec2665b	1281499	1b350d0a-4535-4879-beb6-1142f3f94947.h5ad
Cells of the human intestinal tract mapped across space and time	80a2c5b6-02e7-4fc0-9f12-179f5247c1bc	233140	16	82	10x 3' v2, 10x 5' v2	ascending colon, colon, descending colon, duodenum, ileum, jejunum, large intestine, rectum, sigmoid colon, small intestine, transverse colon	normal	male & female	prenatal-70yo, Carnegie stage 16 (11026), 11th week post-fertilization stage (34177), 12th week post-fertilization stage (8379), 15th week post-fertilization stage (47836), 16th week post-fertilization stage (24767), 17th week post-fertilization stage (8964), 4-year-old stage (7585), third decade stage (23592), fifth decade stage (8019), sixth decade stage (30026), seventh decade stage (23789), eighth decade stage (4980)	cell	e33ffcd3-7cbf-4b8c-b0f4-85587ad5019a	428469	80a2c5b6-02e7-4fc0-9f12-179f5247c1bc.h5ad
Mapping the developing human immune system across organs	fd072bc3-2dfb-46f8-b4e3-467cb3223182	230001	14	64	10x 3' v2, 10x 5' v1	kidney, liver	normal	male & female	prenatal-prenatal, Carnegie stage 19 (13034), Carnegie stage 20 (32200), Carnegie stage 22 (13798), Carnegie stage 23 (26280), 9th week post-fertilization stage (25391), 10th week post-fertilization stage (15644), 11th week post-fertilization stage (7793), 13th week post-fertilization stage (19544), 14th week post-fertilization stage (14698), 15th week post-fertilization stage (19178), 16th week post-fertilization stage (9772), 17th week post-fertilization stage (32669)	cell	b1a879f6-5638-48d3-8f64-f6592c1b1561	908046	fd072bc3-2dfb-46f8-b4e3-467cb3223182.h5ad
An atlas of healthy and injured cell states and niches in the human kidney (Version 1.5)	dea717d4-7bc0-4e46-950f-fd7e1cc8df7d	225177	77	25	10x 3' v3	kidney	acute kidney failure, chronic kidney disease, normal	male & female	20yo-80yo, third decade stage (8289), 30-year-old stage (1516), fourth decade stage (33053), 31-year-old stage (2078), 35-year-old stage (2923), 39-year-old stage (1053), 40-year-old stage (907), fifth decade stage (9247), 41-year-old stage (1395), 42-year-old stage (2666), 47-year-old stage (807), 48-year-old stage (574), 49-year-old stage (1152), sixth decade stage (31813), 52-year-old stage (1510), 53-year-old stage (3795), 56-year-old stage (2776), 57-year-old stage (1568), seventh decade stage (80653), 66-year-old stage (597), eighth decade stage (29022), ninth decade stage (7783)	cell	0f528c8a-a25c-4840-8fa3-d156fa11086f	225177	dea717d4-7bc0-4e46-950f-fd7e1cc8df7d.h5ad
A spatially resolved atlas of the human lung characterizes a gland-associated immune niche	093d3bfe-6f0f-4ac0-a7a1-829f94d0a49f	193108	10	60	10x 3' v2, 10x 3' v3, 10x 5' transcription profiling	bronchus, lower lobe of left lung, lung, trachea, upper lobe of left lung	normal	male & female	29yo-75yo, 29-year-old stage (806), 35-year-old stage (27004), sixth decade stage (8479), 58-year-old stage (23094), 59-year-old stage (20690), seventh decade stage (27277), 64-year-old stage (43777), 66-year-old stage (16294), 75-year-old stage (25687)	cell, nucleus	c1241244-b22d-483d-875b-75699efb9f3c	193108	093d3bfe-6f0f-4ac0-a7a1-829f94d0a49f.h5ad
Spatial multi-omic map of human myocardial infarction	1c739a3e-c3f5-49d5-98e0-73975e751201	191795	20	11	10x 3' v3	heart left ventricle	myocardial infarction, normal	male & female	38yo-74yo, 38-year-old stage (6043), 40-year-old stage (6279), 43-year-old stage (9365), 44-year-old stage (45495), 47-year-old stage (11250), 51-year-old stage (3654), 52-year-old stage (24427), 55-year-old stage (10682), 57-year-old stage (20677), 58-year-old stage (6140), 59-year-old stage (8567), 60-year-old stage (6256), 61-year-old stage (8692), 63-year-old stage (13270), 64-year-old stage (5306), 66-year-old stage (3073), 74-year-old stage (2619)	nucleus	8191c283-0816-424b-9b61-c3e1d6258a77	191795	1c739a3e-c3f5-49d5-98e0-73975e751201.h5ad
Transcriptomic and spatial dissection of human ex vivo right atrial tissue reveals proinflammatory microvascular changes in ischemic heart disease	8f4f8502-9170-4ac2-9707-3b6985ebfe5f	173655	38	12	10x 3' v3	right atrium auricular region	heart failure, myocardial ischemia, normal	male & female	40yo-80yo, fifth decade stage (30909), sixth decade stage (30858), seventh decade stage (61473), eighth decade stage (37861), ninth decade stage (12554)	nucleus	8c782494-01ed-491b-97b9-6f0d3b76c676	221756	8f4f8502-9170-4ac2-9707-3b6985ebfe5f.h5ad
Molecular and cellular evolution of the primate dorsolateral prefrontal cortex	3c361813-5d5e-4868-bfe5-e7591e7b5381	172120	4	25	10x 3' v3	dorsolateral prefrontal cortex	normal	male & female	19yo-64yo, 19-year-old stage (49498), 36-year-old stage (39406), 50-year-old stage (38098), 64-year-old stage (45118)	nucleus	e1fa9900-3fc9-4b57-9dce-c95724c88716	172120	3c361813-5d5e-4868-bfe5-e7591e7b5381.h5ad
Spatial proteogenomics reveals distinct and evolutionarily conserved hepatic macrophage niches	e84f2780-51e8-4cfa-8aa0-13bbfef677c7	167598	19	14	10x 3' v2, 10x 3' v3	liver	normal	male & female	18yo-77yo, adult stage (39132), 28-year-old stage (3013), 33-year-old stage (11), 46-year-old stage (6295), 49-year-old stage (9350), 53-year-old stage (2212), 55-year-old stage (7741), 58-year-old stage (5403), 64-year-old stage (1480), 66-year-old stage (22272), 67-year-old stage (58), 68-year-old stage (8111), 72-year-old stage (23897), 73-year-old stage (14539), 75-year-old stage (15560), 77-year-old stage (8524)	cell, nucleus	74e10dc4-cbb2-4605-a189-8a1cd8e44d8c	167598	e84f2780-51e8-4cfa-8aa0-13bbfef677c7.h5ad
A single-cell atlas of human and mouse white adipose tissue	ca46ffe6-0a26-4d8d-82fa-81722daf1102	166149	22	16	10x 3' v3, Drop-seq	omental fat pad, subcutaneous adipose tissue	normal	male & female	24yo-73yo, 24-year-old stage (15805), 29-year-old stage (18234), 35-year-old stage (13316), 36-year-old stage (16416), 41-year-old stage (44037), 49-year-old stage (4555), 51-year-old stage (2039), 53-year-old stage (10445), 54-year-old stage (417), 57-year-old stage (5711), 58-year-old stage (2066), 59-year-old stage (3907), 68-year-old stage (12556), 71-year-old stage (4607), 73-year-old stage (12038)	cell, nucleus	fe0e718d-2ee9-42cc-894b-0b490f437dfd	166149	ca46ffe6-0a26-4d8d-82fa-81722daf1102.h5ad
Automatic cell-type harmonization and integration across Human Cell Atlas datasets	15d374d6-0dfd-4d8e-ade7-81f73dc921ee	165109	27	16	10x 3' v2, 10x 3' v3, 10x 5' v1	skeletal muscle organ, vertebrate	normal	male & female, unknown	19yo-90yo, 19-year-old stage (4150), 20-year-old stage (6176), 21-year-old stage (24634), 22-year-old stage (14685), 43-year-old stage (3710), 54-year-old stage (4162), 62-year-old stage (3998), 70-year-old stage (12525), 71-year-old stage (885), 72-year-old stage (12351), 74-year-old stage (799), 75-year-old stage (16504), 76-year-old stage (8790), 77-year-old stage (727), 79-year-old stage (14979), 81-year-old stage (6066), 82-year-old stage (7887), 90-year-old stage (22081)	cell, nucleus	854c0855-23ad-4362-8b77-6b1639e7a9fc	201575	15d374d6-0dfd-4d8e-ade7-81f73dc921ee.h5ad
Neural Organoid Hormonal Atlas (NOHA)	64267fb5-7b70-4705-a13b-cc38966c22a8	163714	2	2	10x 3' v3	forebrain	normal	male & female	prenatal-prenatal, Carnegie stage 01 (163714)	cell	2bebc4ae-69a2-4001-9d2f-091ec9b4020c	163714	64267fb5-7b70-4705-a13b-cc38966c22a8.h5ad
Cortical brain samples from C9-ALS, C9-ALS/FTD, C9-FTD patients and age matched controls	98f5d518-1e60-4307-b732-ab045cd3cbc2	160658	21	6	10x 3' v3	frontal cortex	amyotrophic lateral sclerosis, amyotrophic lateral sclerosis 26 with or without frontotemporal dementia, normal	male & female	43yo-73yo, 43-year-old stage (7575), 47-year-old stage (14294), 50-year-old stage (5684), 51-year-old stage (7799), 54-year-old stage (4707), 56-year-old stage (12721), 58-year-old stage (8353), 59-year-old stage (14028), 61-year-old stage (15622), 66-year-old stage (15143), 68-year-old stage (13733), 70-year-old stage (5969), 71-year-old stage (16211), 72-year-old stage (8535), 73-year-old stage (10284)	nucleus	aee9c366-f2fb-470b-8937-577d5d87d3fc	160658	98f5d518-1e60-4307-b732-ab045cd3cbc2.h5ad
Transcriptomic cytoarchitecture reveals principles of human neocortex organization	93cb76aa-a84b-4a92-8e6c-66a914e26d4c	153159	5	18	10x 3' v3	primary somatosensory cortex	normal	male & female	29yo-60yo, 29-year-old stage (39644), 42-year-old stage (41102), 43-year-old stage (4774), 50-year-old stage (58969), 60-year-old stage (8670)	nucleus	d17249d2-0e6e-4500-abb8-e6c93fa1ac6f	153159	93cb76aa-a84b-4a92-8e6c-66a914e26d4c.h5ad
Charting human development using a multi-endodermal organ atlas and organoid models	9968be68-ab65-4a38-9e1a-c9b6abece194	151204	14	20	10x 3' v2, 10x 3' v3	body of stomach, colon, duodenum, epithelium of trachea, esophagus, ileum, jejunum, liver, lung, small intestine, stomach	normal	male & female	prenatal-prenatal, 9th week post-fertilization stage (5115), 11th week post-fertilization stage (3774), 12th week post-fertilization stage (26108), 13th week post-fertilization stage (1387), 15th week post-fertilization stage (40867), 17th week post-fertilization stage (3440), 18th week post-fertilization stage (32935), 19th week post-fertilization stage (24600), 21st week post-fertilization stage (3674), embryonic stage (9304)	cell	dfc09a93-bce0-4c77-893d-e153d1b7f9fa	155232	9968be68-ab65-4a38-9e1a-c9b6abece194.h5ad
Cross-dementia human brain snRNA-seq (Rexach et al 2024)	ac0c6561-7a48-4185-af6f-af799f699172	147262	18	9	10x 3' v2, 10x 3' v3	insular cortex, primary visual cortex	Alzheimer disease, normal	male & female	58yo-80yo+, 58-year-old stage (16284), 60-79 year-old stage (90406), 60-year-old stage (10197), 61-year-old stage (7688), 64-year-old stage (9646), 80 year-old and over stage (13041)	nucleus	c53573b2-eff4-4c5e-9ad0-b24d422dfd9b	432555	ac0c6561-7a48-4185-af6f-af799f699172.h5ad
Cellular development and evolution of the mammalian cerebellum	bab7432a-5cfe-45ea-928c-422d03c45cdd	146377	23	25	10x 3' v2, 10x 3' v3	cerebellar cortex, cerebellum, cerebellum vermis lobule	acute myocardial infarction, normal	male & female	prenatal-46yo, Carnegie stage 18 (6650), Carnegie stage 19 (6087), Carnegie stage 22 (39300), 9th week post-fertilization stage (13847), 11th week post-fertilization stage (13445), 17th week post-fertilization stage (13197), 20th week post-fertilization stage (7849), newborn stage (0-28 days) (11141), 6-month-old stage (3181), 7-month-old stage (4985), 9-month-old stage (4462), 3-year-old stage (14200), 46-year-old stage (8033)	nucleus	72d37bc9-76cc-442d-9131-da0e273862db	180956	bab7432a-5cfe-45ea-928c-422d03c45cdd.h5ad
Transcriptomic cytoarchitecture reveals principles of human neocortex organization	e2808a6e-e2ea-41b9-b38c-4a08f1677f02	139054	5	18	10x 3' v3	primary auditory cortex	normal	male & female	29yo-60yo, 29-year-old stage (38035), 42-year-old stage (40447), 43-year-old stage (6414), 50-year-old stage (38142), 60-year-old stage (16016)	nucleus	d17249d2-0e6e-4500-abb8-e6c93fa1ac6f	139054	e2808a6e-e2ea-41b9-b38c-4a08f1677f02.h5ad
Single-nucleus cross-tissue molecular reference maps to decipher disease gene function	4ed927e9-c099-49af-b8ce-a2652d069333	136908	7	32	10x 3' v2	anterior wall of left ventricle, esophagus muscularis mucosa, gastrocnemius, lingula of left lung	normal	male & female	20yo-70yo, third decade stage (10914), fifth decade stage (12505), sixth decade stage (72967), seventh decade stage (19565), eighth decade stage (20957)	nucleus	a3ffde6c-7ad2-498a-903c-d58e732f7470	209126	4ed927e9-c099-49af-b8ce-a2652d069333.h5ad
Transcriptomic cytoarchitecture reveals principles of human neocortex organization	be401db3-d732-408a-b0c4-71af0458b8ab	135462	5	18	10x 3' v3	anterior cingulate cortex	normal	male & female	29yo-60yo, 29-year-old stage (35470), 42-year-old stage (25585), 43-year-old stage (8837), 50-year-old stage (64358), 60-year-old stage (1212)	nucleus	d17249d2-0e6e-4500-abb8-e6c93fa1ac6f	135462	be401db3-d732-408a-b0c4-71af0458b8ab.h5ad
The landscape of immune dysregulation in Crohn’s disease revealed through single-cell transcriptomic profiling in the ileum and colon	a37f857c-779f-464e-9310-3db43a1811e7	129568	36	18	10x 3' v2, 10x 3' v3	epithelium of small intestine, ileum, ileum lamina propria, lamina propria of small intestine, small intestine	normal	male & female	20yo-70yo, third decade stage (20708), fourth decade stage (22186), fifth decade stage (7546), sixth decade stage (19582), seventh decade stage (52148), eighth decade stage (7398)	cell	5c868b6f-62c5-4532-9d7f-a346ad4b50a7	201072	a37f857c-779f-464e-9310-3db43a1811e7.h5ad
Human CellCards Multi-Study CellRef 1.0 Atlas	eb499fd8-7000-419f-8854-926b9b61b11f	122445	21	46	10x 3' v2, 10x 3' v3	lung	normal	male & female	12yo-76yo, 12-year-old stage (3774), 13-year-old stage (10090), 17-year-old stage (2925), 20-year-old stage (2166), 23-year-old stage (4682), 25-year-old stage (7267), 29-year-old stage (9368), 35-year-old stage (9625), 39-year-old stage (1820), 42-year-old stage (4112), 45-year-old stage (1587), 50-year-old stage (615), 51-year-old stage (11975), 52-year-old stage (17624), 57-year-old stage (6045), 59-year-old stage (2892), 68-year-old stage (2651), 69-year-old stage (2735), 70-year-old stage (8625), 76-year-old stage (11867)	cell	f86d6317-7215-409e-bfda-3f4ded3dadaa	347970	eb499fd8-7000-419f-8854-926b9b61b11f.h5ad
Cortical brain samples from C9-ALS, C9-ALS/FTD, C9-FTD patients and age matched controls	0bc7235a-ae5a-479d-a487-510435377e55	120807	21	6	10x 3' v3	occipital cortex	amyotrophic lateral sclerosis, amyotrophic lateral sclerosis 26 with or without frontotemporal dementia, normal	male & female	43yo-73yo, 43-year-old stage (7561), 47-year-old stage (7446), 50-year-old stage (6981), 51-year-old stage (7897), 54-year-old stage (3587), 56-year-old stage (8040), 58-year-old stage (9093), 59-year-old stage (4734), 61-year-old stage (13210), 66-year-old stage (11760), 68-year-old stage (12988), 70-year-old stage (5720), 71-year-old stage (6889), 72-year-old stage (5400), 73-year-old stage (9501)	nucleus	aee9c366-f2fb-470b-8937-577d5d87d3fc	120807	0bc7235a-ae5a-479d-a487-510435377e55.h5ad
Human Brain Cell Atlas v1.0	f32c2c13-bb1a-4ffd-a457-60b64ecfa4cb	116576	4	11	10x 3' v3	cerebral cortex	normal	male & female	29yo-60yo, 29-year-old stage (12842), 42-year-old stage (12976), 50-year-old stage (39687), 60-year-old stage (51071)	nucleus	283d65eb-dd53-496d-adb7-7570c7caa443	116576	f32c2c13-bb1a-4ffd-a457-60b64ecfa4cb.h5ad
A Unique Cellular Organization of Human Distal Airways and Its Disarray in Chronic Obstructive Pulmonary Disease	b61a921b-7fa3-4b42-b455-aaaf32447920	115788	17	44	10x 3' v2, 10x 3' v3	bronchus, segmental bronchus, terminal bronchus	chronic obstructive pulmonary disease, normal	male & female	11yo-67yo, 11-year-old stage (3853), 12-year-old stage (6914), 20-year-old stage (3334), 24-year-old stage (1857), 32-year-old stage (15775), 37-year-old stage (14069), 39-year-old stage (9723), 41-year-old stage (8915), 56-year-old stage (1943), 57-year-old stage (5519), 58-year-old stage (3599), 61-year-old stage (5037), 63-year-old stage (20535), 65-year-old stage (3997), 66-year-old stage (5936), 67-year-old stage (4782)	cell	4f30b962-d49b-4624-a233-64f048cf8632	115788	b61a921b-7fa3-4b42-b455-aaaf32447920.h5ad
A Coding and Non-Coding Atlas of the Human Arterial Cell	43245158-5ae1-4e71-a9a6-67eef49c26bc	113304	6	7	10x 3' v3	abdominal aorta, arch of aorta, ascending aorta, bulb of aorta, carotid artery segment, coronary artery, descending aorta, iliac artery, pulmonary artery, right coronary artery	normal	male & female	38yo-69yo, 38-year-old stage (15678), 39-year-old stage (23037), 46-year-old stage (28189), 48-year-old stage (6904), 67-year-old stage (19311), 69-year-old stage (20185)	cell	8f17ac63-aaba-44b5-9b78-60f121da4c2f	113304	43245158-5ae1-4e71-a9a6-67eef49c26bc.h5ad
Cortical brain samples from C9-ALS, C9-ALS/FTD, C9-FTD patients and age matched controls	3b8b5de4-3aa1-4ac6-8890-8d03c8219981	113106	16	6	10x 3' v3	frontal cortex	frontotemporal dementia, normal	male & female	58yo-96yo, 58-year-old stage (13166), 62-year-old stage (6161), 63-year-old stage (7887), 65-year-old stage (4927), 66-year-old stage (6856), 67-year-old stage (6126), 68-year-old stage (5788), 70-year-old stage (3951), 73-year-old stage (13662), 74-year-old stage (5500), 82-year-old stage (4894), 83-year-old stage (6357), 84-year-old stage (6718), 86-year-old stage (7519), 88-year-old stage (6208), 96-year-old stage (7386)	nucleus	aee9c366-f2fb-470b-8937-577d5d87d3fc	113106	3b8b5de4-3aa1-4ac6-8890-8d03c8219981.h5ad
Spatially organized multicellular immune hubs in human colorectal cancer	16023185-de21-4c0d-a9c8-73abdd52d142	112864	36	43	10x 3' v2, 10x 3' v3	colorectum	normal	male & female	35yo-90yo, 35-year-old stage (6878), 42-year-old stage (1961), 47-year-old stage (6726), 48-year-old stage (47), 49-year-old stage (6488), 50-year-old stage (2302), 51-year-old stage (2038), 52-year-old stage (606), 53-year-old stage (2363), 55-year-old stage (2967), 56-year-old stage (3091), 58-year-old stage (10450), 59-year-old stage (2506), 60-year-old stage (7022), 61-year-old stage (4057), 62-year-old stage (8184), 67-year-old stage (1466), 69-year-old stage (1547), 72-year-old stage (2803), 73-year-old stage (786), 76-year-old stage (5129), 77-year-old stage (3859), 81-year-old stage (20374), 82-year-old stage (3764), 89-year-old stage (4506), 90-year-old stage (944)	cell	4d82bd8e-8827-410b-8fc7-685b7dd92585	370115	16023185-de21-4c0d-a9c8-73abdd52d142.h5ad
Chromatin accessibility during human first-trimester neurodevelopment	19f1bec6-eeb7-4133-accc-992d745fef89	110246	6	28	10x multiome	brain, cerebellum, hindbrain, midbrain	normal	male & female	prenatal-prenatal, 10th week post-fertilization stage (22782), 12th week post-fertilization stage (40071), 13th week post-fertilization stage (14557), embryonic stage (32836)	nucleus	a66d41a7-f1de-4b70-b983-7a4b790a0d5d	166785	19f1bec6-eeb7-4133-accc-992d745fef89.h5ad
Ischemia Reperfusion Responses in Human Lung Transplants at the Single Cell Resolution	429d21fd-bb9a-4abf-922b-c15138524bdd	108613	12	13	10x 3' v3	lingula of left lung, lower lobe of right lung, middle lobe of right lung, upper lobe of left lung, upper lobe of right lung	normal	male & female	19yo-71yo, 19-year-old stage (13315), 28-year-old stage (13655), 36-year-old stage (18291), 37-year-old stage (23514), 43-year-old stage (8), 51-year-old stage (23343), 55-year-old stage (392), 64-year-old stage (612), 65-year-old stage (542), 66-year-old stage (14536), 71-year-old stage (405)	cell	9f29fcd0-7075-4420-bd61-e2ec1aebad89	108613	429d21fd-bb9a-4abf-922b-c15138524bdd.h5ad
Human Brain Cell Atlas v1.0	e1f595f6-ba2c-495e-9bee-7056f116b1e4	107301	3	10	10x 3' v3	cerebral cortex	normal	male	29yo-50yo, 29-year-old stage (33562), 42-year-old stage (26862), 50-year-old stage (46877)	nucleus	283d65eb-dd53-496d-adb7-7570c7caa443	107301	e1f595f6-ba2c-495e-9bee-7056f116b1e4.h5ad
Bronchopulmonary Dysplasia	d68a8b48-abf0-4bd5-8834-155d34ec448a	104533	8	39	10x 3' v3	middle lobe of right lung	normal	male & female	5mo-1yo, 5-month-old stage (9784), 6-month-old stage (15929), 7-month-old stage (13335), 11-month-old stage (13602), 14-month-old stage (10519), 15-month-old stage (15034), 20-month-old stage (14369), 21-month-old stage (11961)	nucleus	3a5dbf8a-9b3e-4309-b4c5-d8a024f83734	271381	d68a8b48-abf0-4bd5-8834-155d34ec448a.h5ad
Protracted Neuronal Recruitment in the Temporal Lobe of Young Children	ecce9688-66ea-4600-98f7-84aed7421c01	104240	12	10	10x 3' v3	entorhinal cortex	normal	male & female	prenatal-79yo, 21st week post-fertilization stage (11050), newborn stage (0-28 days) (15432), 1-month-old stage (12544), 2-month-old stage (14454), 2-year-old stage (8363), 3-year-old stage (4033), 13-year-old stage (6948), 27-year-old stage (5869), 50-year-old stage (4559), 51-year-old stage (8445), 79-year-old stage (12543)	nucleus	cae8bad0-39e9-4771-85a7-822b0e06de9f	124917	ecce9688-66ea-4600-98f7-84aed7421c01.h5ad
The landscape of immune dysregulation in Crohn’s disease revealed through single-cell transcriptomic profiling in the ileum and colon	fe4b89d5-461e-440c-a5a8-621b37b122c0	96355	36	8	10x 3' v2, 10x 3' v3	epithelium of small intestine, ileum, ileum lamina propria, lamina propria of small intestine, small intestine	normal	male & female	20yo-70yo, third decade stage (7172), fourth decade stage (10044), fifth decade stage (1400), sixth decade stage (7640), seventh decade stage (58415), eighth decade stage (11684)	cell	5c868b6f-62c5-4532-9d7f-a346ad4b50a7	154136	fe4b89d5-461e-440c-a5a8-621b37b122c0.h5ad
Single-soma transcriptomics of tangle-bearing neurons in Alzheimer’s disease	85c60876-7f35-40c5-a256-7808d84c6ba5	96129	16	1	10x 3' v2, 10x 3' v3	prefrontal cortex	Alzheimer disease, normal	male & female	57yo-89yo, 57-year-old stage (6154), 61-year-old stage (4710), 62-year-old stage (7417), 66-year-old stage (5572), 67-year-old stage (13070), 68-year-old stage (6285), 71-year-old stage (5185), 72-year-old stage (5632), 73-year-old stage (4051), 79-year-old stage (6969), 80 year-old and over stage (7574), 81-year-old stage (9246), 87-year-old stage (5616), 89-year-old stage (8648)	cell	b953c942-f5d8-434f-9da7-e726ba7c1481	96129	85c60876-7f35-40c5-a256-7808d84c6ba5.h5ad
Molecular and cellular dynamics of the developing human neocortex at single-cell resolution	aa369999-a034-4ad9-b459-8a93c86ea77b	90566	13	29	10x multiome	forebrain, neocortex, prefrontal cortex, visual cortex	normal	male & female	prenatal-prenatal, Carnegie stage 21 (3201), Carnegie stage 23 (5619), 9th week post-fertilization stage (10180), 11th week post-fertilization stage (4814), 12th week post-fertilization stage (6088), 13th week post-fertilization stage (4947), 14th week post-fertilization stage (13352), 16th week post-fertilization stage (14767), 18th week post-fertilization stage (10786), 21st week post-fertilization stage (14785), 26th week post-fertilization stage (2027)	nucleus	ad2149fc-19c5-41de-8cfe-44710fbada73	232328	aa369999-a034-4ad9-b459-8a93c86ea77b.h5ad
scRNA-seq assessment of the human lung, spleen, and esophagus tissue stability after cold preservation	b07fb54c-d7ad-4995-8bb0-8f3d8611cabe	87947	6	15	10x 3' v2	epithelium of esophagus	normal	male & female	30yo-60yo, fourth decade stage (11730), fifth decade stage (23167), sixth decade stage (23159), seventh decade stage (29891)	cell	4d74781b-8186-4c9a-b659-ff4dc4601d91	87947	b07fb54c-d7ad-4995-8bb0-8f3d8611cabe.h5ad
Single-cell RNA sequencing unifies developmental programs of Esophageal and Gastric Intestinal Metaplasia	7bb64315-9e5a-41b9-9235-59acf9642a3e	81427	35	31	10x 3' v2, 10x 3' v3, 10x 5' v1	body of stomach, cardia of stomach, duodenum, lower esophagus	normal	male & female, unknown	29yo-86yo, 29-year-old stage (2154), 34-year-old stage (902), 41-year-old stage (1064), 42-year-old stage (1027), 43-year-old stage (1996), 45-year-old stage (2541), 48-year-old stage (7337), 53-year-old stage (3083), 55-year-old stage (1915), 56-year-old stage (8388), 57-year-old stage (3414), 58-year-old stage (1312), 62-year-old stage (2782), 63-year-old stage (1986), 67-year-old stage (3796), 69-year-old stage (3397), 73-year-old stage (3314), 74-year-old stage (5836), 77-year-old stage (4048), 83-year-old stage (3140), 86-year-old stage (4080), unknown (13915)	cell	a18474f4-ff1e-4864-af69-270b956cee5b	293823	7bb64315-9e5a-41b9-9235-59acf9642a3e.h5ad
HVS: Human variation study	1fc48734-35ee-4372-885c-95fd2674c75a	79631	78	1	10x 3' v3	neocortex	normal	male & female	18yo-18yo, adult stage (79631)	cell	35928d1c-36fc-4f93-9a8d-0b921ab41745	79631	1fc48734-35ee-4372-885c-95fd2674c75a.h5ad
Automatic cell-type harmonization and integration across Human Cell Atlas datasets	31f657dc-1875-4c4b-a5ca-ce63b3ef3a82	79367	5	9	10x 3' v2	pancreas	normal	male & female	30yo-77yo, 30-year-old stage (34167), 46-year-old stage (5233), 53-year-old stage (22288), 59-year-old stage (9712), 77-year-old stage (7967)	nucleus	854c0855-23ad-4362-8b77-6b1639e7a9fc	121916	31f657dc-1875-4c4b-a5ca-ce63b3ef3a82.h5ad
Spatially resolved multiomics of human cardiac niches	d567b692-c374-4628-a508-8008f6778f22	76685	5	12	10x 3' v3, 10x multiome	apex of heart, heart left ventricle, heart right ventricle, left cardiac atrium, right cardiac atrium	normal	male & female	40yo-60yo, fifth decade stage (60074), sixth decade stage (2685), seventh decade stage (13926)	cell, nucleus	3116d060-0a8e-4767-99bb-e866badea1ed	704296	d567b692-c374-4628-a508-8008f6778f22.h5ad
Spatiotemporal analysis of human intestinal development at single-cell resolution	9d5df009-eb76-43a3-b6cd-22017cc53700	76592	17	9	10x 3' v3	colon, hindgut, ileum	normal	male & female	prenatal-prenatal, Carnegie stage 22 (4266), 10th week post-fertilization stage (1330), 11th week post-fertilization stage (6437), 13th week post-fertilization stage (8756), 14th week post-fertilization stage (16219), 16th week post-fertilization stage (4048), 17th week post-fertilization stage (8114), 18th week post-fertilization stage (9055), 19th week post-fertilization stage (5614), 20th week post-fertilization stage (1169), 21st week post-fertilization stage (5980), 23rd week post-fertilization stage (5604)	cell	60358420-6055-411d-ba4f-e8ac80682a2e	76592	9d5df009-eb76-43a3-b6cd-22017cc53700.h5ad
Single-Cell, Single-Nucleus, and Spatial RNA Sequencing of the Human Liver Identifies Cholangiocyte and Mesenchymal Heterogeneity	ddb22b3d-a75c-4dd1-9730-dff7fc8ca530	73295	4	12	10x 3' v2, 10x 3' v3	caudate lobe of liver	normal	male & female	18yo-20yo, prime adult stage (53022), young adult stage (20273)	cell, nucleus	44531dd9-1388-4416-a117-af0a99de2294	73295	ddb22b3d-a75c-4dd1-9730-dff7fc8ca530.h5ad
The landscape of immune dysregulation in Crohn’s disease revealed through single-cell transcriptomic profiling in the ileum and colon	518d9049-2a76-44f8-8abc-1e2b59ab5ba1	72458	20	17	10x 3' v2, 10x 3' v3	ascending colon, colon, colonic epithelium, descending colon, lamina propria of mucosa of colon	normal	male & female	20yo-70yo, third decade stage (26770), fourth decade stage (8022), fifth decade stage (1106), sixth decade stage (24021), seventh decade stage (9113), eighth decade stage (3426)	cell	5c868b6f-62c5-4532-9d7f-a346ad4b50a7	152509	518d9049-2a76-44f8-8abc-1e2b59ab5ba1.h5ad
Single-Nucleus Analysis of Human White Adipose Tissue Reveals Adipocyte Subsets with Distinct Metabolic Profiles	9d8e5dca-03a3-457d-b7fb-844c75735c83	72335	19	15	10x 3' v3	subcutaneous abdominal adipose tissue, visceral abdominal adipose tissue	normal	male & female	18yo-66yo, 18-year-old stage (1778), 21-year-old stage (4159), 26-year-old stage (1227), 27-year-old stage (4364), 28-year-old stage (7074), 35-year-old stage (2065), 37-year-old stage (2602), 41-year-old stage (6302), 47-year-old stage (6886), 51-year-old stage (7641), 53-year-old stage (8295), 54-year-old stage (3500), 62-year-old stage (6641), 66-year-old stage (9801)	nucleus	6b701826-37bb-4356-9792-ff41fc4c3161	72335	9d8e5dca-03a3-457d-b7fb-844c75735c83.h5ad
Human Brain Cell Atlas v1.0	4976b234-9028-4b4b-8a2f-8ac59d636219	71874	3	12	10x 3' v3	cerebellum	normal	male	29yo-50yo, 29-year-old stage (24076), 42-year-old stage (36826), 50-year-old stage (10972)	nucleus	283d65eb-dd53-496d-adb7-7570c7caa443	71874	4976b234-9028-4b4b-8a2f-8ac59d636219.h5ad
A human fetal lung cell atlas uncovers proximal-distal gradients of differentiation and key regulators of epithelial fates	3dc61ca1-ce40-46b6-8337-f27260fd9a03	71752	12	77	10x 5' v1	lung	normal	male & female	prenatal-prenatal, Carnegie stage 16 (4203), Carnegie stage 19 (4790), 9th week post-fertilization stage (8280), 11th week post-fertilization stage (9531), 15th week post-fertilization stage (12071), 18th week post-fertilization stage (13170), 20th week post-fertilization stage (7490), 22nd week post-fertilization stage (12217)	cell	2d2e2acd-dade-489f-a2da-6c11aa654028	71752	3dc61ca1-ce40-46b6-8337-f27260fd9a03.h5ad
Multiomics single-cell analysis of human pancreatic islets reveals novel cellular states in health and type 1 diabetes	37b21763-7f0f-41ae-9001-60bad6e2841d	69645	24	10	10x 3' v2, 10x 3' v3	islet of Langerhans	normal, type 1 diabetes mellitus	male & female	1yo-39yo, 1-year-old stage (3095), 3-year-old stage (2723), 4-year-old stage (6678), 5-year-old stage (4068), 8-year-old stage (2374), 10-year-old stage (2353), 13-year-old stage (7299), 14-year-old stage (7851), 15-year-old stage (1666), 17-year-old stage (881), 18-year-old stage (1884), 21-year-old stage (2267), 22-year-old stage (3809), 23-year-old stage (4465), 24-year-old stage (557), 27-year-old stage (3221), 29-year-old stage (2944), 35-year-old stage (7917), 39-year-old stage (3593)	cell	51544e44-293b-4c2b-8c26-560678423380	69645	37b21763-7f0f-41ae-9001-60bad6e2841d.h5ad
Spatial and cell type transcriptional landscape of human cerebellar development	b2dda353-0c96-42df-8dcd-1ea7429a6feb	69174	13	17	SPLiT-seq	cerebellum	normal	male & female	prenatal-prenatal, 9th week post-fertilization stage (5003), 10th week post-fertilization stage (2329), 11th week post-fertilization stage (20364), 12th week post-fertilization stage (7768), 14th week post-fertilization stage (11213), 17th week post-fertilization stage (15556), 18th week post-fertilization stage (1617), 20th week post-fertilization stage (5177), 21st week post-fertilization stage (147)	cell, nucleus	1b014f39-f202-45ae-bb7d-9286bddd8d8b	69174	b2dda353-0c96-42df-8dcd-1ea7429a6feb.h5ad
Cortical brain samples from C9-ALS, C9-ALS/FTD, C9-FTD patients and age matched controls	e6361237-ac4e-4c5d-ad8f-f16aca0c0a8f	66719	14	6	10x 3' v3	occipital cortex	frontotemporal dementia, normal	male & female	58yo-96yo, 58-year-old stage (4357), 62-year-old stage (7377), 63-year-old stage (1976), 65-year-old stage (2788), 66-year-old stage (6263), 67-year-old stage (7567), 68-year-old stage (4837), 70-year-old stage (6880), 73-year-old stage (3562), 74-year-old stage (5157), 83-year-old stage (1662), 84-year-old stage (2318), 88-year-old stage (5987), 96-year-old stage (5988)	nucleus	aee9c366-f2fb-470b-8937-577d5d87d3fc	66719	e6361237-ac4e-4c5d-ad8f-f16aca0c0a8f.h5ad
A human fetal lung cell atlas uncovers proximal-distal gradients of differentiation and key regulators of epithelial fates	4023a2bc-6325-47db-bfdf-9639e91042c2	61399	9	5	10x 5' v1	lung	normal	unknown	unknown, unknown (61399)	cell	2d2e2acd-dade-489f-a2da-6c11aa654028	70495	4023a2bc-6325-47db-bfdf-9639e91042c2.h5ad
A molecular cell atlas of the human lung from single cell RNA sequencing	8c42cfd0-0b0a-46d5-910c-fc833d83c45e	60993	3	46	10x 3' v2	lung	normal	male & female	46yo-75yo, 46-year-old stage (28793), 51-year-old stage (24676), 75-year-old stage (7524)	cell	5d445965-6f1a-4b68-ba3a-b8f765155d3a	65662	8c42cfd0-0b0a-46d5-910c-fc833d83c45e.h5ad
Single-Cell Atlas Of Human Pediatric Liver Reveals Age-Related Hepatic Gene Signatures	84cfa5aa-a0d1-415e-ac47-eb66c9cf8170	60741	12	19	10x 3' v2, 10x 3' v3, 10x 5' v2	caudate lobe of liver, right lobe of liver	normal	male & female	1yo-69yo, child stage (1-4 yo) (6287), juvenile stage (5-14 yo) (24620), 15-19 year-old (11139), late adult stage (2813), 26-year-old stage (506), 57-year-old stage (12455), 69-year-old stage (2921)	cell	ff69f0ee-fef6-4895-9f48-6c64a68c8289	81001	84cfa5aa-a0d1-415e-ac47-eb66c9cf8170.h5ad
Simultaneous profiling of transcription and chromatin accessibility at the single-cell level for postnatal human brain development	56a4bc14-9407-45fd-8786-f7f6fc87c9dd	59979	10	11	10x multiome	anterior cingulate cortex, dorsolateral prefrontal cortex	normal	male & female	neonatal-62yo, infant stage (8702), 4-year-old stage (8959), 6-year-old stage (7470), 14-year-old stage (14247), 20-year-old stage (2658), 39-year-old stage (7632), 61-year-old stage (6467), 62-year-old stage (3844)	nucleus	f406a653-c079-4bf9-aab6-85846c27571d	101924	56a4bc14-9407-45fd-8786-f7f6fc87c9dd.h5ad
Human Brain Cell Atlas v1.0	52f18bc3-52d9-487b-bf8f-f0b7aa684b09	59505	3	11	10x 3' v3	midbrain	normal	male	29yo-50yo, 29-year-old stage (21451), 42-year-old stage (12342), 50-year-old stage (25712)	nucleus	283d65eb-dd53-496d-adb7-7570c7caa443	59505	52f18bc3-52d9-487b-bf8f-f0b7aa684b09.h5ad
Anomalous Epithelial Variations and Ectopic Inflammatory Response in Chronic Obstructive Pulmonary Disease	8fbed309-d3d4-441b-b3ff-e2dcbcec2d35	57918	16	21	10x 3' v3	lung parenchyma	chronic obstructive pulmonary disease, normal	male & female	33yo-81yo, 33-year-old stage (4512), 51-year-old stage (7905), 56-year-old stage (4249), 58-year-old stage (2996), 61-year-old stage (6820), 62-year-old stage (5004), 64-year-old stage (3163), 65-year-old stage (4313), 67-year-old stage (2288), 71-year-old stage (1532), 72-year-old stage (5341), 76-year-old stage (1843), 77-year-old stage (2581), 79-year-old stage (2756), 81-year-old stage (2615)	cell	dc4cd1f7-667a-4c29-ae77-9401b9700d7f	57918	8fbed309-d3d4-441b-b3ff-e2dcbcec2d35.h5ad
HVS: Human variation study	e34f3f89-3a48-4173-a06a-9e9803f2e2b9	57855	78	1	10x 3' v3	neocortex	normal	male & female	18yo-18yo, adult stage (57855)	cell	35928d1c-36fc-4f93-9a8d-0b921ab41745	57855	e34f3f89-3a48-4173-a06a-9e9803f2e2b9.h5ad
scRNA-seq assessment of the human lung, spleen, and esophagus tissue stability after cold preservation	2672b679-8048-4f5e-9786-f1b196ccfd08	57019	5	20	10x 3' v2	lung parenchyma	normal	male & female	40yo-70yo, fifth decade stage (13563), sixth decade stage (7272), seventh decade stage (28201), eighth decade stage (7983)	cell	4d74781b-8186-4c9a-b659-ff4dc4601d91	57019	2672b679-8048-4f5e-9786-f1b196ccfd08.h5ad
The landscape of immune dysregulation in Crohn’s disease revealed through single-cell transcriptomic profiling in the ileum and colon	5ce42b38-d867-487f-9b40-e8bb00b21d0b	56265	20	7	10x 3' v2, 10x 3' v3	ascending colon, colon, colonic epithelium, descending colon, lamina propria of mucosa of colon	normal	male & female	20yo-70yo, third decade stage (13843), fourth decade stage (5165), fifth decade stage (4557), sixth decade stage (18683), seventh decade stage (5593), eighth decade stage (8424)	cell	5c868b6f-62c5-4532-9d7f-a346ad4b50a7	97788	5ce42b38-d867-487f-9b40-e8bb00b21d0b.h5ad
Human Brain Cell Atlas v1.0	095940cb-7422-4510-96e2-cbafd961eb88	52045	3	13	10x 3' v3	cerebellum	normal	male	29yo-50yo, 29-year-old stage (18666), 42-year-old stage (10505), 50-year-old stage (22874)	nucleus	283d65eb-dd53-496d-adb7-7570c7caa443	52045	095940cb-7422-4510-96e2-cbafd961eb88.h5ad
Single nucleus transcriptomic atlas of human foetal tendon	f641d68a-e877-4bb8-afd7-b8fa3921d461	51824	7	13	10x 3' v3	tendon of quadriceps femoris	normal	male & female	prenatal-prenatal, 13th week post-fertilization stage (22102), 18th week post-fertilization stage (15589), 21st week post-fertilization stage (14133)	nucleus	7b9ae565-a781-433d-98d4-430394e7802a	91859	f641d68a-e877-4bb8-afd7-b8fa3921d461.h5ad
Cross-tissue immune cell analysis reveals tissue-specific features in humans	1b9d8702-5af8-4142-85ed-020eb06ec4f6	51671	10	34	10x 3' v3, 10x 5' v1, 10x 5' v2	duodenum, ileum, liver, lung, sigmoid colon, skeletal muscle tissue, transverse colon	normal	male & female	50yo-70yo, sixth decade stage (25996), seventh decade stage (17279), eighth decade stage (8396)	cell	62ef75e4-cbea-454e-a0ce-998ec40223d3	329762	1b9d8702-5af8-4142-85ed-020eb06ec4f6.h5ad
Sex-Specific Control of Human Heart Maturation by the Progesterone Receptor	99e317c0-1fab-4f73-b511-859e752fd1c3	51176	9	8	10x 3' v3	apical region of left ventricle	normal	male & female	prenatal-42yo, 19th week post-fertilization stage (18747), 20th week post-fertilization stage (7647), 4-year-old stage (4361), 10-year-old stage (5416), 14-year-old stage (6058), 35-year-old stage (4156), 41-year-old stage (3201), 42-year-old stage (1590)	nucleus	68e7e5b7-4dc9-4609-832e-7656aa6182ba	51176	99e317c0-1fab-4f73-b511-859e752fd1c3.h5ad
Human Brain Cell Atlas v1.0	52ea546e-9229-40ef-b048-a2e694dd73e8	50362	3	10	10x 3' v3	cerebral cortex	normal	male	29yo-50yo, 29-year-old stage (13896), 42-year-old stage (13664), 50-year-old stage (22802)	nucleus	283d65eb-dd53-496d-adb7-7570c7caa443	50362	52ea546e-9229-40ef-b048-a2e694dd73e8.h5ad
The landscape of immune dysregulation in Crohn’s disease revealed through single-cell transcriptomic profiling in the ileum and colon	0f4865d5-8000-4f68-8ac7-f5efea9e5e70	49951	33	6	10x 3' v2, 10x 3' v3	ileum, ileum lamina propria, lamina propria of small intestine, small intestine	normal	male & female	20yo-70yo, third decade stage (5039), fourth decade stage (2848), fifth decade stage (1130), sixth decade stage (2373), seventh decade stage (37316), eighth decade stage (1245)	cell	5c868b6f-62c5-4532-9d7f-a346ad4b50a7	75695	0f4865d5-8000-4f68-8ac7-f5efea9e5e70.h5ad
Human Brain Cell Atlas v1.0	9ec34295-ab16-47e2-af33-b884143e520b	49110	2	12	10x 3' v3	midbrain	normal	male	42yo-50yo, 42-year-old stage (24134), 50-year-old stage (24976)	nucleus	283d65eb-dd53-496d-adb7-7570c7caa443	49110	9ec34295-ab16-47e2-af33-b884143e520b.h5ad
HCA kidney seed network: University of Michigan	0b4a15a7-4e9e-4555-9733-2423e5c66469	48783	18	28	10x 3' v3	cortex of kidney	normal	male & female	43yo-74yo, 43-year-old stage (2437), 46-year-old stage (1611), 50-year-old stage (1603), 53-year-old stage (5035), 57-year-old stage (2075), 58-year-old stage (1760), 59-year-old stage (1919), 60-year-old stage (3410), 67-year-old stage (7894), 68-year-old stage (3038), 69-year-old stage (1625), 71-year-old stage (8840), 72-year-old stage (2821), 74-year-old stage (4715)	cell	a98b828a-622a-483a-80e0-15703678befd	48783	0b4a15a7-4e9e-4555-9733-2423e5c66469.h5ad
snRNA-seq of human kidney with ureteral obstruction	867757c1-3b1a-49d9-a0cd-17767eb160cc	46957	12	15	10x multiome	kidney	normal, obstructive nephropathy	male & female	60yo-84yo, 60-year-old stage (3971), 62-year-old stage (3513), 63-year-old stage (1951), 64-year-old stage (443), 66-year-old stage (2260), 68-year-old stage (1169), 69-year-old stage (4775), 70-year-old stage (1831), 79-year-old stage (9189), 82-year-old stage (5416), 83-year-old stage (8466), 84-year-old stage (3973)	nucleus	307ce143-7cc8-4813-99b1-3797834149c9	46957	867757c1-3b1a-49d9-a0cd-17767eb160cc.h5ad
LungMAP — Human data from a broad age healthy donor group	3de0ad6d-4378-4f62-b37b-ec0b75a50d94	46500	9	28	10x 3' v3	lung	normal	male & female	prenatal-31yo, 31st week post-fertilization stage (17026), 3-year-old stage (19081), 31-year-old stage (10393)	nucleus	625f6bf4-2f33-4942-962e-35243d284837	46500	3de0ad6d-4378-4f62-b37b-ec0b75a50d94.h5ad
Single-cell and spatial transcriptomics characterisation of the immunological landscape in the healthy and PSC human liver	234c23d0-d6cd-4612-a40d-e5811727564b	45186	23	3	10x 3' v2, 10x 5' v1	caudate lobe of liver	normal	male & female	18yo-20yo, late adult stage (5067), prime adult stage (25348), young adult stage (14771)	cell	0c8a364b-97b5-4cc8-a593-23c38c6f0ac5	53015	234c23d0-d6cd-4612-a40d-e5811727564b.h5ad
Ex vivo modelling of human colorectal cancer liver metastasis by normothermic machine perfusion	e3ed2ba4-edf5-40ac-8750-8a417ad1eefe	43568	6	14	BD Rhapsody Whole Transcriptome Analysis	liver	normal	male & female	39yo-70yo, 39-year-old stage (14017), 46-year-old stage (3331), 53-year-old stage (7296), 56-year-old stage (5583), 70-year-old stage (13341)	cell	be679cb1-35f0-46c9-9a2d-30691862a54a	75104	e3ed2ba4-edf5-40ac-8750-8a417ad1eefe.h5ad
Human Brain Cell Atlas v1.0	7db0c178-b0a4-442f-ba54-e9e1633a84bb	42834	3	10	10x 3' v3	cerebral cortex	normal	male	29yo-50yo, 29-year-old stage (13881), 42-year-old stage (7483), 50-year-old stage (21470)	nucleus	283d65eb-dd53-496d-adb7-7570c7caa443	42834	7db0c178-b0a4-442f-ba54-e9e1633a84bb.h5ad
Deciphering glial contributions to CSF1R-related disorder via single-nuclear transcriptomic profiling	0a2d7e87-c3c0-4ed2-86df-ae18811fcc16	42583	7	8	10x 3' v3	prefrontal cortex	Alzheimer disease, normal	male & female	53yo-83yo, 53-year-old stage (7962), 68-year-old stage (7242), 70-year-old stage (3230), 76-year-old stage (5641), 81-year-old stage (5422), 82-year-old stage (7896), 83-year-old stage (5190)	nucleus	7c4552fd-8a6d-4da3-9854-2dfa8baca8bf	61747	0a2d7e87-c3c0-4ed2-86df-ae18811fcc16.h5ad
Molecular characterization of selectively vulnerable neurons in Alzheimer's Disease	2727d83a-0af0-443a-bff8-58dc7028289a	42528	10	7	10x 3' v2	entorhinal cortex	Alzheimer disease, normal	male	50yo-87yo, 50-year-old stage (4213), 60-year-old stage (3301), 71-year-old stage (2216), 72-year-old stage (10187), 77-year-old stage (1945), 80 year-old and over stage (3784), 82-year-old stage (15400), 87-year-old stage (1482)	nucleus	180bff9c-c8a5-4539-b13b-ddbc00d643e6	42528	2727d83a-0af0-443a-bff8-58dc7028289a.h5ad
Recruited macrophages elicit atrial fibrillation	87a06a2a-16c6-42f7-af1b-529fad431051	41279	12	6	10x 3' v3	left atrium auricular region	atrial fibrillation || mitral valve insufficiency, normal	male & female	40yo-80yo, fifth decade stage (5273), sixth decade stage (11411), seventh decade stage (1950), eighth decade stage (20573), ninth decade stage (2072)	cell	eeba7193-4d32-46bd-a21b-089936d60601	41279	87a06a2a-16c6-42f7-af1b-529fad431051.h5ad
Single-Cell Sequencing of Developing Human Gut Reveals Transcriptional Links to Childhood Crohn’s Disease	b46237d1-19c6-4af2-9335-9854634bad16	41257	9	20	10x 3' v2	colon, ileum	normal	unknown	prenatal-prenatal, Carnegie stage 17 (5512), Carnegie stage 18 (4538), Carnegie stage 19 (2857), Carnegie stage 22 (2933), Carnegie stage 23 (22612), 10th week post-fertilization stage (2805)	cell	17481d16-ee44-49e5-bcf0-28c0780d8c4a	62849	b46237d1-19c6-4af2-9335-9854634bad16.h5ad
Human Brain Cell Atlas v1.0	a19b218b-1c0a-4618-b41f-7c216c623ec6	40677	3	10	10x 3' v3	cerebral cortex	normal	male	29yo-50yo, 29-year-old stage (12092), 42-year-old stage (13583), 50-year-old stage (15002)	nucleus	283d65eb-dd53-496d-adb7-7570c7caa443	40677	a19b218b-1c0a-4618-b41f-7c216c623ec6.h5ad
Human Brain Cell Atlas v1.0	88a01d4a-5197-45be-b5ae-e019aef43376	40565	3	11	10x 3' v3	cerebral cortex	normal	male	29yo-50yo, 29-year-old stage (9398), 42-year-old stage (9316), 50-year-old stage (21851)	nucleus	283d65eb-dd53-496d-adb7-7570c7caa443	40565	88a01d4a-5197-45be-b5ae-e019aef43376.h5ad
SARS-CoV-2 receptor ACE2 and TMPRSS2 are primarily expressed in bronchial transient secretory cells	2f132ec9-24b5-422f-9be0-ccef03b4fe28	39778	12	9	10x 3' v2	lung	normal	male & female	44yo-79yo, 44-year-old stage (4395), 45-year-old stage (10939), 46-year-old stage (3627), 47-year-old stage (3004), 49-year-old stage (4138), 50-year-old stage (3606), 56-year-old stage (2440), 75-year-old stage (3417), 76-year-old stage (1662), 79-year-old stage (2550)	cell	6ff3401b-d72c-4940-a00c-3f0792397082	39778	2f132ec9-24b5-422f-9be0-ccef03b4fe28.h5ad
Human Brain Cell Atlas v1.0	27d91086-cfe3-4e33-9282-bd1246e5ce8e	39696	3	10	10x 3' v3	cerebral cortex	normal	male	29yo-50yo, 29-year-old stage (11558), 42-year-old stage (9949), 50-year-old stage (18189)	nucleus	283d65eb-dd53-496d-adb7-7570c7caa443	39696	27d91086-cfe3-4e33-9282-bd1246e5ce8e.h5ad
Spatiotemporal immune zonation of the human kidney	9ea768a2-87ab-46b6-a73d-c4e915f25af3	39681	13	29	10x 3' v2	cortex of kidney, kidney, kidney blood vessel, renal medulla	normal	male & female	1yo-72yo, 19-month-old stage (542), 2-year-old stage (2283), 4-year-old stage (1948), 12-year-old stage (15065), 44-year-old stage (164), 49-year-old stage (3231), 53-year-old stage (1177), 63-year-old stage (3269), 64-year-old stage (324), 67-year-old stage (3546), 70-year-old stage (62), 72-year-old stage (8070)	cell	120e86b4-1195-48c5-845b-b98054105eec	40268	9ea768a2-87ab-46b6-a73d-c4e915f25af3.h5ad
Human Brain Cell Atlas v1.0	d288b10a-643e-44bd-b451-96e9588b2ee5	39053	3	10	10x 3' v3	cerebral cortex	normal	male	29yo-50yo, 29-year-old stage (11640), 42-year-old stage (11784), 50-year-old stage (15629)	nucleus	283d65eb-dd53-496d-adb7-7570c7caa443	39053	d288b10a-643e-44bd-b451-96e9588b2ee5.h5ad
Human Brain Cell Atlas v1.0	949ec7fc-ac54-47c9-bb6f-ee9e67688cce	38937	3	10	10x 3' v3	cerebral cortex	normal	male	29yo-50yo, 29-year-old stage (11403), 42-year-old stage (12496), 50-year-old stage (15038)	nucleus	283d65eb-dd53-496d-adb7-7570c7caa443	38937	949ec7fc-ac54-47c9-bb6f-ee9e67688cce.h5ad
Human Brain Cell Atlas v1.0	6ed0bb6c-a9e3-4ba6-9436-7c8fd4e206f0	38259	3	10	10x 3' v3	cerebral cortex	normal	male	29yo-50yo, 29-year-old stage (13129), 42-year-old stage (10492), 50-year-old stage (14638)	nucleus	283d65eb-dd53-496d-adb7-7570c7caa443	38259	6ed0bb6c-a9e3-4ba6-9436-7c8fd4e206f0.h5ad
Human subcutaneous and visceral adipocyte atlases uncover classical and non-classical adipocytes and depot-specific patterns	821a8e3e-87ec-41ee-bd69-cd4377057d38	37879	5	10	10x 3' v3	subcutaneous adipose tissue	normal	male & female	24yo-41yo, 24-year-old stage (8077), 33-year-old stage (12293), 34-year-old stage (9173), 41-year-old stage (8336)	nucleus	ba84c7ba-8d8c-4720-a76e-3ee37dc89f0b	37879	821a8e3e-87ec-41ee-bd69-cd4377057d38.h5ad
Human Brain Cell Atlas v1.0	77c1c785-809f-4065-8c54-6a0170783256	37767	3	10	10x 3' v3	cerebral cortex	normal	male	29yo-50yo, 29-year-old stage (12624), 42-year-old stage (13354), 50-year-old stage (11789)	nucleus	283d65eb-dd53-496d-adb7-7570c7caa443	37767	77c1c785-809f-4065-8c54-6a0170783256.h5ad
Multimodal benchmarking dataset for renal cortex characterization (mBDRC)	09b518f9-da64-44cc-aec8-70a89d55611f	37717	10	33	10x multiome	cortex of kidney	normal	male & female	50yo-74yo, 50-year-old stage (4490), 53-year-old stage (5810), 57-year-old stage (7002), 59-year-old stage (104), 67-year-old stage (4825), 68-year-old stage (6600), 69-year-old stage (1939), 72-year-old stage (2789), 74-year-old stage (4158)	nucleus	4cbb929b-b03b-4aa8-a943-00f61dc22641	37717	09b518f9-da64-44cc-aec8-70a89d55611f.h5ad
Human Brain Cell Atlas v1.0	c2aad8fc-b63b-4f9b-9cfd-baf7bc9c1771	37642	3	10	10x 3' v3	cerebral cortex	normal	male	29yo-50yo, 29-year-old stage (13377), 42-year-old stage (11273), 50-year-old stage (12992)	nucleus	283d65eb-dd53-496d-adb7-7570c7caa443	37642	c2aad8fc-b63b-4f9b-9cfd-baf7bc9c1771.h5ad
Brain vascular single-cell multi-omics elucidates disease risk associations	203025fe-fa99-4d57-81da-458ed8f0c334	37007	20	14	10x multiome	dorsolateral prefrontal cortex	Alzheimer disease, normal	male & female	78yo-90yo+, 78-year-old stage (3691), 79-year-old stage (3584), 81-year-old stage (2027), 83-year-old stage (1108), 84-year-old stage (814), 87-year-old stage (1152), 88-year-old stage (2984), 90 year-old and over stage (21647)	nucleus	433700dc-e8a5-48b0-b5cd-beb22f3f88fe	65479	203025fe-fa99-4d57-81da-458ed8f0c334.h5ad
Human Brain Cell Atlas v1.0	d02287f3-408b-438d-9131-999e460cbd0e	36941	3	10	10x 3' v3	cerebral cortex	normal	male	29yo-50yo, 29-year-old stage (11781), 42-year-old stage (12453), 50-year-old stage (12707)	nucleus	283d65eb-dd53-496d-adb7-7570c7caa443	36941	d02287f3-408b-438d-9131-999e460cbd0e.h5ad
A molecular single-cell lung atlas of lethal COVID-19	d8da613f-e681-4c69-b463-e94f5e66847f	36677	7	30	10x 3' v3	lung	normal	male & female	68yo-79yo, 68-year-old stage (4789), 69-year-old stage (10198), 70-year-old stage (6098), 72-year-old stage (4382), 75-year-old stage (4090), 79-year-old stage (7120)	nucleus	e4c9ed14-e560-4900-a3bf-b0f8d2ce6a10	116313	d8da613f-e681-4c69-b463-e94f5e66847f.h5ad
Insulin is expressed by enteroendocrine cells during human fetal development	3f32121d-126b-4e8d-9f69-d86502d2a1b1	36359	6	10	10x 3' v2, 10x 3' v3	small intestine	normal	female, unknown	prenatal-neonatal, 20th week post-fertilization stage (18151), 22nd week post-fertilization stage (12224), newborn stage (0-28 days) (5984)	cell	7651ac1a-f947-463a-9223-a9e408a41989	36359	3f32121d-126b-4e8d-9f69-d86502d2a1b1.h5ad
Emphysema Cell Atlas	1e5bd3b8-6a0e-4959-8d69-cafed30fe814	35699	6	9	10x 3' v3	alveolus of lung	normal, pulmonary emphysema	male & female	60yo-73yo, 60-year-old stage (2924), 61-year-old stage (5817), 63-year-old stage (11720), 65-year-old stage (7646), 73-year-old stage (7592)	cell	03cdc7f4-bd08-49d0-a395-4487c0e5a168	35699	1e5bd3b8-6a0e-4959-8d69-cafed30fe814.h5ad
Single-cell genomics improves the discovery of risk variants and genes of atrial fibrillation	2e9d2f32-4cfb-49b5-b990-cbf4c241214e	35650	3	8	10x 3' v3	apex of heart, heart left ventricle, heart right ventricle	normal	male	47yo-55yo, 47-year-old stage (19047), 54-year-old stage (7067), 55-year-old stage (9536)	nucleus	20eea6c8-9d64-42c9-9b6f-c11b5249e0e9	49359	2e9d2f32-4cfb-49b5-b990-cbf4c241214e.h5ad
Brain matters: Unveiling the Distinct Contributions of Region, Age, and Sex to Glia diversity and CNS Function	c05e6940-729c-47bd-a2a6-6ce3730c4919	35613	19	15	10x 3' v3	cervical spinal cord white matter, white matter of cerebellum	normal	male & female	34yo-74yo, 34-year-old stage (1932), 37-year-old stage (3213), 39-year-old stage (2877), 40-year-old stage (2835), 42-year-old stage (2498), 44-year-old stage (1322), 45-year-old stage (350), 63-year-old stage (4314), 71-year-old stage (6777), 72-year-old stage (2424), 73-year-old stage (4628), 74-year-old stage (2443)	nucleus	9d63fcf1-5ca0-4006-8d8f-872f3327dbe9	45528	c05e6940-729c-47bd-a2a6-6ce3730c4919.h5ad
Human Brain Cell Atlas v1.0	e5b1115b-a486-49bb-bda3-8261822836e0	35359	3	10	10x 3' v3	cerebral cortex	normal	male	29yo-50yo, 29-year-old stage (9529), 42-year-old stage (11338), 50-year-old stage (14492)	nucleus	283d65eb-dd53-496d-adb7-7570c7caa443	35359	e5b1115b-a486-49bb-bda3-8261822836e0.h5ad
Single cell RNA sequencing of the human embryonic meninges at 5-13 weeks post conception	58f43044-cd3c-42b8-bc0b-3498eb236359	35317	1	51	10x 3' v3	brain meninx, forebrain meninges	normal	female	prenatal-prenatal, 10th week post-fertilization stage (35317)	cell	7d66d871-091f-4602-9f42-85f86d2853e0	156726	58f43044-cd3c-42b8-bc0b-3498eb236359.h5ad
Human Brain Cell Atlas v1.0	639ffc23-14db-4060-9027-3c90314200f8	35290	3	11	10x 3' v3	cerebral cortex	normal	male	29yo-50yo, 29-year-old stage (11484), 42-year-old stage (11739), 50-year-old stage (12067)	nucleus	283d65eb-dd53-496d-adb7-7570c7caa443	35290	639ffc23-14db-4060-9027-3c90314200f8.h5ad
HVS: Human variation study	9ea52f85-a35e-4b5b-9207-e2f1de7dbbcd	35171	78	1	10x 3' v3	neocortex	normal	male & female	18yo-18yo, adult stage (35171)	cell	35928d1c-36fc-4f93-9a8d-0b921ab41745	35171	9ea52f85-a35e-4b5b-9207-e2f1de7dbbcd.h5ad
Human Brain Cell Atlas v1.0	421e5f54-5de7-425f-b399-34ead0651ce1	34949	3	10	10x 3' v3	cerebral cortex	normal	male	29yo-50yo, 29-year-old stage (12502), 42-year-old stage (12191), 50-year-old stage (10256)	nucleus	283d65eb-dd53-496d-adb7-7570c7caa443	34949	421e5f54-5de7-425f-b399-34ead0651ce1.h5ad
Human Brain Cell Atlas v1.0	d582f63a-3c88-4e38-8cd3-8682dbe40f64	34919	3	10	10x 3' v3	cerebral cortex	normal	male	29yo-50yo, 29-year-old stage (10759), 42-year-old stage (12332), 50-year-old stage (11828)	nucleus	283d65eb-dd53-496d-adb7-7570c7caa443	34919	d582f63a-3c88-4e38-8cd3-8682dbe40f64.h5ad
Early role for a Na+,K+-ATPase (ATP1A3) in brain development	39ed7d98-676d-4b8d-9d0a-0f3b60914ead	34433	1	4	Drop-seq	anterior cingulate cortex, orbitofrontal cortex, primary visual cortex	normal	unknown	prenatal-prenatal, 22nd week post-fertilization stage (34433)	cell	e02201d7-f49f-401f-baf0-1eb1406546c0	118647	39ed7d98-676d-4b8d-9d0a-0f3b60914ead.h5ad
Human Brain Cell Atlas v1.0	a84face4-eb30-4f43-994f-c6a13a097808	34078	3	9	10x 3' v3	cerebral cortex	normal	male	29yo-50yo, 29-year-old stage (10725), 42-year-old stage (11882), 50-year-old stage (11471)	nucleus	283d65eb-dd53-496d-adb7-7570c7caa443	34078	a84face4-eb30-4f43-994f-c6a13a097808.h5ad
Human Brain Cell Atlas v1.0	9372df2d-13d6-4fac-980b-919a5b7eb483	33794	2	11	10x 3' v3	midbrain	normal	male	42yo-50yo, 42-year-old stage (14274), 50-year-old stage (19520)	nucleus	283d65eb-dd53-496d-adb7-7570c7caa443	33794	9372df2d-13d6-4fac-980b-919a5b7eb483.h5ad
Human Brain Cell Atlas v1.0	46ff9dc2-3d87-4b36-91aa-ffa8aa13c52e	32745	3	10	10x 3' v3	cerebral cortex	normal	male	29yo-50yo, 29-year-old stage (10695), 42-year-old stage (9694), 50-year-old stage (12356)	nucleus	283d65eb-dd53-496d-adb7-7570c7caa443	32745	46ff9dc2-3d87-4b36-91aa-ffa8aa13c52e.h5ad
Human Brain Cell Atlas v1.0	ed33c203-233a-476a-a56b-28da945fdd32	32638	3	10	10x 3' v3	cerebral cortex	normal	male	29yo-50yo, 29-year-old stage (9999), 42-year-old stage (11133), 50-year-old stage (11506)	nucleus	283d65eb-dd53-496d-adb7-7570c7caa443	32638	ed33c203-233a-476a-a56b-28da945fdd32.h5ad
Human Brain Cell Atlas v1.0	5e5ab909-f73f-4b57-98a0-6d2c5662f6a4	32306	3	13	10x 3' v3	midbrain	normal	male	29yo-50yo, 29-year-old stage (10841), 42-year-old stage (11580), 50-year-old stage (9885)	nucleus	283d65eb-dd53-496d-adb7-7570c7caa443	32306	5e5ab909-f73f-4b57-98a0-6d2c5662f6a4.h5ad
Human Brain Cell Atlas v1.0	3f31f8ce-bbf6-4df8-8203-aa240ed03026	32157	3	10	10x 3' v3	cerebral cortex	normal	male	29yo-50yo, 29-year-old stage (6698), 42-year-old stage (8934), 50-year-old stage (16525)	nucleus	283d65eb-dd53-496d-adb7-7570c7caa443	32157	3f31f8ce-bbf6-4df8-8203-aa240ed03026.h5ad
HVS: Human variation study	34229bdc-a895-4394-8820-574e4028d8c6	31924	78	1	10x 3' v3	neocortex	normal	male & female	18yo-18yo, adult stage (31924)	cell	35928d1c-36fc-4f93-9a8d-0b921ab41745	31924	34229bdc-a895-4394-8820-574e4028d8c6.h5ad
Human Brain Cell Atlas v1.0	f8dda921-5fb4-4c94-a654-c6fc346bfd6d	31899	3	10	10x 3' v3	cerebral cortex	normal	male	29yo-50yo, 29-year-old stage (12601), 42-year-old stage (9591), 50-year-old stage (9707)	nucleus	283d65eb-dd53-496d-adb7-7570c7caa443	31899	f8dda921-5fb4-4c94-a654-c6fc346bfd6d.h5ad
Human Brain Cell Atlas v1.0	f502c312-05dc-4fd4-a762-92a63e92b539	31230	3	10	10x 3' v3	cerebral cortex	normal	male	29yo-50yo, 29-year-old stage (13387), 42-year-old stage (9170), 50-year-old stage (8673)	nucleus	283d65eb-dd53-496d-adb7-7570c7caa443	31230	f502c312-05dc-4fd4-a762-92a63e92b539.h5ad
Multi-omic profiling of the developing human cerebral cortex at the single cell level	53ce2631-3646-4172-bbd9-38b0a44d8214	31213	8	13	10x multiome	dorsolateral prefrontal cortex	normal	male & female	neonatal-39yo, infant stage (6406), 4-year-old stage (5418), 6-year-old stage (3693), 14-year-old stage (8300), 20-year-old stage (1541), 39-year-old stage (5855)	nucleus	ceb895f4-ff9f-403a-b7c3-187a9657ac2c	45549	53ce2631-3646-4172-bbd9-38b0a44d8214.h5ad
Human Brain Cell Atlas v1.0	db1d2c1b-2ee1-45d5-9d53-69a327cd77e6	31065	3	10	10x 3' v3	cerebral cortex	normal	male	29yo-50yo, 29-year-old stage (11473), 42-year-old stage (10678), 50-year-old stage (8914)	nucleus	283d65eb-dd53-496d-adb7-7570c7caa443	31065	db1d2c1b-2ee1-45d5-9d53-69a327cd77e6.h5ad
Integrated adult and foetal heart single-cell RNA sequencing	5500c673-1610-40a0-86d9-64d987ae50e6	30889	7	17	10x 3' v2, 10x 3' v3	apex of heart, basal zone of heart	normal	male & female	prenatal-prenatal, 10th week post-fertilization stage (8332), embryonic stage (22557)	cell	43b45a20-a969-49ac-a8e8-8c84b211bd01	60668	5500c673-1610-40a0-86d9-64d987ae50e6.h5ad
Intra- and Inter-cellular Rewiring of the Human Colon during Ulcerative Colitis	4dd00779-7f73-4f50-89bb-e2d3c6b71b18	30476	11	23	10x 3' v1, 10x 3' v2	colonic epithelium, mucosa of transverse colon	normal	male & female	18yo-18yo, adult stage (30476)	cell	33d19f34-87f5-455b-8ca5-9023a2e5453d	34772	4dd00779-7f73-4f50-89bb-e2d3c6b71b18.h5ad
HTAN VUMC - Differential pre-malignant programs and microenvironment chart distinct paths to malignancy in human colorectal polyps	d6dfdef1-406d-4efb-808c-3c5eddbfe0cb	30274	17	9	TruDrop	ascending colon, descending colon, sigmoid colon, transverse colon	normal	male & female	46yo-74yo, 46-year-old stage (6187), 51-year-old stage (1083), 52-year-old stage (2578), 56-year-old stage (1917), 57-year-old stage (2317), 58-year-old stage (2287), 63-year-old stage (2546), 64-year-old stage (1689), 66-year-old stage (2999), 67-year-old stage (913), 70-year-old stage (2133), 71-year-old stage (1176), 72-year-old stage (1370), 74-year-old stage (1079)	cell	a48f5033-3438-4550-8574-cdff3263fdfd	57723	d6dfdef1-406d-4efb-808c-3c5eddbfe0cb.h5ad
Human Brain Cell Atlas v1.0	a4116666-d295-4443-a174-0acc283f92c4	29907	3	12	10x 3' v3	midbrain	normal	male	29yo-50yo, 29-year-old stage (11378), 42-year-old stage (14203), 50-year-old stage (4326)	nucleus	283d65eb-dd53-496d-adb7-7570c7caa443	29907	a4116666-d295-4443-a174-0acc283f92c4.h5ad
Human Brain Cell Atlas v1.0	fa554686-fc07-44dd-b2de-b726d82d26ec	29674	3	10	10x 3' v3	cerebral cortex	normal	male	29yo-50yo, 29-year-old stage (10316), 42-year-old stage (8222), 50-year-old stage (11136)	nucleus	283d65eb-dd53-496d-adb7-7570c7caa443	29674	fa554686-fc07-44dd-b2de-b726d82d26ec.h5ad
Human Brain Cell Atlas v1.0	1cf24082-59de-4029-ac81-6e398768af3a	29522	3	10	10x 3' v3	cerebral cortex	normal	male	29yo-50yo, 29-year-old stage (12617), 42-year-old stage (9887), 50-year-old stage (7018)	nucleus	283d65eb-dd53-496d-adb7-7570c7caa443	29522	1cf24082-59de-4029-ac81-6e398768af3a.h5ad
HVS: Human variation study	3079e9b0-c6db-45c8-b998-a4555a73968e	28943	78	1	10x 3' v3	neocortex	normal	male & female	18yo-18yo, adult stage (28943)	cell	35928d1c-36fc-4f93-9a8d-0b921ab41745	28943	3079e9b0-c6db-45c8-b998-a4555a73968e.h5ad
HVS: Human variation study	93091496-be48-4122-b945-9af9c22a7535	28718	78	1	10x 3' v3	neocortex	normal	male & female	18yo-18yo, adult stage (28718)	cell	35928d1c-36fc-4f93-9a8d-0b921ab41745	28718	93091496-be48-4122-b945-9af9c22a7535.h5ad
HTAN VUMC - Differential pre-malignant programs and microenvironment chart distinct paths to malignancy in human colorectal polyps	e40c6272-af77-4a10-9385-62a398884f27	28165	21	9	TruDrop	ascending colon, descending colon, hepatic flexure of colon, rectum, sigmoid colon, transverse colon	normal	male & female	50yo-73yo, 50-year-old stage (12934), 54-year-old stage (1943), 57-year-old stage (740), 59-year-old stage (1573), 62-year-old stage (1376), 64-year-old stage (2934), 65-year-old stage (615), 67-year-old stage (657), 68-year-old stage (549), 70-year-old stage (2084), 72-year-old stage (1180), 73-year-old stage (1580)	cell	a48f5033-3438-4550-8574-cdff3263fdfd	65088	e40c6272-af77-4a10-9385-62a398884f27.h5ad
Human Brain Cell Atlas v1.0	5bc23cb2-8cfc-4960-bab1-c3027fbeefc4	28155	3	13	10x 3' v3	hypothalamus	normal	male	29yo-50yo, 29-year-old stage (11214), 42-year-old stage (6577), 50-year-old stage (10364)	nucleus	283d65eb-dd53-496d-adb7-7570c7caa443	28155	5bc23cb2-8cfc-4960-bab1-c3027fbeefc4.h5ad
Human Brain Cell Atlas v1.0	ff7d15fa-f4b6-4a0e-992e-fd0c9d088ded	28051	3	10	10x 3' v3	cerebral cortex	normal	male	29yo-50yo, 29-year-old stage (12557), 42-year-old stage (9766), 50-year-old stage (5728)	nucleus	283d65eb-dd53-496d-adb7-7570c7caa443	28051	ff7d15fa-f4b6-4a0e-992e-fd0c9d088ded.h5ad
Human Brain Cell Atlas v1.0	a59ba9fa-1407-4f15-8c56-d3637421570d	28028	3	11	10x 3' v3	cerebellum	normal	male	29yo-50yo, 29-year-old stage (8237), 42-year-old stage (11883), 50-year-old stage (7908)	nucleus	283d65eb-dd53-496d-adb7-7570c7caa443	28028	a59ba9fa-1407-4f15-8c56-d3637421570d.h5ad
Healthy living donor kidney	0bae7ebf-eb54-46a6-be9a-3461cecefa4c	27675	19	18	10x 3' v3	cortex of kidney	normal	male & female	33yo-65yo, 33-year-old stage (1264), 34-year-old stage (344), 35-year-old stage (2262), 37-year-old stage (315), 38-year-old stage (1102), 41-year-old stage (712), 42-year-old stage (1041), 43-year-old stage (679), 44-year-old stage (1811), 49-year-old stage (584), 50-year-old stage (606), 55-year-old stage (938), 57-year-old stage (2366), 58-year-old stage (3739), 60-year-old stage (1894), 64-year-old stage (3280), 65-year-old stage (4738)	cell	dc3a5256-5c39-4a21-ac0c-4ede3e7b2323	27675	0bae7ebf-eb54-46a6-be9a-3461cecefa4c.h5ad
An atlas of healthy and injured cell states and niches in the human kidney	0b75c598-0893-4216-afe8-5414cab7739d	27491	7	26	10x 3' v3	cortex of kidney, renal medulla	acute kidney failure, chronic kidney disease	male & female	36yo-70yo, 36-year-old stage (2891), 43-year-old stage (8609), 49-year-old stage (3190), 56-year-old stage (3056), 64-year-old stage (1661), 70-year-old stage (8084)	nucleus	bcb61471-2a44-4d00-a0af-ff085512674c	304652	0b75c598-0893-4216-afe8-5414cab7739d.h5ad
The landscape of immune dysregulation in Crohn’s disease revealed through single-cell transcriptomic profiling in the ileum and colon	6cf3634d-e911-44ad-bf52-c747a9af3c01	27405	20	7	10x 3' v2, 10x 3' v3	ascending colon, colon, colonic epithelium, descending colon, lamina propria of mucosa of colon	normal	male & female	20yo-70yo, third decade stage (10367), fourth decade stage (4167), fifth decade stage (100), sixth decade stage (9383), seventh decade stage (2270), eighth decade stage (1118)	cell	5c868b6f-62c5-4532-9d7f-a346ad4b50a7	39433	6cf3634d-e911-44ad-bf52-c747a9af3c01.h5ad
Dissecting novel myeloid-derived cell states through single-cell RNA-Seq and its impact on clinical outcome across tumor types	b617ee1b-f8c8-4de9-b82b-e803ab93550d	27269	13	10	10x 3' v2	colorectum, lung	normal	male & female	50yo-80yo, sixth decade stage (4053), seventh decade stage (18738), eighth decade stage (52), ninth decade stage (4426)	cell	3f7c572c-cd73-4b51-a313-207c7f20f188	391963	b617ee1b-f8c8-4de9-b82b-e803ab93550d.h5ad
Spatiotemporal immune zonation of the human kidney	d7dcfd8f-2ee7-4385-b9ac-e074c23ed190	27197	6	24	10x 3' v2	kidney	normal	male & female	prenatal-prenatal, 9th week post-fertilization stage (1542), 10th week post-fertilization stage (3280), 12th week post-fertilization stage (4709), 13th week post-fertilization stage (5998), 16th week post-fertilization stage (5618), embryonic stage (6050)	cell	120e86b4-1195-48c5-845b-b98054105eec	27197	d7dcfd8f-2ee7-4385-b9ac-e074c23ed190.h5ad
Transcriptomic cytoarchitecture reveals principles of human neocortex organization	a5d5c529-8a1f-40b5-bda3-35208970070d	26983	3	19	Smart-seq v4	primary auditory cortex, primary motor cortex, primary somatosensory cortex, primary visual cortex	normal	male & female	43yo-54yo, 43-year-old stage (9284), 50-year-old stage (8286), 54-year-old stage (9413)	nucleus	d17249d2-0e6e-4500-abb8-e6c93fa1ac6f	49417	a5d5c529-8a1f-40b5-bda3-35208970070d.h5ad
A transcriptional cross species map of pancreatic islet cells	3294d050-6eeb-4a00-b24c-71aacc9b777f	26474	5	4	10x 3' v2	islet of Langerhans	normal	male & female	22yo-74yo, 22-year-old stage (3913), 24-year-old stage (4462), 61-year-old stage (5200), 63-year-old stage (4749), 74-year-old stage (8150)	cell	0a77d4c0-d5d0-40f0-aa1a-5e1429bcbd7e	26474	3294d050-6eeb-4a00-b24c-71aacc9b777f.h5ad
Human Brain Cell Atlas v1.0	d6a5b240-cc8f-45c1-ad36-2fc291e15e8e	25875	2	11	10x 3' v3	midbrain	normal	male	29yo-42yo, 29-year-old stage (12506), 42-year-old stage (13369)	nucleus	283d65eb-dd53-496d-adb7-7570c7caa443	25875	d6a5b240-cc8f-45c1-ad36-2fc291e15e8e.h5ad
Early role for a Na+,K+-ATPase (ATP1A3) in brain development	82f6af6d-5313-439a-9936-5e844be49a70	25083	1	3	Drop-seq	prefrontal cortex, primary visual cortex	normal	unknown	7mo-7mo, 7-month-old stage (25083)	nucleus	e02201d7-f49f-401f-baf0-1eb1406546c0	51878	82f6af6d-5313-439a-9936-5e844be49a70.h5ad
Human Brain Cell Atlas v1.0	4d43082e-59cd-43ac-b77d-54d55519c881	24808	3	10	10x 3' v3	cerebral cortex	normal	male	29yo-50yo, 29-year-old stage (1513), 42-year-old stage (11032), 50-year-old stage (12263)	nucleus	283d65eb-dd53-496d-adb7-7570c7caa443	24808	4d43082e-59cd-43ac-b77d-54d55519c881.h5ad
Human Brain Cell Atlas v1.0	090da8ea-46e8-40df-bffc-1f78e1538d27	24190	1	13	10x 3' v3	spinal cord	normal	male	50yo-50yo, 50-year-old stage (24190)	nucleus	283d65eb-dd53-496d-adb7-7570c7caa443	24190	090da8ea-46e8-40df-bffc-1f78e1538d27.h5ad
Human Brain Cell Atlas v1.0	dd03ce70-3243-4c96-9561-330cc461e4d7	23732	3	10	10x 3' v3	cerebral cortex	normal	male	29yo-50yo, 29-year-old stage (846), 42-year-old stage (12038), 50-year-old stage (10848)	nucleus	283d65eb-dd53-496d-adb7-7570c7caa443	23732	dd03ce70-3243-4c96-9561-330cc461e4d7.h5ad
Single-soma transcriptomics of tangle-bearing neurons in Alzheimer’s disease	9813a1d4-d107-459e-9b2e-7687be935f69	23197	16	1	10x 3' v2, 10x 3' v3	prefrontal cortex	Alzheimer disease, normal	male & female	57yo-89yo, 57-year-old stage (1608), 61-year-old stage (2429), 62-year-old stage (2183), 66-year-old stage (1899), 67-year-old stage (1769), 68-year-old stage (960), 71-year-old stage (1254), 72-year-old stage (2097), 73-year-old stage (1440), 79-year-old stage (2172), 80 year-old and over stage (1061), 81-year-old stage (2564), 87-year-old stage (1056), 89-year-old stage (705)	cell	b953c942-f5d8-434f-9da7-e726ba7c1481	23197	9813a1d4-d107-459e-9b2e-7687be935f69.h5ad
Local and systemic responses to SARS-CoV-2 infection in children and adults	edc8d3fe-153c-4e3d-8be0-2108d30f8d70	22129	17	38	10x 5' v1	bronchus, trachea	normal	male & female	neonatal-5yo, newborn stage (0-28 days) (151), postnatal stage (704), child stage (1-4 yo) (11272), pediatric stage (3830), juvenile stage (5-14 yo) (6172)	cell	03f821b4-87be-4ff4-b65a-b5fc00061da7	236977	edc8d3fe-153c-4e3d-8be0-2108d30f8d70.h5ad
Organoid modeling of human fetal lung alveolar development reveals mechanisms of cell fate patterning and neonatal respiratory disease	43a1506b-aa9e-46a3-b288-d210f4595ddf	20475	15	8	10x 5' v1	lung epithelium	normal	unknown	prenatal-prenatal, sixth LMP month stage (20475)	cell	2d42fb2f-e635-466e-a2f4-9ea34f2e0feb	20475	43a1506b-aa9e-46a3-b288-d210f4595ddf.h5ad
Multimodal single cell sequencing implicates chromatin accessibility and genetic background in diabetic kidney disease progression	e067e5ca-e53e-485f-aa8e-efd5435229c8	20215	6	13	10x 3' v3, 10x 5' v1	cortex of kidney	normal, type 2 diabetes mellitus	male & female	51yo-78yo, 51-year-old stage (884), 52-year-old stage (2996), 57-year-old stage (2587), 59-year-old stage (8706), 74-year-old stage (2468), 78-year-old stage (2574)	nucleus	b3e2c6e3-9b05-4da9-8f42-da38a664b45b	39176	e067e5ca-e53e-485f-aa8e-efd5435229c8.h5ad
Human Brain Cell Atlas v1.0	03d38670-1444-4001-bc53-9936e61d9b20	20027	2	11	10x 3' v3	hypothalamus	normal	male	29yo-42yo, 29-year-old stage (11482), 42-year-old stage (8545)	nucleus	283d65eb-dd53-496d-adb7-7570c7caa443	20027	03d38670-1444-4001-bc53-9936e61d9b20.h5ad
Single cell transcriptional and chromatin accessibility profiling redefine cellular heterogeneity in the adult human kidney	9df60c57-fdf3-4e93-828e-fe9303f20438	19985	5	13	10x 5' v1	cortex of kidney	normal	male & female	50yo-62yo, 50-year-old stage (3683), 52-year-old stage (3804), 54-year-old stage (4114), 61-year-old stage (5464), 62-year-old stage (2920)	nucleus	9b02383a-9358-4f0f-9795-a891ec523bcc	19985	9df60c57-fdf3-4e93-828e-fe9303f20438.h5ad
Spatial multi-omic map of human myocardial infarction	f15e263b-6544-46cb-a46e-e33ab7ce8347	19722	3	9	10x 3' v3	heart left ventricle	myocardial infarction	male	29yo-61yo, 29-year-old stage (6807), 46-year-old stage (3726), 61-year-old stage (9189)	nucleus	8191c283-0816-424b-9b61-c3e1d6258a77	19722	f15e263b-6544-46cb-a46e-e33ab7ce8347.h5ad
HVS: Human variation study	4e374783-0152-423e-bcb6-b87cc232f64d	19711	78	1	10x 3' v3	neocortex	normal	male & female	18yo-18yo, adult stage (19711)	cell	35928d1c-36fc-4f93-9a8d-0b921ab41745	19711	4e374783-0152-423e-bcb6-b87cc232f64d.h5ad
Epithelial zonation along the mammalian small intestine defines five discrete metabolic domains	b6ee0939-b5b9-4e03-9d69-96fb6bf5d434	19200	1	10	10x 3' v3	small intestine	normal	male	30yo-30yo, 30-year-old stage (19200)	cell	3db5617e-9f12-4eb4-8416-94893a0d7c46	19200	b6ee0939-b5b9-4e03-9d69-96fb6bf5d434.h5ad
Human Brain Cell Atlas v1.0	f20f44ef-a0d4-4d94-87de-037fd47141f0	18728	1	11	10x 3' v3	hypothalamus	normal	male	42yo-42yo, 42-year-old stage (18728)	nucleus	283d65eb-dd53-496d-adb7-7570c7caa443	18728	f20f44ef-a0d4-4d94-87de-037fd47141f0.h5ad
Transcriptomic cytoarchitecture reveals principles of human neocortex organization	716a4acc-919e-4326-9672-ebe06ede84e6	18400	3	18	10x 3' v3	dorsolateral prefrontal cortex	normal	male & female	43yo-60yo, 43-year-old stage (5591), 50-year-old stage (7416), 60-year-old stage (5393)	nucleus	d17249d2-0e6e-4500-abb8-e6c93fa1ac6f	113339	716a4acc-919e-4326-9672-ebe06ede84e6.h5ad
Emphysema Cell Atlas	4b6af54a-4a21-46e0-bc8d-673c0561a836	18386	6	9	10x 3' v3	alveolus of lung	normal, pulmonary emphysema	male & female	60yo-73yo, 60-year-old stage (3262), 61-year-old stage (1656), 63-year-old stage (6182), 65-year-old stage (3651), 73-year-old stage (3635)	cell	03cdc7f4-bd08-49d0-a395-4487c0e5a168	18386	4b6af54a-4a21-46e0-bc8d-673c0561a836.h5ad
Single-cell transcriptomics reveals gene expression dynamics of human fetal kidney development	8dc29642-be06-46dc-a289-8075915745d4	17962	5	10	10x 3' v2	kidney	normal	male & female	prenatal-prenatal, Carnegie stage 19 (87), 9th week post-fertilization stage (4863), 11th week post-fertilization stage (3395), 14th week post-fertilization stage (6603), 16th week post-fertilization stage (3014)	cell	981b0c87-76d0-4edf-b201-58c52b5cd2f0	17962	8dc29642-be06-46dc-a289-8075915745d4.h5ad
Progressive plasticity during colorectal cancer metastasis	829a3cd1-a466-49f1-b2e9-d3f6b7f392e2	17880	18	9	10x 3' v3	descending colon, hepatic flexure of colon, rectum, sigmoid colon, transverse colon	normal	male & female	35yo-78yo, 35-year-old stage (55), 37-year-old stage (20), 39-year-old stage (215), 44-year-old stage (203), 45-year-old stage (671), 49-year-old stage (1207), 50-year-old stage (3014), 52-year-old stage (61), 55-year-old stage (391), 64-year-old stage (770), 65-year-old stage (832), 68-year-old stage (6280), 73-year-old stage (1099), 74-year-old stage (1516), 78-year-old stage (1546)	cell	1cbfb478-2c7f-4d15-b522-9f74e9fe52a8	47107	829a3cd1-a466-49f1-b2e9-d3f6b7f392e2.h5ad
Human Brain Cell Atlas v1.0	8039c63d-08b0-4fc9-af0f-5b57f08ca0da	17535	1	10	10x 3' v3	cerebral cortex	normal	male	50yo-50yo, 50-year-old stage (17535)	nucleus	283d65eb-dd53-496d-adb7-7570c7caa443	17535	8039c63d-08b0-4fc9-af0f-5b57f08ca0da.h5ad
Distinct microbial and immune niches of the human colon	2872f4b0-b171-46e2-abc6-befcf6de6306	17214	5	20	10x 3' v2, 10x 5' v2	sigmoid colon, transverse colon	normal	male & female	40yo-60yo, fifth decade stage (3776), sixth decade stage (5348), seventh decade stage (8090)	cell	7681c7d7-0168-4892-a547-6f02a6430ace	41650	2872f4b0-b171-46e2-abc6-befcf6de6306.h5ad
Human Brain Cell Atlas v1.0	35c8a04c-8639-4d15-8228-765d8d93fc96	16753	2	9	10x 3' v3	hypothalamus	normal	male	29yo-42yo, 29-year-old stage (7265), 42-year-old stage (9488)	nucleus	283d65eb-dd53-496d-adb7-7570c7caa443	16753	35c8a04c-8639-4d15-8228-765d8d93fc96.h5ad
HVS: Human variation study	1a974af7-8b4b-4abb-8aba-23e2979d9518	16668	78	1	10x 3' v3	neocortex	normal	male & female	18yo-18yo, adult stage (16668)	cell	35928d1c-36fc-4f93-9a8d-0b921ab41745	16668	1a974af7-8b4b-4abb-8aba-23e2979d9518.h5ad
Protracted Neuronal Recruitment in the Temporal Lobe of Young Children	72822932-10f6-466f-baf3-a2c1d89364bc	16416	12	9	10x 3' v3	entorhinal cortex	normal	male & female	prenatal-79yo, 21st week post-fertilization stage (3054), newborn stage (0-28 days) (2630), 1-month-old stage (1836), 2-month-old stage (2279), 2-year-old stage (1117), 3-year-old stage (565), 13-year-old stage (1046), 27-year-old stage (236), 50-year-old stage (788), 51-year-old stage (1402), 79-year-old stage (1463)	nucleus	cae8bad0-39e9-4771-85a7-822b0e06de9f	20470	72822932-10f6-466f-baf3-a2c1d89364bc.h5ad
HVS: Human variation study	ea95cdd5-cf7e-4d5d-a0bd-032776d32ae5	16319	78	1	10x 3' v3	neocortex	normal	male & female	18yo-18yo, adult stage (16319)	cell	35928d1c-36fc-4f93-9a8d-0b921ab41745	16319	ea95cdd5-cf7e-4d5d-a0bd-032776d32ae5.h5ad
Live Human Microglia Single-cell RNA-seq	a1b9c51e-a408-4f7f-bccb-abefe20ae2a5	16245	17	6	10x 3' v2	dorsolateral prefrontal cortex, temporal cortex	Alzheimer disease, temporal lobe epilepsy	male & female	18yo-18yo, adult stage (16245)	cell	fcb3d1c1-03d2-41ac-8229-458e072b7a1c	16245	a1b9c51e-a408-4f7f-bccb-abefe20ae2a5.h5ad
Blood and immune development in human fetal bone marrow and Down syndrome	471647b3-04fe-4c76-8372-3264feb950e8	16099	3	12	10x 3' v3	liver	normal	unknown	prenatal-prenatal, fourth LMP month stage (1352), fifth LMP month stage (14747)	cell	793fdaec-5067-428a-a9db-ecefe135c945	27998	471647b3-04fe-4c76-8372-3264feb950e8.h5ad
Cystic Fibrosis and healthy control biopsy	1ab4ebbc-18d6-4838-89c2-cdc5b10accfb	15855	3	29	10x 3' v3	carina of trachea	cystic fibrosis	male & female	18yo-18yo, adult stage (15855)	cell	54004c5c-af08-4693-a606-73871b6ef989	96479	1ab4ebbc-18d6-4838-89c2-cdc5b10accfb.h5ad
Single-nucleus transcriptome analysis reveals cell-type-specific molecular signatures across reward circuitry in the human brain	a24ce10f-5a87-4e1f-a34a-f4fe5fc84052	15669	5	10	10x 3' v3	anterior cingulate cortex	normal	male & female	51yo-68yo, 51-year-old stage (3880), 52-year-old stage (3959), 54-year-old stage (3174), 59-year-old stage (851), 68-year-old stage (3805)	nucleus	22ccff12-9a18-4b01-ba10-302df57a01f8	15669	a24ce10f-5a87-4e1f-a34a-f4fe5fc84052.h5ad
Single-cell and spatial transcriptomics characterisation of the immunological landscape in the healthy and PSC human liver	43560d7c-acd6-4ede-830d-c9ffc6cd0862	15216	23	9	10x 3' v2, 10x 5' v1	caudate lobe of liver	normal	male & female	18yo-20yo, late adult stage (1877), prime adult stage (7161), young adult stage (6178)	cell	0c8a364b-97b5-4cc8-a593-23c38c6f0ac5	16665	43560d7c-acd6-4ede-830d-c9ffc6cd0862.h5ad
Single-nucleus transcriptome analysis reveals cell-type-specific molecular signatures across reward circuitry in the human brain	f3c49918-4707-4d92-bb6d-2b5b4eb9d1b4	15177	5	13	10x 3' v3	amygdala	normal	male & female	51yo-68yo, 51-year-old stage (3259), 52-year-old stage (2635), 54-year-old stage (3294), 59-year-old stage (2465), 68-year-old stage (3524)	nucleus	22ccff12-9a18-4b01-ba10-302df57a01f8	15177	f3c49918-4707-4d92-bb6d-2b5b4eb9d1b4.h5ad
Human Brain Cell Atlas v1.0	64767efb-49b0-4562-a1bd-e619a5d9db41	14979	1	10	10x 3' v3	hypothalamus	normal	male	50yo-50yo, 50-year-old stage (14979)	nucleus	283d65eb-dd53-496d-adb7-7570c7caa443	14979	64767efb-49b0-4562-a1bd-e619a5d9db41.h5ad
Human Brain Cell Atlas v1.0	c7856243-c59a-4b70-8ce7-25b94c2d9da1	14352	1	10	10x 3' v3	cerebral cortex	normal	male	50yo-50yo, 50-year-old stage (14352)	nucleus	283d65eb-dd53-496d-adb7-7570c7caa443	14352	c7856243-c59a-4b70-8ce7-25b94c2d9da1.h5ad
Human Brain Cell Atlas v1.0	c5cfa2b7-abb1-4a50-908f-707b54ca606b	14094	2	11	10x 3' v3	midbrain	normal	male	29yo-50yo, 29-year-old stage (8290), 50-year-old stage (5804)	nucleus	283d65eb-dd53-496d-adb7-7570c7caa443	14094	c5cfa2b7-abb1-4a50-908f-707b54ca606b.h5ad
Human Brain Cell Atlas v1.0	40569510-2282-461b-84df-6218ef208e0e	13173	1	10	10x 3' v3	hypothalamus	normal	male	50yo-50yo, 50-year-old stage (13173)	nucleus	283d65eb-dd53-496d-adb7-7570c7caa443	13173	40569510-2282-461b-84df-6218ef208e0e.h5ad
Exploring cellular changes in ruptured human quadriceps tendons at single-cell resolution	acd544d0-4d8b-46c7-98b3-fc48f7e6fdb7	12808	6	22	10x 3' v3	tendon of quadriceps femoris	injury, normal	male	25yo-75yo, 25-year-old stage (1423), 29-year-old stage (1014), 44-year-old stage (4831), 67-year-old stage (3679), 69-year-old stage (1200), 75-year-old stage (661)	nucleus	579203e2-182f-47bc-8230-7aa47247e2a4	12808	acd544d0-4d8b-46c7-98b3-fc48f7e6fdb7.h5ad
A proximal-to-distal survey of healthy adult human small intestine and colon epithelium by single-cell transcriptomics	019c7af2-c827-4454-9970-44d5e39ce068	12590	3	17	10x 3' v3	ascending colon, descending colon, duodenum, ileum, jejunum, transverse colon	normal	male	29yo-53yo, 29-year-old stage (4330), 45-year-old stage (4465), 53-year-old stage (3795)	cell	64b24fda-6591-4ce1-89e7-33eb6c43ad7b	12590	019c7af2-c827-4454-9970-44d5e39ce068.h5ad
Human Brain Cell Atlas v1.0	22658f4f-9268-41ad-8828-cc53f4baa9fa	12557	1	11	10x 3' v3	hypothalamus	normal	male	50yo-50yo, 50-year-old stage (12557)	nucleus	283d65eb-dd53-496d-adb7-7570c7caa443	12557	22658f4f-9268-41ad-8828-cc53f4baa9fa.h5ad
HTAN MSK - Single cell profiling reveals novel tumor and myeloid subpopulations in small cell lung cancer	576f193c-75d0-4a11-bd25-8676587e6dc2	12315	4	10	10x 3' v2	lung	normal	male & female	70yo-82yo, 70-year-old stage (2454), 74-year-old stage (2979), 79-year-old stage (3829), 82-year-old stage (3053)	cell	62e8f058-9c37-48bc-9200-e767f318a8ec	147137	576f193c-75d0-4a11-bd25-8676587e6dc2.h5ad
Single-cell and spatial transcriptomics characterisation of the immunological landscape in the healthy and PSC human liver	76af615b-12fe-4ebb-b8c6-239ad29e26e3	11982	23	6	10x 3' v2, 10x 5' v1	caudate lobe of liver	normal	male & female	18yo-20yo, late adult stage (1385), prime adult stage (6327), young adult stage (4270)	cell	0c8a364b-97b5-4cc8-a593-23c38c6f0ac5	13635	76af615b-12fe-4ebb-b8c6-239ad29e26e3.h5ad
Mapping single-cell transcriptomes in the intra-tumoral and associated territories of kidney cancer	5af90777-6760-4003-9dba-8f945fec6fdf	11838	9	43	10x 5' transcription profiling	kidney	normal	male & female	40yo-70yo, fifth decade stage (569), sixth decade stage (6092), seventh decade stage (296), eighth decade stage (4881)	cell	f7cecffa-00b4-4560-a29a-8ad626b8ee08	270855	5af90777-6760-4003-9dba-8f945fec6fdf.h5ad
Single-Cell Sequencing of Developing Human Gut Reveals Transcriptional Links to Childhood Crohn’s Disease	8e47ed12-c658-4252-b126-381df8d52a3d	11302	8	31	10x 3' v2	ileum	normal	male & female	4yo-12yo, 4-year-old stage (4682), 6-year-old stage (1911), 9-year-old stage (1254), 10-year-old stage (2390), 12-year-old stage (1065)	cell	17481d16-ee44-49e5-bcf0-28c0780d8c4a	22502	8e47ed12-c658-4252-b126-381df8d52a3d.h5ad
HVS: Human variation study	31285bcd-9a28-48ce-8cc0-543af80261d3	11244	78	1	10x 3' v3	neocortex	normal	male & female	18yo-18yo, adult stage (11244)	cell	35928d1c-36fc-4f93-9a8d-0b921ab41745	11244	31285bcd-9a28-48ce-8cc0-543af80261d3.h5ad
Stress-induced RNA–chromatin interactions promote endothelial dysfunction	42b6a476-c51d-4f8b-b68b-44941b3a11bf	11243	4	2	10x 3' v3	mesenteric artery	normal, type 2 diabetes mellitus	male & female	28yo-59yo, 28-year-old stage (1555), 42-year-old stage (3840), 46-year-old stage (3913), 59-year-old stage (1935)	cell	db468083-041c-41ca-8f6f-bf991a070adf	11243	42b6a476-c51d-4f8b-b68b-44941b3a11bf.h5ad
Single-nucleus transcriptome analysis reveals cell-type-specific molecular signatures across reward circuitry in the human brain	07dd8c34-4625-480a-8ee4-273a06c3082b	11202	3	10	10x 3' v3	dorsolateral prefrontal cortex	normal	male	51yo-61yo, 51-year-old stage (1693), 54-year-old stage (4215), 61-year-old stage (5294)	nucleus	22ccff12-9a18-4b01-ba10-302df57a01f8	11202	07dd8c34-4625-480a-8ee4-273a06c3082b.h5ad
Single-cell transcriptomics of human T cells reveals tissue and activation signatures in health and disease	01209dce-3575-4bed-b1df-129f57fbc031	11059	2	6	10x 3' v2	lower lobe of left lung	normal	male	52yo-65yo, 52-year-old stage (7125), 65-year-old stage (3934)	cell	24d42e5e-ce6d-45ff-a66b-a3b3b715deaf	51876	01209dce-3575-4bed-b1df-129f57fbc031.h5ad
Automatic cell-type harmonization and integration across Human Cell Atlas datasets	1d89d081-f43d-401a-be76-bd6ef9259f4e	10352	9	18	CEL-seq2	liver	normal	male & female	34yo-77yo, 34-year-old stage (400), 45-year-old stage (1446), 52-year-old stage (1113), 55-year-old stage (1702), 64-year-old stage (66), 65-year-old stage (1523), 69-year-old stage (1254), 70-year-old stage (242), 77-year-old stage (2606)	cell	854c0855-23ad-4362-8b77-6b1639e7a9fc	259678	1d89d081-f43d-401a-be76-bd6ef9259f4e.h5ad
Human Brain Cell Atlas v1.0	00476f9f-ebc1-4b72-b541-32f912ce36ea	10099	1	11	10x 3' v3	hypothalamus	normal	male	42yo-42yo, 42-year-old stage (10099)	nucleus	283d65eb-dd53-496d-adb7-7570c7caa443	10099	00476f9f-ebc1-4b72-b541-32f912ce36ea.h5ad
Identification of distinct tumor cell populations and key genetic mechanisms through single cell sequencing in hepatoblastoma	ec6ceff8-c8bc-488d-b6bf-30df2fa92169	9665	2	8	10x 3' v3	liver	normal	unknown	unknown, unknown (9665)	nucleus	a261413d-835b-4f1e-ab0c-dada55ea6afd	67110	ec6ceff8-c8bc-488d-b6bf-30df2fa92169.h5ad
A novel human fetal lung-derived alveolar organoid model reveals mechanisms of surfactant protein C maturation relevant to interstitial lung disease	781cc817-3fd0-487c-a55a-b47b2786a05d	9619	5	5	10x 5' v1	lung	normal	unknown	unknown, unknown (9619)	cell	92db8a7e-8761-4317-873f-15606c016ce5	9619	781cc817-3fd0-487c-a55a-b47b2786a05d.h5ad
Single-cell and spatial transcriptomics characterisation of the immunological landscape in the healthy and PSC human liver	b550fd94-97e0-42e2-90f7-7434781ea2f8	9515	23	7	10x 3' v2, 10x 5' v1	caudate lobe of liver	normal	male & female	18yo-20yo, late adult stage (1109), prime adult stage (6044), young adult stage (2362)	cell	0c8a364b-97b5-4cc8-a593-23c38c6f0ac5	11127	b550fd94-97e0-42e2-90f7-7434781ea2f8.h5ad
A molecular cell atlas of the human lung from single cell RNA sequencing	e04daea4-4412-45b5-989e-76a9be070a89	8657	3	39	Smart-seq2	lung	normal	male & female	46yo-75yo, 46-year-old stage (3273), 51-year-old stage (2149), 75-year-old stage (3235)	cell	5d445965-6f1a-4b68-ba3a-b8f765155d3a	9409	e04daea4-4412-45b5-989e-76a9be070a89.h5ad
Early human lung immune cell development and its role in epithelial cell fate	8dc858b0-b076-4326-94bb-7c2d1cd721a3	8556	1	4	10x 5' transcription profiling	lung	normal	unknown	unknown, unknown (8556)	cell	ec329aed-22bc-4d6e-8935-8282dcb1acac	8556	8dc858b0-b076-4326-94bb-7c2d1cd721a3.h5ad
Single-cell and spatial transcriptomics characterisation of the immunological landscape in the healthy and PSC human liver	4ce8d8ec-b94c-4b79-afcb-b094336d8a78	8219	23	6	10x 3' v2, 10x 5' v1	caudate lobe of liver	normal	male & female	18yo-20yo, late adult stage (831), prime adult stage (4675), young adult stage (2713)	cell	0c8a364b-97b5-4cc8-a593-23c38c6f0ac5	9422	4ce8d8ec-b94c-4b79-afcb-b094336d8a78.h5ad
HVS: Human variation study	a30db232-08a6-48f0-ab9f-ad6977b8a6b1	8213	77	1	10x 3' v3	neocortex	normal	male & female	18yo-18yo, adult stage (8213)	cell	35928d1c-36fc-4f93-9a8d-0b921ab41745	8213	a30db232-08a6-48f0-ab9f-ad6977b8a6b1.h5ad
HVS: Human variation study	d5a2d011-3765-4dad-ac36-3fff087589fe	8093	78	1	10x 3' v3	neocortex	normal	male & female	18yo-18yo, adult stage (8093)	cell	35928d1c-36fc-4f93-9a8d-0b921ab41745	8093	d5a2d011-3765-4dad-ac36-3fff087589fe.h5ad
Multimodal benchmarking dataset for renal cortex characterization (mBDRC)	60a29d0b-1a37-4447-ac32-00d701580b47	7813	4	35	10x 5' v1	cortex of kidney	normal	male & female	53yo-79yo, 53-year-old stage (2383), 68-year-old stage (2376), 72-year-old stage (891), 79-year-old stage (2163)	cell	4cbb929b-b03b-4aa8-a943-00f61dc22641	97125	60a29d0b-1a37-4447-ac32-00d701580b47.h5ad
HVS: Human variation study	171b03c9-516b-499c-a434-fa4f70191988	7156	78	1	10x 3' v3	neocortex	normal	male & female	18yo-18yo, adult stage (7156)	cell	35928d1c-36fc-4f93-9a8d-0b921ab41745	7156	171b03c9-516b-499c-a434-fa4f70191988.h5ad
Single nuclei RNA- sequencing from the white matter of individuals with progressive MS and non-neurological controls	dc30c3ec-46d6-4cd8-8ec1-b544a3d0f503	6591	5	10	10x 3' v2	brain, brain white matter	normal	male & female	35yo-82yo, 35-year-old stage (991), 49-year-old stage (1361), 60-year-old stage (957), 64-year-old stage (1253), 82-year-old stage (2029)	cell	16c1e722-96ae-4bf6-b408-cd7f8918484f	17799	dc30c3ec-46d6-4cd8-8ec1-b544a3d0f503.h5ad
HVS: Human variation study	0de831e0-a525-4ec5-b717-df56f2de2bf0	6133	78	1	10x 3' v3	neocortex	normal	male & female	18yo-18yo, adult stage (6133)	cell	35928d1c-36fc-4f93-9a8d-0b921ab41745	6133	0de831e0-a525-4ec5-b717-df56f2de2bf0.h5ad
Single-cell analyses of renal cell cancers reveal insights into tumor microenvironment, cell of origin, and therapy response	f801b7a9-80a6-4d09-9161-71474deb58ae	6044	5	21	10x 3' v2	kidney	normal	male & female	65yo-76yo, 65-year-old stage (1526), 69-year-old stage (673), 70-year-old stage (724), 74-year-old stage (1626), 76-year-old stage (1495)	cell	1df8c90d-d299-4b2e-a54d-a5a80f36e780	6044	f801b7a9-80a6-4d09-9161-71474deb58ae.h5ad
Transcriptomic Analysis of Air-Liquid Interface Culture in Human Lung Organoids Reveals Regulators of Epithelial Differentiation	ef1a4b05-540c-4f73-8ceb-49dfa800645d	5594	2	3	10x 3' v3	lung	normal	unknown	18yo-45yo, late adult stage (3331), middle aged stage (2263)	cell	e9cf4e8d-05ed-4d95-b550-af35ca219390	5594	ef1a4b05-540c-4f73-8ceb-49dfa800645d.h5ad
HVS: Human variation study	0087cde2-967d-4f7c-8e6e-40e4c9ad1891	5399	78	1	10x 3' v3	neocortex	normal	male & female	18yo-18yo, adult stage (5399)	cell	35928d1c-36fc-4f93-9a8d-0b921ab41745	5399	0087cde2-967d-4f7c-8e6e-40e4c9ad1891.h5ad
Charting human development using a multi-endodermal organ atlas and organoid models	ee195b7d-184d-4dfa-9b1c-51a7e601ac11	5200	2	10	10x 3' v2	duodenum	normal	male & female	45yo-50yo, 45-year-old stage (2689), 50-year-old stage (2511)	cell	dfc09a93-bce0-4c77-893d-e153d1b7f9fa	5200	ee195b7d-184d-4dfa-9b1c-51a7e601ac11.h5ad
Dysregulation of brain and choroid plexus cell types in severe COVID-19	2f05ab20-a092-4bab-9276-3e0eb24e3fee	4863	3	13	10x 3' v3	medial orbital frontal cortex	cardiomyopathy, chronic obstructive pulmonary disease, myocardial infarction	male	58yo-82yo, 58-year-old stage (1285), 63-year-old stage (2055), 82-year-old stage (1523)	nucleus	59c9ecfe-c47d-4a6a-bab0-895cc0c1942b	38217	2f05ab20-a092-4bab-9276-3e0eb24e3fee.h5ad
Human Brain Cell Atlas v1.0	470565f2-5afc-456a-b617-18e4496c04fd	4714	1	11	10x 3' v3	midbrain	normal	male	29yo-29yo, 29-year-old stage (4714)	nucleus	283d65eb-dd53-496d-adb7-7570c7caa443	4714	470565f2-5afc-456a-b617-18e4496c04fd.h5ad
HVS: Human variation study	e2a325e2-5633-4950-ae46-ebff70979e3b	4683	78	1	10x 3' v3	neocortex	normal	male & female	18yo-18yo, adult stage (4683)	cell	35928d1c-36fc-4f93-9a8d-0b921ab41745	4683	e2a325e2-5633-4950-ae46-ebff70979e3b.h5ad
HVS: Human variation study	390b376d-8857-4b4b-991f-0d7326938172	4112	77	1	10x 3' v3	neocortex	normal	male & female	18yo-18yo, adult stage (4112)	cell	35928d1c-36fc-4f93-9a8d-0b921ab41745	4112	390b376d-8857-4b4b-991f-0d7326938172.h5ad
HVS: Human variation study	b6e502d7-0d07-408e-a291-91b63af0a40a	3934	61	1	10x 3' v3	neocortex	normal	male & female	18yo-18yo, adult stage (3934)	cell	35928d1c-36fc-4f93-9a8d-0b921ab41745	3934	b6e502d7-0d07-408e-a291-91b63af0a40a.h5ad
HTAN VUMC - Differential pre-malignant programs and microenvironment chart distinct paths to malignancy in human colorectal polyps	6a270451-b4d9-43e0-aa89-e33aac1ac74b	3237	38	7	TruDrop	ascending colon, descending colon, hepatic flexure of colon, rectum, sigmoid colon, transverse colon	normal	male & female	40yo-74yo, 40-year-old stage (17), 46-year-old stage (140), 50-year-old stage (154), 51-year-old stage (23), 52-year-old stage (921), 54-year-old stage (183), 56-year-old stage (30), 57-year-old stage (150), 58-year-old stage (362), 59-year-old stage (170), 62-year-old stage (116), 63-year-old stage (99), 64-year-old stage (87), 65-year-old stage (12), 66-year-old stage (199), 67-year-old stage (26), 68-year-old stage (27), 70-year-old stage (147), 71-year-old stage (12), 72-year-old stage (20), 73-year-old stage (278), 74-year-old stage (64)	cell	a48f5033-3438-4550-8574-cdff3263fdfd	10696	6a270451-b4d9-43e0-aa89-e33aac1ac74b.h5ad
Single-Cell Analysis of Human Pancreas Reveals Transcriptional Signatures of Aging and Somatic Mutation Patterns	66d15835-5dc8-4e96-b0eb-f48971cb65e8	2544	8	7	Smart-seq2	islet of Langerhans	normal	male & female	1mo-54yo, 1-month-old stage (221), 5-year-old stage (331), 6-year-old stage (178), 21-year-old stage (505), 22-year-old stage (286), 38-year-old stage (474), 44-year-old stage (277), 54-year-old stage (272)	cell	a238e9fa-2bdf-41df-8522-69046f99baff	2544	66d15835-5dc8-4e96-b0eb-f48971cb65e8.h5ad
Muraro Pancreas	b07e5164-baf6-43d2-bdba-5a249d0da879	2126	4	10	CEL-seq2	pancreas	normal	male & female	23yo-59yo, 23-year-old stage (574), 48-year-old stage (687), 54-year-old stage (182), 59-year-old stage (683)	cell	6e8c5415-302c-492a-a5f9-f29c57ff18fb	2126	b07e5164-baf6-43d2-bdba-5a249d0da879.h5ad
HVS: Human variation study	6929d6d1-6f81-44d7-bd35-5a580259af81	1875	78	1	10x 3' v3	neocortex	normal	male & female	18yo-18yo, adult stage (1875)	cell	35928d1c-36fc-4f93-9a8d-0b921ab41745	1875	6929d6d1-6f81-44d7-bd35-5a580259af81.h5ad
HVS: Human variation study	78f40dd6-ed22-470d-8547-6fb5746c25da	1465	77	1	10x 3' v3	neocortex	normal	male & female	18yo-18yo, adult stage (1465)	cell	35928d1c-36fc-4f93-9a8d-0b921ab41745	1465	78f40dd6-ed22-470d-8547-6fb5746c25da.h5ad
Intratumoral heterogeneity in recurrent pediatric pilocytic astrocytomas	be884a28-0eac-4eca-9c23-1294a93cf56e	1346	2	9	10x 3' v3	cerebellum	normal	female	1yo-1yo, pediatric stage (1346)	nucleus	10bf5c50-8d85-4c5f-94b4-22c1363d9f31	35637	be884a28-0eac-4eca-9c23-1294a93cf56e.h5ad
Single-cell and spatial transcriptomics characterisation of the immunological landscape in the healthy and PSC human liver	e347396c-a7ff-4691-9f7a-99a43555ca18	1241	22	4	10x 3' v2, 10x 5' v1	caudate lobe of liver	normal	male & female	18yo-20yo, late adult stage (69), prime adult stage (889), young adult stage (283)	cell	0c8a364b-97b5-4cc8-a593-23c38c6f0ac5	1417	e347396c-a7ff-4691-9f7a-99a43555ca18.h5ad
Single-cell and spatial transcriptomics characterisation of the immunological landscape in the healthy and PSC human liver	4993d61c-1d04-4630-9c61-8d9431f39adc	1167	23	4	10x 3' v2, 10x 5' v1	caudate lobe of liver	normal	male & female	18yo-20yo, late adult stage (334), prime adult stage (494), young adult stage (339)	cell	0c8a364b-97b5-4cc8-a593-23c38c6f0ac5	1250	4993d61c-1d04-4630-9c61-8d9431f39adc.h5ad
Single cell atlas of the human ocular surface	8ef06ea4-8d0f-4303-a652-7d4604402b1f	840	2	1	10x 3' v3	corneal endothelium	normal	male	22yo-75yo, 22-year-old stage (181), 75-year-old stage (659)	cell	0f7d022a-46c7-4e64-be4c-e34adbb78089	815769	8ef06ea4-8d0f-4303-a652-7d4604402b1f.h5ad
Single-cell and spatial transcriptomics characterisation of the immunological landscape in the healthy and PSC human liver	0c9a8cfb-6649-4d52-b418-6d8e56bd7afe	832	23	2	10x 3' v2, 10x 5' v1	caudate lobe of liver	normal	male & female	18yo-20yo, late adult stage (77), prime adult stage (484), young adult stage (271)	cell	0c8a364b-97b5-4cc8-a593-23c38c6f0ac5	1011	0c9a8cfb-6649-4d52-b418-6d8e56bd7afe.h5ad
Characterizing smoking-induced transcriptional heterogeneity in the human bronchial epithelium at single-cell resolution	61d327d1-2227-4c5f-9367-e3559dc79b07	796	12	9	CEL-seq	epithelium of main bronchus	normal	male & female	24yo-51yo, 24-year-old stage (70), 25-year-old stage (133), 26-year-old stage (72), 27-year-old stage (68), 34-year-old stage (79), 35-year-old stage (65), 43-year-old stage (79), 44-year-old stage (58), 49-year-old stage (74), 50-year-old stage (60), 51-year-old stage (38)	cell	1f0f863f-b69d-4ba3-8bab-d2727dd0aecf	796	61d327d1-2227-4c5f-9367-e3559dc79b07.h5ad
HVS: Human variation study	f9cfac8d-bff6-47a2-a1f6-503827d375f5	637	59	1	10x 3' v3	neocortex	normal	male & female	18yo-18yo, adult stage (637)	cell	35928d1c-36fc-4f93-9a8d-0b921ab41745	637	f9cfac8d-bff6-47a2-a1f6-503827d375f5.h5ad
HVS: Human variation study	4859642c-d155-437b-adf5-83ca6c1bef67	582	57	1	10x 3' v3	neocortex	normal	male & female	18yo-18yo, adult stage (582)	cell	35928d1c-36fc-4f93-9a8d-0b921ab41745	582	4859642c-d155-437b-adf5-83ca6c1bef67.h5ad
HVS: Human variation study	5e7fff82-b8eb-4220-bf65-c6feb6765ea1	563	71	1	10x 3' v3	neocortex	normal	male & female	18yo-18yo, adult stage (563)	cell	35928d1c-36fc-4f93-9a8d-0b921ab41745	563	5e7fff82-b8eb-4220-bf65-c6feb6765ea1.h5ad
HVS: Human variation study	149b2c3f-ee11-47a7-984b-923570280bd7	301	72	1	10x 3' v3	neocortex	normal	male & female	18yo-18yo, adult stage (301)	cell	35928d1c-36fc-4f93-9a8d-0b921ab41745	301	149b2c3f-ee11-47a7-984b-923570280bd7.h5ad
