gene,tissue,tissue_abbrev,tissue_color,n_significant_eqtls,parquet_file,gene_total_eqtls
DHX36,Thyroid,THYROID,#ff9900,1251,/Users/sho3/eqtl/gtex_v11_qtls/Thyroid.v11.eQTLs.signif_pairs.parquet,17563
DHX36,Esophagus_Muscularis,ESPMSL,#6aa84f,922,/Users/sho3/eqtl/gtex_v11_qtls/Esophagus_Muscularis.v11.eQTLs.signif_pairs.parquet,17563
DHX36,Brain_Cerebellar_Hemisphere,BRNCHA,#b6d7a8,846,/Users/sho3/eqtl/gtex_v11_qtls/Brain_Cerebellar_Hemisphere.v11.eQTLs.signif_pairs.parquet,17563
DHX36,Spleen,SPLEEN,#cc4125,825,/Users/sho3/eqtl/gtex_v11_qtls/Spleen.v11.eQTLs.signif_pairs.parquet,17563
DHX36,Nerve_Tibial,NERVET,#ffe599,821,/Users/sho3/eqtl/gtex_v11_qtls/Nerve_Tibial.v11.eQTLs.signif_pairs.parquet,17563
DHX36,Brain_Cerebellum,BRNCHB,#274e13,776,/Users/sho3/eqtl/gtex_v11_qtls/Brain_Cerebellum.v11.eQTLs.signif_pairs.parquet,17563
DHX36,Colon_Sigmoid,CLNSGM,#b45f06,683,/Users/sho3/eqtl/gtex_v11_qtls/Colon_Sigmoid.v11.eQTLs.signif_pairs.parquet,17563
DHX36,Colon_Transverse,CLNTRN,#e69138,642,/Users/sho3/eqtl/gtex_v11_qtls/Colon_Transverse.v11.eQTLs.signif_pairs.parquet,17563
DHX36,Muscle_Skeletal,MSCLSK,#b7b7b7,635,/Users/sho3/eqtl/gtex_v11_qtls/Muscle_Skeletal.v11.eQTLs.signif_pairs.parquet,17563
DHX36,Lung,LUNG,#6fa8dc,629,/Users/sho3/eqtl/gtex_v11_qtls/Lung.v11.eQTLs.signif_pairs.parquet,17563
DHX36,Artery_Aorta,ARTAORT,#e06666,627,/Users/sho3/eqtl/gtex_v11_qtls/Artery_Aorta.v11.eQTLs.signif_pairs.parquet,17563
DHX36,Adipose_Subcutaneous,ADPSBQ,#f1c232,621,/Users/sho3/eqtl/gtex_v11_qtls/Adipose_Subcutaneous.v11.eQTLs.signif_pairs.parquet,17563
DHX36,Skin_Not_Sun_Exposed_Suprapubic,SKINNS,#ffd966,611,/Users/sho3/eqtl/gtex_v11_qtls/Skin_Not_Sun_Exposed_Suprapubic.v11.eQTLs.signif_pairs.parquet,17563
DHX36,Pituitary,PITUTRY,#999999,580,/Users/sho3/eqtl/gtex_v11_qtls/Pituitary.v11.eQTLs.signif_pairs.parquet,17563
DHX36,Esophagus_Gastroesophageal_Junction,ESPGEJ,#d9ead3,543,/Users/sho3/eqtl/gtex_v11_qtls/Esophagus_Gastroesophageal_Junction.v11.eQTLs.signif_pairs.parquet,17563
DHX36,Adipose_Visceral_Omentum,ADPVSC,#f6b26b,528,/Users/sho3/eqtl/gtex_v11_qtls/Adipose_Visceral_Omentum.v11.eQTLs.signif_pairs.parquet,17563
DHX36,Heart_Atrial_Appendage,HRTAA,#a64d79,519,/Users/sho3/eqtl/gtex_v11_qtls/Heart_Atrial_Appendage.v11.eQTLs.signif_pairs.parquet,17563
DHX36,Pancreas,PNCREAS,#f9cb9c,509,/Users/sho3/eqtl/gtex_v11_qtls/Pancreas.v11.eQTLs.signif_pairs.parquet,17563
DHX36,Heart_Left_Ventricle,HRTLV,#741b47,403,/Users/sho3/eqtl/gtex_v11_qtls/Heart_Left_Ventricle.v11.eQTLs.signif_pairs.parquet,17563
DHX36,Breast_Mammary_Tissue,BREAST,#c27ba0,402,/Users/sho3/eqtl/gtex_v11_qtls/Breast_Mammary_Tissue.v11.eQTLs.signif_pairs.parquet,17563
DHX36,Stomach,STMACH,#b45f06,376,/Users/sho3/eqtl/gtex_v11_qtls/Stomach.v11.eQTLs.signif_pairs.parquet,17563
DHX36,Brain_Putamen_basal_ganglia,BRNPTM,#3d85c6,371,/Users/sho3/eqtl/gtex_v11_qtls/Brain_Putamen_basal_ganglia.v11.eQTLs.signif_pairs.parquet,17563
DHX36,Adrenal_Gland,ADREN,#8dd3c7,362,/Users/sho3/eqtl/gtex_v11_qtls/Adrenal_Gland.v11.eQTLs.signif_pairs.parquet,17563
DHX36,Prostate,PRSTTE,#cfe2f3,359,/Users/sho3/eqtl/gtex_v11_qtls/Prostate.v11.eQTLs.signif_pairs.parquet,17563
DHX36,Skin_Sun_Exposed_Lower_leg,SKINS,#f1c232,350,/Users/sho3/eqtl/gtex_v11_qtls/Skin_Sun_Exposed_Lower_leg.v11.eQTLs.signif_pairs.parquet,17563
DHX36,Brain_Cortex,BRNCTXA,#a2c4c9,310,/Users/sho3/eqtl/gtex_v11_qtls/Brain_Cortex.v11.eQTLs.signif_pairs.parquet,17563
DHX36,Ovary,OVARY,#ff00ff,274,/Users/sho3/eqtl/gtex_v11_qtls/Ovary.v11.eQTLs.signif_pairs.parquet,17563
DHX36,Small_Intestine_Terminal_Ileum,SNTRM,#ffff00,245,/Users/sho3/eqtl/gtex_v11_qtls/Small_Intestine_Terminal_Ileum.v11.eQTLs.signif_pairs.parquet,17563
DHX36,Cells_Cultured_fibroblasts,FIBRBLS,#674ea7,217,/Users/sho3/eqtl/gtex_v11_qtls/Cells_Cultured_fibroblasts.v11.eQTLs.signif_pairs.parquet,17563
DHX36,Whole_Blood,WHLBLD,#cc0000,214,/Users/sho3/eqtl/gtex_v11_qtls/Whole_Blood.v11.eQTLs.signif_pairs.parquet,17563
DHX36,Artery_Tibial,ARTTBL,#f4cccc,207,/Users/sho3/eqtl/gtex_v11_qtls/Artery_Tibial.v11.eQTLs.signif_pairs.parquet,17563
DHX36,Esophagus_Mucosa,ESPMCS,#93c47d,205,/Users/sho3/eqtl/gtex_v11_qtls/Esophagus_Mucosa.v11.eQTLs.signif_pairs.parquet,17563
DHX36,Minor_Salivary_Gland,SLVRYG,#d5a6bd,176,/Users/sho3/eqtl/gtex_v11_qtls/Minor_Salivary_Gland.v11.eQTLs.signif_pairs.parquet,17563
DHX36,Brain_Caudate_basal_ganglia,BRNCDT,#38761d,106,/Users/sho3/eqtl/gtex_v11_qtls/Brain_Caudate_basal_ganglia.v11.eQTLs.signif_pairs.parquet,17563
DHX36,Vagina,VAGINA,#ff66cc,99,/Users/sho3/eqtl/gtex_v11_qtls/Vagina.v11.eQTLs.signif_pairs.parquet,17563
DHX36,Artery_Coronary,ARTCRN,#cc0000,98,/Users/sho3/eqtl/gtex_v11_qtls/Artery_Coronary.v11.eQTLs.signif_pairs.parquet,17563
DHX36,Kidney_Cortex,KDNCTX,#00ffff,63,/Users/sho3/eqtl/gtex_v11_qtls/Kidney_Cortex.v11.eQTLs.signif_pairs.parquet,17563
DHX36,Liver,LIVER,#783f04,54,/Users/sho3/eqtl/gtex_v11_qtls/Liver.v11.eQTLs.signif_pairs.parquet,17563
DHX36,Bladder,BLDDER,#b4a7d6,53,/Users/sho3/eqtl/gtex_v11_qtls/Bladder.v11.eQTLs.signif_pairs.parquet,17563
DHX36,Brain_Frontal_Cortex_BA9,BRNCTXB,#76a5af,34,/Users/sho3/eqtl/gtex_v11_qtls/Brain_Frontal_Cortex_BA9.v11.eQTLs.signif_pairs.parquet,17563
DHX36,Testis,TESTIS,#e06666,17,/Users/sho3/eqtl/gtex_v11_qtls/Testis.v11.eQTLs.signif_pairs.parquet,17563
DHX36,Brain_Nucleus_accumbens_basal_ganglia,BRNACC,#0b5394,0,/Users/sho3/eqtl/gtex_v11_qtls/Brain_Nucleus_accumbens_basal_ganglia.v11.eQTLs.signif_pairs.parquet,17563
DHX36,Brain_Amygdala,BRNAMY,#93c47d,0,/Users/sho3/eqtl/gtex_v11_qtls/Brain_Amygdala.v11.eQTLs.signif_pairs.parquet,17563
DHX36,Brain_Anterior_cingulate_cortex_BA24,BRNCCC,#6aa84f,0,/Users/sho3/eqtl/gtex_v11_qtls/Brain_Anterior_cingulate_cortex_BA24.v11.eQTLs.signif_pairs.parquet,17563
DHX36,Brain_Hippocampus,BRNHPP,#134f5c,0,/Users/sho3/eqtl/gtex_v11_qtls/Brain_Hippocampus.v11.eQTLs.signif_pairs.parquet,17563
DHX36,Brain_Hypothalamus,BRNHPT,#45818e,0,/Users/sho3/eqtl/gtex_v11_qtls/Brain_Hypothalamus.v11.eQTLs.signif_pairs.parquet,17563
DHX36,Brain_Substantia_nigra,BRNSNG,#073763,0,/Users/sho3/eqtl/gtex_v11_qtls/Brain_Substantia_nigra.v11.eQTLs.signif_pairs.parquet,17563
DHX36,Brain_Spinal_cord_cervical_c-1,BRNSPC,#9fc5e8,0,/Users/sho3/eqtl/gtex_v11_qtls/Brain_Spinal_cord_cervical_c-1.v11.eQTLs.signif_pairs.parquet,17563
DHX36,Cells_EBV-transformed_lymphocytes,LCL,#351c75,0,/Users/sho3/eqtl/gtex_v11_qtls/Cells_EBV-transformed_lymphocytes.v11.eQTLs.signif_pairs.parquet,17563
DHX36,Uterus,UTERUS,#cc99ff,0,/Users/sho3/eqtl/gtex_v11_qtls/Uterus.v11.eQTLs.signif_pairs.parquet,17563
RPSA,Cells_Cultured_fibroblasts,FIBRBLS,#674ea7,598,/Users/sho3/eqtl/gtex_v11_qtls/Cells_Cultured_fibroblasts.v11.eQTLs.signif_pairs.parquet,16372
RPSA,Skin_Sun_Exposed_Lower_leg,SKINS,#f1c232,590,/Users/sho3/eqtl/gtex_v11_qtls/Skin_Sun_Exposed_Lower_leg.v11.eQTLs.signif_pairs.parquet,16372
RPSA,Muscle_Skeletal,MSCLSK,#b7b7b7,580,/Users/sho3/eqtl/gtex_v11_qtls/Muscle_Skeletal.v11.eQTLs.signif_pairs.parquet,16372
RPSA,Nerve_Tibial,NERVET,#ffe599,555,/Users/sho3/eqtl/gtex_v11_qtls/Nerve_Tibial.v11.eQTLs.signif_pairs.parquet,16372
RPSA,Lung,LUNG,#6fa8dc,527,/Users/sho3/eqtl/gtex_v11_qtls/Lung.v11.eQTLs.signif_pairs.parquet,16372
RPSA,Esophagus_Mucosa,ESPMCS,#93c47d,523,/Users/sho3/eqtl/gtex_v11_qtls/Esophagus_Mucosa.v11.eQTLs.signif_pairs.parquet,16372
RPSA,Adipose_Visceral_Omentum,ADPVSC,#f6b26b,518,/Users/sho3/eqtl/gtex_v11_qtls/Adipose_Visceral_Omentum.v11.eQTLs.signif_pairs.parquet,16372
RPSA,Adipose_Subcutaneous,ADPSBQ,#f1c232,515,/Users/sho3/eqtl/gtex_v11_qtls/Adipose_Subcutaneous.v11.eQTLs.signif_pairs.parquet,16372
RPSA,Artery_Tibial,ARTTBL,#f4cccc,501,/Users/sho3/eqtl/gtex_v11_qtls/Artery_Tibial.v11.eQTLs.signif_pairs.parquet,16372
RPSA,Skin_Not_Sun_Exposed_Suprapubic,SKINNS,#ffd966,484,/Users/sho3/eqtl/gtex_v11_qtls/Skin_Not_Sun_Exposed_Suprapubic.v11.eQTLs.signif_pairs.parquet,16372
RPSA,Testis,TESTIS,#e06666,472,/Users/sho3/eqtl/gtex_v11_qtls/Testis.v11.eQTLs.signif_pairs.parquet,16372
RPSA,Thyroid,THYROID,#ff9900,460,/Users/sho3/eqtl/gtex_v11_qtls/Thyroid.v11.eQTLs.signif_pairs.parquet,16372
RPSA,Artery_Aorta,ARTAORT,#e06666,454,/Users/sho3/eqtl/gtex_v11_qtls/Artery_Aorta.v11.eQTLs.signif_pairs.parquet,16372
RPSA,Colon_Transverse,CLNTRN,#e69138,449,/Users/sho3/eqtl/gtex_v11_qtls/Colon_Transverse.v11.eQTLs.signif_pairs.parquet,16372
RPSA,Whole_Blood,WHLBLD,#cc0000,447,/Users/sho3/eqtl/gtex_v11_qtls/Whole_Blood.v11.eQTLs.signif_pairs.parquet,16372
RPSA,Pancreas,PNCREAS,#f9cb9c,421,/Users/sho3/eqtl/gtex_v11_qtls/Pancreas.v11.eQTLs.signif_pairs.parquet,16372
RPSA,Stomach,STMACH,#b45f06,404,/Users/sho3/eqtl/gtex_v11_qtls/Stomach.v11.eQTLs.signif_pairs.parquet,16372
RPSA,Cells_EBV-transformed_lymphocytes,LCL,#351c75,403,/Users/sho3/eqtl/gtex_v11_qtls/Cells_EBV-transformed_lymphocytes.v11.eQTLs.signif_pairs.parquet,16372
RPSA,Breast_Mammary_Tissue,BREAST,#c27ba0,398,/Users/sho3/eqtl/gtex_v11_qtls/Breast_Mammary_Tissue.v11.eQTLs.signif_pairs.parquet,16372
RPSA,Brain_Cerebellum,BRNCHB,#274e13,398,/Users/sho3/eqtl/gtex_v11_qtls/Brain_Cerebellum.v11.eQTLs.signif_pairs.parquet,16372
RPSA,Esophagus_Muscularis,ESPMSL,#6aa84f,390,/Users/sho3/eqtl/gtex_v11_qtls/Esophagus_Muscularis.v11.eQTLs.signif_pairs.parquet,16372
RPSA,Pituitary,PITUTRY,#999999,369,/Users/sho3/eqtl/gtex_v11_qtls/Pituitary.v11.eQTLs.signif_pairs.parquet,16372
RPSA,Esophagus_Gastroesophageal_Junction,ESPGEJ,#d9ead3,367,/Users/sho3/eqtl/gtex_v11_qtls/Esophagus_Gastroesophageal_Junction.v11.eQTLs.signif_pairs.parquet,16372
RPSA,Brain_Spinal_cord_cervical_c-1,BRNSPC,#9fc5e8,360,/Users/sho3/eqtl/gtex_v11_qtls/Brain_Spinal_cord_cervical_c-1.v11.eQTLs.signif_pairs.parquet,16372
RPSA,Heart_Atrial_Appendage,HRTAA,#a64d79,355,/Users/sho3/eqtl/gtex_v11_qtls/Heart_Atrial_Appendage.v11.eQTLs.signif_pairs.parquet,16372
RPSA,Adrenal_Gland,ADREN,#8dd3c7,352,/Users/sho3/eqtl/gtex_v11_qtls/Adrenal_Gland.v11.eQTLs.signif_pairs.parquet,16372
RPSA,Liver,LIVER,#783f04,323,/Users/sho3/eqtl/gtex_v11_qtls/Liver.v11.eQTLs.signif_pairs.parquet,16372
RPSA,Brain_Cerebellar_Hemisphere,BRNCHA,#b6d7a8,295,/Users/sho3/eqtl/gtex_v11_qtls/Brain_Cerebellar_Hemisphere.v11.eQTLs.signif_pairs.parquet,16372
RPSA,Spleen,SPLEEN,#cc4125,283,/Users/sho3/eqtl/gtex_v11_qtls/Spleen.v11.eQTLs.signif_pairs.parquet,16372
RPSA,Heart_Left_Ventricle,HRTLV,#741b47,279,/Users/sho3/eqtl/gtex_v11_qtls/Heart_Left_Ventricle.v11.eQTLs.signif_pairs.parquet,16372
RPSA,Colon_Sigmoid,CLNSGM,#b45f06,276,/Users/sho3/eqtl/gtex_v11_qtls/Colon_Sigmoid.v11.eQTLs.signif_pairs.parquet,16372
RPSA,Brain_Cortex,BRNCTXA,#a2c4c9,274,/Users/sho3/eqtl/gtex_v11_qtls/Brain_Cortex.v11.eQTLs.signif_pairs.parquet,16372
RPSA,Artery_Coronary,ARTCRN,#cc0000,262,/Users/sho3/eqtl/gtex_v11_qtls/Artery_Coronary.v11.eQTLs.signif_pairs.parquet,16372
RPSA,Minor_Salivary_Gland,SLVRYG,#d5a6bd,252,/Users/sho3/eqtl/gtex_v11_qtls/Minor_Salivary_Gland.v11.eQTLs.signif_pairs.parquet,16372
RPSA,Brain_Caudate_basal_ganglia,BRNCDT,#38761d,225,/Users/sho3/eqtl/gtex_v11_qtls/Brain_Caudate_basal_ganglia.v11.eQTLs.signif_pairs.parquet,16372
RPSA,Brain_Hippocampus,BRNHPP,#134f5c,222,/Users/sho3/eqtl/gtex_v11_qtls/Brain_Hippocampus.v11.eQTLs.signif_pairs.parquet,16372
RPSA,Brain_Hypothalamus,BRNHPT,#45818e,205,/Users/sho3/eqtl/gtex_v11_qtls/Brain_Hypothalamus.v11.eQTLs.signif_pairs.parquet,16372
RPSA,Ovary,OVARY,#ff00ff,202,/Users/sho3/eqtl/gtex_v11_qtls/Ovary.v11.eQTLs.signif_pairs.parquet,16372
RPSA,Brain_Frontal_Cortex_BA9,BRNCTXB,#76a5af,199,/Users/sho3/eqtl/gtex_v11_qtls/Brain_Frontal_Cortex_BA9.v11.eQTLs.signif_pairs.parquet,16372
RPSA,Small_Intestine_Terminal_Ileum,SNTRM,#ffff00,190,/Users/sho3/eqtl/gtex_v11_qtls/Small_Intestine_Terminal_Ileum.v11.eQTLs.signif_pairs.parquet,16372
RPSA,Prostate,PRSTTE,#cfe2f3,189,/Users/sho3/eqtl/gtex_v11_qtls/Prostate.v11.eQTLs.signif_pairs.parquet,16372
RPSA,Brain_Substantia_nigra,BRNSNG,#073763,185,/Users/sho3/eqtl/gtex_v11_qtls/Brain_Substantia_nigra.v11.eQTLs.signif_pairs.parquet,16372
RPSA,Uterus,UTERUS,#cc99ff,185,/Users/sho3/eqtl/gtex_v11_qtls/Uterus.v11.eQTLs.signif_pairs.parquet,16372
RPSA,Brain_Putamen_basal_ganglia,BRNPTM,#3d85c6,182,/Users/sho3/eqtl/gtex_v11_qtls/Brain_Putamen_basal_ganglia.v11.eQTLs.signif_pairs.parquet,16372
RPSA,Vagina,VAGINA,#ff66cc,156,/Users/sho3/eqtl/gtex_v11_qtls/Vagina.v11.eQTLs.signif_pairs.parquet,16372
RPSA,Brain_Nucleus_accumbens_basal_ganglia,BRNACC,#0b5394,54,/Users/sho3/eqtl/gtex_v11_qtls/Brain_Nucleus_accumbens_basal_ganglia.v11.eQTLs.signif_pairs.parquet,16372
RPSA,Brain_Anterior_cingulate_cortex_BA24,BRNCCC,#6aa84f,35,/Users/sho3/eqtl/gtex_v11_qtls/Brain_Anterior_cingulate_cortex_BA24.v11.eQTLs.signif_pairs.parquet,16372
RPSA,Brain_Amygdala,BRNAMY,#93c47d,7,/Users/sho3/eqtl/gtex_v11_qtls/Brain_Amygdala.v11.eQTLs.signif_pairs.parquet,16372
RPSA,Kidney_Cortex,KDNCTX,#00ffff,2,/Users/sho3/eqtl/gtex_v11_qtls/Kidney_Cortex.v11.eQTLs.signif_pairs.parquet,16372
RPSA,Bladder,BLDDER,#b4a7d6,0,/Users/sho3/eqtl/gtex_v11_qtls/Bladder.v11.eQTLs.signif_pairs.parquet,16372
DDX6,Adipose_Subcutaneous,ADPSBQ,#f1c232,528,/Users/sho3/eqtl/gtex_v11_qtls/Adipose_Subcutaneous.v11.eQTLs.signif_pairs.parquet,10330
DDX6,Nerve_Tibial,NERVET,#ffe599,528,/Users/sho3/eqtl/gtex_v11_qtls/Nerve_Tibial.v11.eQTLs.signif_pairs.parquet,10330
DDX6,Adipose_Visceral_Omentum,ADPVSC,#f6b26b,471,/Users/sho3/eqtl/gtex_v11_qtls/Adipose_Visceral_Omentum.v11.eQTLs.signif_pairs.parquet,10330
DDX6,Whole_Blood,WHLBLD,#cc0000,470,/Users/sho3/eqtl/gtex_v11_qtls/Whole_Blood.v11.eQTLs.signif_pairs.parquet,10330
DDX6,Esophagus_Muscularis,ESPMSL,#6aa84f,459,/Users/sho3/eqtl/gtex_v11_qtls/Esophagus_Muscularis.v11.eQTLs.signif_pairs.parquet,10330
DDX6,Thyroid,THYROID,#ff9900,449,/Users/sho3/eqtl/gtex_v11_qtls/Thyroid.v11.eQTLs.signif_pairs.parquet,10330
DDX6,Brain_Hypothalamus,BRNHPT,#45818e,426,/Users/sho3/eqtl/gtex_v11_qtls/Brain_Hypothalamus.v11.eQTLs.signif_pairs.parquet,10330
DDX6,Colon_Transverse,CLNTRN,#e69138,412,/Users/sho3/eqtl/gtex_v11_qtls/Colon_Transverse.v11.eQTLs.signif_pairs.parquet,10330
DDX6,Skin_Sun_Exposed_Lower_leg,SKINS,#f1c232,369,/Users/sho3/eqtl/gtex_v11_qtls/Skin_Sun_Exposed_Lower_leg.v11.eQTLs.signif_pairs.parquet,10330
DDX6,Artery_Tibial,ARTTBL,#f4cccc,364,/Users/sho3/eqtl/gtex_v11_qtls/Artery_Tibial.v11.eQTLs.signif_pairs.parquet,10330
DDX6,Colon_Sigmoid,CLNSGM,#b45f06,346,/Users/sho3/eqtl/gtex_v11_qtls/Colon_Sigmoid.v11.eQTLs.signif_pairs.parquet,10330
DDX6,Pituitary,PITUTRY,#999999,341,/Users/sho3/eqtl/gtex_v11_qtls/Pituitary.v11.eQTLs.signif_pairs.parquet,10330
DDX6,Testis,TESTIS,#e06666,336,/Users/sho3/eqtl/gtex_v11_qtls/Testis.v11.eQTLs.signif_pairs.parquet,10330
DDX6,Brain_Cortex,BRNCTXA,#a2c4c9,328,/Users/sho3/eqtl/gtex_v11_qtls/Brain_Cortex.v11.eQTLs.signif_pairs.parquet,10330
DDX6,Esophagus_Gastroesophageal_Junction,ESPGEJ,#d9ead3,325,/Users/sho3/eqtl/gtex_v11_qtls/Esophagus_Gastroesophageal_Junction.v11.eQTLs.signif_pairs.parquet,10330
DDX6,Brain_Frontal_Cortex_BA9,BRNCTXB,#76a5af,310,/Users/sho3/eqtl/gtex_v11_qtls/Brain_Frontal_Cortex_BA9.v11.eQTLs.signif_pairs.parquet,10330
DDX6,Cells_Cultured_fibroblasts,FIBRBLS,#674ea7,309,/Users/sho3/eqtl/gtex_v11_qtls/Cells_Cultured_fibroblasts.v11.eQTLs.signif_pairs.parquet,10330
DDX6,Prostate,PRSTTE,#cfe2f3,304,/Users/sho3/eqtl/gtex_v11_qtls/Prostate.v11.eQTLs.signif_pairs.parquet,10330
DDX6,Stomach,STMACH,#b45f06,287,/Users/sho3/eqtl/gtex_v11_qtls/Stomach.v11.eQTLs.signif_pairs.parquet,10330
DDX6,Heart_Left_Ventricle,HRTLV,#741b47,271,/Users/sho3/eqtl/gtex_v11_qtls/Heart_Left_Ventricle.v11.eQTLs.signif_pairs.parquet,10330
DDX6,Esophagus_Mucosa,ESPMCS,#93c47d,269,/Users/sho3/eqtl/gtex_v11_qtls/Esophagus_Mucosa.v11.eQTLs.signif_pairs.parquet,10330
DDX6,Heart_Atrial_Appendage,HRTAA,#a64d79,237,/Users/sho3/eqtl/gtex_v11_qtls/Heart_Atrial_Appendage.v11.eQTLs.signif_pairs.parquet,10330
DDX6,Brain_Amygdala,BRNAMY,#93c47d,221,/Users/sho3/eqtl/gtex_v11_qtls/Brain_Amygdala.v11.eQTLs.signif_pairs.parquet,10330
DDX6,Muscle_Skeletal,MSCLSK,#b7b7b7,211,/Users/sho3/eqtl/gtex_v11_qtls/Muscle_Skeletal.v11.eQTLs.signif_pairs.parquet,10330
DDX6,Spleen,SPLEEN,#cc4125,176,/Users/sho3/eqtl/gtex_v11_qtls/Spleen.v11.eQTLs.signif_pairs.parquet,10330
DDX6,Lung,LUNG,#6fa8dc,172,/Users/sho3/eqtl/gtex_v11_qtls/Lung.v11.eQTLs.signif_pairs.parquet,10330
DDX6,Brain_Cerebellum,BRNCHB,#274e13,171,/Users/sho3/eqtl/gtex_v11_qtls/Brain_Cerebellum.v11.eQTLs.signif_pairs.parquet,10330
DDX6,Pancreas,PNCREAS,#f9cb9c,170,/Users/sho3/eqtl/gtex_v11_qtls/Pancreas.v11.eQTLs.signif_pairs.parquet,10330
DDX6,Skin_Not_Sun_Exposed_Suprapubic,SKINNS,#ffd966,164,/Users/sho3/eqtl/gtex_v11_qtls/Skin_Not_Sun_Exposed_Suprapubic.v11.eQTLs.signif_pairs.parquet,10330
DDX6,Brain_Substantia_nigra,BRNSNG,#073763,131,/Users/sho3/eqtl/gtex_v11_qtls/Brain_Substantia_nigra.v11.eQTLs.signif_pairs.parquet,10330
DDX6,Brain_Caudate_basal_ganglia,BRNCDT,#38761d,126,/Users/sho3/eqtl/gtex_v11_qtls/Brain_Caudate_basal_ganglia.v11.eQTLs.signif_pairs.parquet,10330
DDX6,Brain_Spinal_cord_cervical_c-1,BRNSPC,#9fc5e8,119,/Users/sho3/eqtl/gtex_v11_qtls/Brain_Spinal_cord_cervical_c-1.v11.eQTLs.signif_pairs.parquet,10330
DDX6,Artery_Aorta,ARTAORT,#e06666,113,/Users/sho3/eqtl/gtex_v11_qtls/Artery_Aorta.v11.eQTLs.signif_pairs.parquet,10330
DDX6,Liver,LIVER,#783f04,100,/Users/sho3/eqtl/gtex_v11_qtls/Liver.v11.eQTLs.signif_pairs.parquet,10330
DDX6,Artery_Coronary,ARTCRN,#cc0000,92,/Users/sho3/eqtl/gtex_v11_qtls/Artery_Coronary.v11.eQTLs.signif_pairs.parquet,10330
DDX6,Brain_Putamen_basal_ganglia,BRNPTM,#3d85c6,86,/Users/sho3/eqtl/gtex_v11_qtls/Brain_Putamen_basal_ganglia.v11.eQTLs.signif_pairs.parquet,10330
DDX6,Brain_Hippocampus,BRNHPP,#134f5c,59,/Users/sho3/eqtl/gtex_v11_qtls/Brain_Hippocampus.v11.eQTLs.signif_pairs.parquet,10330
DDX6,Breast_Mammary_Tissue,BREAST,#c27ba0,43,/Users/sho3/eqtl/gtex_v11_qtls/Breast_Mammary_Tissue.v11.eQTLs.signif_pairs.parquet,10330
DDX6,Brain_Cerebellar_Hemisphere,BRNCHA,#b6d7a8,33,/Users/sho3/eqtl/gtex_v11_qtls/Brain_Cerebellar_Hemisphere.v11.eQTLs.signif_pairs.parquet,10330
DDX6,Cells_EBV-transformed_lymphocytes,LCL,#351c75,2,/Users/sho3/eqtl/gtex_v11_qtls/Cells_EBV-transformed_lymphocytes.v11.eQTLs.signif_pairs.parquet,10330
DDX6,Brain_Nucleus_accumbens_basal_ganglia,BRNACC,#0b5394,1,/Users/sho3/eqtl/gtex_v11_qtls/Brain_Nucleus_accumbens_basal_ganglia.v11.eQTLs.signif_pairs.parquet,10330
DDX6,Small_Intestine_Terminal_Ileum,SNTRM,#ffff00,1,/Users/sho3/eqtl/gtex_v11_qtls/Small_Intestine_Terminal_Ileum.v11.eQTLs.signif_pairs.parquet,10330
DDX6,Adrenal_Gland,ADREN,#8dd3c7,0,/Users/sho3/eqtl/gtex_v11_qtls/Adrenal_Gland.v11.eQTLs.signif_pairs.parquet,10330
DDX6,Bladder,BLDDER,#b4a7d6,0,/Users/sho3/eqtl/gtex_v11_qtls/Bladder.v11.eQTLs.signif_pairs.parquet,10330
DDX6,Brain_Anterior_cingulate_cortex_BA24,BRNCCC,#6aa84f,0,/Users/sho3/eqtl/gtex_v11_qtls/Brain_Anterior_cingulate_cortex_BA24.v11.eQTLs.signif_pairs.parquet,10330
DDX6,Kidney_Cortex,KDNCTX,#00ffff,0,/Users/sho3/eqtl/gtex_v11_qtls/Kidney_Cortex.v11.eQTLs.signif_pairs.parquet,10330
DDX6,Ovary,OVARY,#ff00ff,0,/Users/sho3/eqtl/gtex_v11_qtls/Ovary.v11.eQTLs.signif_pairs.parquet,10330
DDX6,Minor_Salivary_Gland,SLVRYG,#d5a6bd,0,/Users/sho3/eqtl/gtex_v11_qtls/Minor_Salivary_Gland.v11.eQTLs.signif_pairs.parquet,10330
DDX6,Uterus,UTERUS,#cc99ff,0,/Users/sho3/eqtl/gtex_v11_qtls/Uterus.v11.eQTLs.signif_pairs.parquet,10330
DDX6,Vagina,VAGINA,#ff66cc,0,/Users/sho3/eqtl/gtex_v11_qtls/Vagina.v11.eQTLs.signif_pairs.parquet,10330
DHX58,Artery_Tibial,ARTTBL,#f4cccc,462,/Users/sho3/eqtl/gtex_v11_qtls/Artery_Tibial.v11.eQTLs.signif_pairs.parquet,6493
DHX58,Cells_Cultured_fibroblasts,FIBRBLS,#674ea7,372,/Users/sho3/eqtl/gtex_v11_qtls/Cells_Cultured_fibroblasts.v11.eQTLs.signif_pairs.parquet,6493
DHX58,Adipose_Subcutaneous,ADPSBQ,#f1c232,299,/Users/sho3/eqtl/gtex_v11_qtls/Adipose_Subcutaneous.v11.eQTLs.signif_pairs.parquet,6493
DHX58,Nerve_Tibial,NERVET,#ffe599,295,/Users/sho3/eqtl/gtex_v11_qtls/Nerve_Tibial.v11.eQTLs.signif_pairs.parquet,6493
DHX58,Esophagus_Muscularis,ESPMSL,#6aa84f,277,/Users/sho3/eqtl/gtex_v11_qtls/Esophagus_Muscularis.v11.eQTLs.signif_pairs.parquet,6493
DHX58,Esophagus_Mucosa,ESPMCS,#93c47d,276,/Users/sho3/eqtl/gtex_v11_qtls/Esophagus_Mucosa.v11.eQTLs.signif_pairs.parquet,6493
DHX58,Adipose_Visceral_Omentum,ADPVSC,#f6b26b,264,/Users/sho3/eqtl/gtex_v11_qtls/Adipose_Visceral_Omentum.v11.eQTLs.signif_pairs.parquet,6493
DHX58,Lung,LUNG,#6fa8dc,235,/Users/sho3/eqtl/gtex_v11_qtls/Lung.v11.eQTLs.signif_pairs.parquet,6493
DHX58,Whole_Blood,WHLBLD,#cc0000,230,/Users/sho3/eqtl/gtex_v11_qtls/Whole_Blood.v11.eQTLs.signif_pairs.parquet,6493
DHX58,Skin_Sun_Exposed_Lower_leg,SKINS,#f1c232,227,/Users/sho3/eqtl/gtex_v11_qtls/Skin_Sun_Exposed_Lower_leg.v11.eQTLs.signif_pairs.parquet,6493
DHX58,Colon_Transverse,CLNTRN,#e69138,221,/Users/sho3/eqtl/gtex_v11_qtls/Colon_Transverse.v11.eQTLs.signif_pairs.parquet,6493
DHX58,Cells_EBV-transformed_lymphocytes,LCL,#351c75,219,/Users/sho3/eqtl/gtex_v11_qtls/Cells_EBV-transformed_lymphocytes.v11.eQTLs.signif_pairs.parquet,6493
DHX58,Breast_Mammary_Tissue,BREAST,#c27ba0,211,/Users/sho3/eqtl/gtex_v11_qtls/Breast_Mammary_Tissue.v11.eQTLs.signif_pairs.parquet,6493
DHX58,Heart_Atrial_Appendage,HRTAA,#a64d79,207,/Users/sho3/eqtl/gtex_v11_qtls/Heart_Atrial_Appendage.v11.eQTLs.signif_pairs.parquet,6493
DHX58,Skin_Not_Sun_Exposed_Suprapubic,SKINNS,#ffd966,206,/Users/sho3/eqtl/gtex_v11_qtls/Skin_Not_Sun_Exposed_Suprapubic.v11.eQTLs.signif_pairs.parquet,6493
DHX58,Colon_Sigmoid,CLNSGM,#b45f06,197,/Users/sho3/eqtl/gtex_v11_qtls/Colon_Sigmoid.v11.eQTLs.signif_pairs.parquet,6493
DHX58,Muscle_Skeletal,MSCLSK,#b7b7b7,184,/Users/sho3/eqtl/gtex_v11_qtls/Muscle_Skeletal.v11.eQTLs.signif_pairs.parquet,6493
DHX58,Artery_Aorta,ARTAORT,#e06666,164,/Users/sho3/eqtl/gtex_v11_qtls/Artery_Aorta.v11.eQTLs.signif_pairs.parquet,6493
DHX58,Esophagus_Gastroesophageal_Junction,ESPGEJ,#d9ead3,138,/Users/sho3/eqtl/gtex_v11_qtls/Esophagus_Gastroesophageal_Junction.v11.eQTLs.signif_pairs.parquet,6493
DHX58,Testis,TESTIS,#e06666,138,/Users/sho3/eqtl/gtex_v11_qtls/Testis.v11.eQTLs.signif_pairs.parquet,6493
DHX58,Pancreas,PNCREAS,#f9cb9c,134,/Users/sho3/eqtl/gtex_v11_qtls/Pancreas.v11.eQTLs.signif_pairs.parquet,6493
DHX58,Thyroid,THYROID,#ff9900,126,/Users/sho3/eqtl/gtex_v11_qtls/Thyroid.v11.eQTLs.signif_pairs.parquet,6493
DHX58,Spleen,SPLEEN,#cc4125,111,/Users/sho3/eqtl/gtex_v11_qtls/Spleen.v11.eQTLs.signif_pairs.parquet,6493
DHX58,Artery_Coronary,ARTCRN,#cc0000,109,/Users/sho3/eqtl/gtex_v11_qtls/Artery_Coronary.v11.eQTLs.signif_pairs.parquet,6493
DHX58,Pituitary,PITUTRY,#999999,109,/Users/sho3/eqtl/gtex_v11_qtls/Pituitary.v11.eQTLs.signif_pairs.parquet,6493
DHX58,Prostate,PRSTTE,#cfe2f3,103,/Users/sho3/eqtl/gtex_v11_qtls/Prostate.v11.eQTLs.signif_pairs.parquet,6493
DHX58,Minor_Salivary_Gland,SLVRYG,#d5a6bd,100,/Users/sho3/eqtl/gtex_v11_qtls/Minor_Salivary_Gland.v11.eQTLs.signif_pairs.parquet,6493
DHX58,Heart_Left_Ventricle,HRTLV,#741b47,99,/Users/sho3/eqtl/gtex_v11_qtls/Heart_Left_Ventricle.v11.eQTLs.signif_pairs.parquet,6493
DHX58,Stomach,STMACH,#b45f06,98,/Users/sho3/eqtl/gtex_v11_qtls/Stomach.v11.eQTLs.signif_pairs.parquet,6493
DHX58,Ovary,OVARY,#ff00ff,91,/Users/sho3/eqtl/gtex_v11_qtls/Ovary.v11.eQTLs.signif_pairs.parquet,6493
DHX58,Vagina,VAGINA,#ff66cc,83,/Users/sho3/eqtl/gtex_v11_qtls/Vagina.v11.eQTLs.signif_pairs.parquet,6493
DHX58,Brain_Hypothalamus,BRNHPT,#45818e,80,/Users/sho3/eqtl/gtex_v11_qtls/Brain_Hypothalamus.v11.eQTLs.signif_pairs.parquet,6493
DHX58,Brain_Cerebellar_Hemisphere,BRNCHA,#b6d7a8,65,/Users/sho3/eqtl/gtex_v11_qtls/Brain_Cerebellar_Hemisphere.v11.eQTLs.signif_pairs.parquet,6493
DHX58,Brain_Cerebellum,BRNCHB,#274e13,65,/Users/sho3/eqtl/gtex_v11_qtls/Brain_Cerebellum.v11.eQTLs.signif_pairs.parquet,6493
DHX58,Small_Intestine_Terminal_Ileum,SNTRM,#ffff00,65,/Users/sho3/eqtl/gtex_v11_qtls/Small_Intestine_Terminal_Ileum.v11.eQTLs.signif_pairs.parquet,6493
DHX58,Brain_Amygdala,BRNAMY,#93c47d,59,/Users/sho3/eqtl/gtex_v11_qtls/Brain_Amygdala.v11.eQTLs.signif_pairs.parquet,6493
DHX58,Uterus,UTERUS,#cc99ff,40,/Users/sho3/eqtl/gtex_v11_qtls/Uterus.v11.eQTLs.signif_pairs.parquet,6493
DHX58,Brain_Caudate_basal_ganglia,BRNCDT,#38761d,35,/Users/sho3/eqtl/gtex_v11_qtls/Brain_Caudate_basal_ganglia.v11.eQTLs.signif_pairs.parquet,6493
DHX58,Brain_Spinal_cord_cervical_c-1,BRNSPC,#9fc5e8,35,/Users/sho3/eqtl/gtex_v11_qtls/Brain_Spinal_cord_cervical_c-1.v11.eQTLs.signif_pairs.parquet,6493
DHX58,Brain_Frontal_Cortex_BA9,BRNCTXB,#76a5af,34,/Users/sho3/eqtl/gtex_v11_qtls/Brain_Frontal_Cortex_BA9.v11.eQTLs.signif_pairs.parquet,6493
DHX58,Adrenal_Gland,ADREN,#8dd3c7,28,/Users/sho3/eqtl/gtex_v11_qtls/Adrenal_Gland.v11.eQTLs.signif_pairs.parquet,6493
DHX58,Brain_Hippocampus,BRNHPP,#134f5c,2,/Users/sho3/eqtl/gtex_v11_qtls/Brain_Hippocampus.v11.eQTLs.signif_pairs.parquet,6493
DHX58,Bladder,BLDDER,#b4a7d6,0,/Users/sho3/eqtl/gtex_v11_qtls/Bladder.v11.eQTLs.signif_pairs.parquet,6493
DHX58,Brain_Nucleus_accumbens_basal_ganglia,BRNACC,#0b5394,0,/Users/sho3/eqtl/gtex_v11_qtls/Brain_Nucleus_accumbens_basal_ganglia.v11.eQTLs.signif_pairs.parquet,6493
DHX58,Brain_Anterior_cingulate_cortex_BA24,BRNCCC,#6aa84f,0,/Users/sho3/eqtl/gtex_v11_qtls/Brain_Anterior_cingulate_cortex_BA24.v11.eQTLs.signif_pairs.parquet,6493
DHX58,Brain_Cortex,BRNCTXA,#a2c4c9,0,/Users/sho3/eqtl/gtex_v11_qtls/Brain_Cortex.v11.eQTLs.signif_pairs.parquet,6493
DHX58,Brain_Putamen_basal_ganglia,BRNPTM,#3d85c6,0,/Users/sho3/eqtl/gtex_v11_qtls/Brain_Putamen_basal_ganglia.v11.eQTLs.signif_pairs.parquet,6493
DHX58,Brain_Substantia_nigra,BRNSNG,#073763,0,/Users/sho3/eqtl/gtex_v11_qtls/Brain_Substantia_nigra.v11.eQTLs.signif_pairs.parquet,6493
DHX58,Kidney_Cortex,KDNCTX,#00ffff,0,/Users/sho3/eqtl/gtex_v11_qtls/Kidney_Cortex.v11.eQTLs.signif_pairs.parquet,6493
DHX58,Liver,LIVER,#783f04,0,/Users/sho3/eqtl/gtex_v11_qtls/Liver.v11.eQTLs.signif_pairs.parquet,6493
DHX16,Thyroid,THYROID,#ff9900,590,/Users/sho3/eqtl/gtex_v11_qtls/Thyroid.v11.eQTLs.signif_pairs.parquet,6132
DHX16,Nerve_Tibial,NERVET,#ffe599,482,/Users/sho3/eqtl/gtex_v11_qtls/Nerve_Tibial.v11.eQTLs.signif_pairs.parquet,6132
DHX16,Skin_Sun_Exposed_Lower_leg,SKINS,#f1c232,375,/Users/sho3/eqtl/gtex_v11_qtls/Skin_Sun_Exposed_Lower_leg.v11.eQTLs.signif_pairs.parquet,6132
DHX16,Esophagus_Mucosa,ESPMCS,#93c47d,339,/Users/sho3/eqtl/gtex_v11_qtls/Esophagus_Mucosa.v11.eQTLs.signif_pairs.parquet,6132
DHX16,Pancreas,PNCREAS,#f9cb9c,294,/Users/sho3/eqtl/gtex_v11_qtls/Pancreas.v11.eQTLs.signif_pairs.parquet,6132
DHX16,Adipose_Subcutaneous,ADPSBQ,#f1c232,288,/Users/sho3/eqtl/gtex_v11_qtls/Adipose_Subcutaneous.v11.eQTLs.signif_pairs.parquet,6132
DHX16,Skin_Not_Sun_Exposed_Suprapubic,SKINNS,#ffd966,281,/Users/sho3/eqtl/gtex_v11_qtls/Skin_Not_Sun_Exposed_Suprapubic.v11.eQTLs.signif_pairs.parquet,6132
DHX16,Esophagus_Muscularis,ESPMSL,#6aa84f,274,/Users/sho3/eqtl/gtex_v11_qtls/Esophagus_Muscularis.v11.eQTLs.signif_pairs.parquet,6132
DHX16,Artery_Aorta,ARTAORT,#e06666,270,/Users/sho3/eqtl/gtex_v11_qtls/Artery_Aorta.v11.eQTLs.signif_pairs.parquet,6132
DHX16,Adipose_Visceral_Omentum,ADPVSC,#f6b26b,269,/Users/sho3/eqtl/gtex_v11_qtls/Adipose_Visceral_Omentum.v11.eQTLs.signif_pairs.parquet,6132
DHX16,Spleen,SPLEEN,#cc4125,263,/Users/sho3/eqtl/gtex_v11_qtls/Spleen.v11.eQTLs.signif_pairs.parquet,6132
DHX16,Cells_Cultured_fibroblasts,FIBRBLS,#674ea7,256,/Users/sho3/eqtl/gtex_v11_qtls/Cells_Cultured_fibroblasts.v11.eQTLs.signif_pairs.parquet,6132
DHX16,Lung,LUNG,#6fa8dc,245,/Users/sho3/eqtl/gtex_v11_qtls/Lung.v11.eQTLs.signif_pairs.parquet,6132
DHX16,Heart_Atrial_Appendage,HRTAA,#a64d79,230,/Users/sho3/eqtl/gtex_v11_qtls/Heart_Atrial_Appendage.v11.eQTLs.signif_pairs.parquet,6132
DHX16,Breast_Mammary_Tissue,BREAST,#c27ba0,214,/Users/sho3/eqtl/gtex_v11_qtls/Breast_Mammary_Tissue.v11.eQTLs.signif_pairs.parquet,6132
DHX16,Ovary,OVARY,#ff00ff,193,/Users/sho3/eqtl/gtex_v11_qtls/Ovary.v11.eQTLs.signif_pairs.parquet,6132
DHX16,Colon_Transverse,CLNTRN,#e69138,121,/Users/sho3/eqtl/gtex_v11_qtls/Colon_Transverse.v11.eQTLs.signif_pairs.parquet,6132
DHX16,Pituitary,PITUTRY,#999999,111,/Users/sho3/eqtl/gtex_v11_qtls/Pituitary.v11.eQTLs.signif_pairs.parquet,6132
DHX16,Brain_Caudate_basal_ganglia,BRNCDT,#38761d,103,/Users/sho3/eqtl/gtex_v11_qtls/Brain_Caudate_basal_ganglia.v11.eQTLs.signif_pairs.parquet,6132
DHX16,Prostate,PRSTTE,#cfe2f3,98,/Users/sho3/eqtl/gtex_v11_qtls/Prostate.v11.eQTLs.signif_pairs.parquet,6132
DHX16,Whole_Blood,WHLBLD,#cc0000,98,/Users/sho3/eqtl/gtex_v11_qtls/Whole_Blood.v11.eQTLs.signif_pairs.parquet,6132
DHX16,Artery_Coronary,ARTCRN,#cc0000,95,/Users/sho3/eqtl/gtex_v11_qtls/Artery_Coronary.v11.eQTLs.signif_pairs.parquet,6132
DHX16,Artery_Tibial,ARTTBL,#f4cccc,84,/Users/sho3/eqtl/gtex_v11_qtls/Artery_Tibial.v11.eQTLs.signif_pairs.parquet,6132
DHX16,Esophagus_Gastroesophageal_Junction,ESPGEJ,#d9ead3,76,/Users/sho3/eqtl/gtex_v11_qtls/Esophagus_Gastroesophageal_Junction.v11.eQTLs.signif_pairs.parquet,6132
DHX16,Brain_Cerebellum,BRNCHB,#274e13,73,/Users/sho3/eqtl/gtex_v11_qtls/Brain_Cerebellum.v11.eQTLs.signif_pairs.parquet,6132
DHX16,Stomach,STMACH,#b45f06,72,/Users/sho3/eqtl/gtex_v11_qtls/Stomach.v11.eQTLs.signif_pairs.parquet,6132
DHX16,Testis,TESTIS,#e06666,57,/Users/sho3/eqtl/gtex_v11_qtls/Testis.v11.eQTLs.signif_pairs.parquet,6132
DHX16,Muscle_Skeletal,MSCLSK,#b7b7b7,50,/Users/sho3/eqtl/gtex_v11_qtls/Muscle_Skeletal.v11.eQTLs.signif_pairs.parquet,6132
DHX16,Brain_Hypothalamus,BRNHPT,#45818e,40,/Users/sho3/eqtl/gtex_v11_qtls/Brain_Hypothalamus.v11.eQTLs.signif_pairs.parquet,6132
DHX16,Brain_Cerebellar_Hemisphere,BRNCHA,#b6d7a8,31,/Users/sho3/eqtl/gtex_v11_qtls/Brain_Cerebellar_Hemisphere.v11.eQTLs.signif_pairs.parquet,6132
DHX16,Brain_Putamen_basal_ganglia,BRNPTM,#3d85c6,31,/Users/sho3/eqtl/gtex_v11_qtls/Brain_Putamen_basal_ganglia.v11.eQTLs.signif_pairs.parquet,6132
DHX16,Brain_Hippocampus,BRNHPP,#134f5c,24,/Users/sho3/eqtl/gtex_v11_qtls/Brain_Hippocampus.v11.eQTLs.signif_pairs.parquet,6132
DHX16,Cells_EBV-transformed_lymphocytes,LCL,#351c75,18,/Users/sho3/eqtl/gtex_v11_qtls/Cells_EBV-transformed_lymphocytes.v11.eQTLs.signif_pairs.parquet,6132
DHX16,Adrenal_Gland,ADREN,#8dd3c7,17,/Users/sho3/eqtl/gtex_v11_qtls/Adrenal_Gland.v11.eQTLs.signif_pairs.parquet,6132
DHX16,Liver,LIVER,#783f04,16,/Users/sho3/eqtl/gtex_v11_qtls/Liver.v11.eQTLs.signif_pairs.parquet,6132
DHX16,Uterus,UTERUS,#cc99ff,13,/Users/sho3/eqtl/gtex_v11_qtls/Uterus.v11.eQTLs.signif_pairs.parquet,6132
DHX16,Brain_Cortex,BRNCTXA,#a2c4c9,12,/Users/sho3/eqtl/gtex_v11_qtls/Brain_Cortex.v11.eQTLs.signif_pairs.parquet,6132
DHX16,Heart_Left_Ventricle,HRTLV,#741b47,12,/Users/sho3/eqtl/gtex_v11_qtls/Heart_Left_Ventricle.v11.eQTLs.signif_pairs.parquet,6132
DHX16,Colon_Sigmoid,CLNSGM,#b45f06,10,/Users/sho3/eqtl/gtex_v11_qtls/Colon_Sigmoid.v11.eQTLs.signif_pairs.parquet,6132
DHX16,Brain_Spinal_cord_cervical_c-1,BRNSPC,#9fc5e8,7,/Users/sho3/eqtl/gtex_v11_qtls/Brain_Spinal_cord_cervical_c-1.v11.eQTLs.signif_pairs.parquet,6132
DHX16,Bladder,BLDDER,#b4a7d6,0,/Users/sho3/eqtl/gtex_v11_qtls/Bladder.v11.eQTLs.signif_pairs.parquet,6132
DHX16,Brain_Nucleus_accumbens_basal_ganglia,BRNACC,#0b5394,0,/Users/sho3/eqtl/gtex_v11_qtls/Brain_Nucleus_accumbens_basal_ganglia.v11.eQTLs.signif_pairs.parquet,6132
DHX16,Brain_Amygdala,BRNAMY,#93c47d,0,/Users/sho3/eqtl/gtex_v11_qtls/Brain_Amygdala.v11.eQTLs.signif_pairs.parquet,6132
DHX16,Brain_Anterior_cingulate_cortex_BA24,BRNCCC,#6aa84f,0,/Users/sho3/eqtl/gtex_v11_qtls/Brain_Anterior_cingulate_cortex_BA24.v11.eQTLs.signif_pairs.parquet,6132
DHX16,Brain_Frontal_Cortex_BA9,BRNCTXB,#76a5af,0,/Users/sho3/eqtl/gtex_v11_qtls/Brain_Frontal_Cortex_BA9.v11.eQTLs.signif_pairs.parquet,6132
DHX16,Brain_Substantia_nigra,BRNSNG,#073763,0,/Users/sho3/eqtl/gtex_v11_qtls/Brain_Substantia_nigra.v11.eQTLs.signif_pairs.parquet,6132
DHX16,Kidney_Cortex,KDNCTX,#00ffff,0,/Users/sho3/eqtl/gtex_v11_qtls/Kidney_Cortex.v11.eQTLs.signif_pairs.parquet,6132
DHX16,Minor_Salivary_Gland,SLVRYG,#d5a6bd,0,/Users/sho3/eqtl/gtex_v11_qtls/Minor_Salivary_Gland.v11.eQTLs.signif_pairs.parquet,6132
DHX16,Small_Intestine_Terminal_Ileum,SNTRM,#ffff00,0,/Users/sho3/eqtl/gtex_v11_qtls/Small_Intestine_Terminal_Ileum.v11.eQTLs.signif_pairs.parquet,6132
DHX16,Vagina,VAGINA,#ff66cc,0,/Users/sho3/eqtl/gtex_v11_qtls/Vagina.v11.eQTLs.signif_pairs.parquet,6132
DDX1,Cells_Cultured_fibroblasts,FIBRBLS,#674ea7,413,/Users/sho3/eqtl/gtex_v11_qtls/Cells_Cultured_fibroblasts.v11.eQTLs.signif_pairs.parquet,4889
DDX1,Artery_Aorta,ARTAORT,#e06666,348,/Users/sho3/eqtl/gtex_v11_qtls/Artery_Aorta.v11.eQTLs.signif_pairs.parquet,4889
DDX1,Artery_Tibial,ARTTBL,#f4cccc,333,/Users/sho3/eqtl/gtex_v11_qtls/Artery_Tibial.v11.eQTLs.signif_pairs.parquet,4889
DDX1,Adipose_Subcutaneous,ADPSBQ,#f1c232,267,/Users/sho3/eqtl/gtex_v11_qtls/Adipose_Subcutaneous.v11.eQTLs.signif_pairs.parquet,4889
DDX1,Pancreas,PNCREAS,#f9cb9c,267,/Users/sho3/eqtl/gtex_v11_qtls/Pancreas.v11.eQTLs.signif_pairs.parquet,4889
DDX1,Nerve_Tibial,NERVET,#ffe599,232,/Users/sho3/eqtl/gtex_v11_qtls/Nerve_Tibial.v11.eQTLs.signif_pairs.parquet,4889
DDX1,Adipose_Visceral_Omentum,ADPVSC,#f6b26b,222,/Users/sho3/eqtl/gtex_v11_qtls/Adipose_Visceral_Omentum.v11.eQTLs.signif_pairs.parquet,4889
DDX1,Pituitary,PITUTRY,#999999,217,/Users/sho3/eqtl/gtex_v11_qtls/Pituitary.v11.eQTLs.signif_pairs.parquet,4889
DDX1,Cells_EBV-transformed_lymphocytes,LCL,#351c75,210,/Users/sho3/eqtl/gtex_v11_qtls/Cells_EBV-transformed_lymphocytes.v11.eQTLs.signif_pairs.parquet,4889
DDX1,Heart_Left_Ventricle,HRTLV,#741b47,208,/Users/sho3/eqtl/gtex_v11_qtls/Heart_Left_Ventricle.v11.eQTLs.signif_pairs.parquet,4889
DDX1,Breast_Mammary_Tissue,BREAST,#c27ba0,201,/Users/sho3/eqtl/gtex_v11_qtls/Breast_Mammary_Tissue.v11.eQTLs.signif_pairs.parquet,4889
DDX1,Lung,LUNG,#6fa8dc,186,/Users/sho3/eqtl/gtex_v11_qtls/Lung.v11.eQTLs.signif_pairs.parquet,4889
DDX1,Heart_Atrial_Appendage,HRTAA,#a64d79,182,/Users/sho3/eqtl/gtex_v11_qtls/Heart_Atrial_Appendage.v11.eQTLs.signif_pairs.parquet,4889
DDX1,Thyroid,THYROID,#ff9900,179,/Users/sho3/eqtl/gtex_v11_qtls/Thyroid.v11.eQTLs.signif_pairs.parquet,4889
DDX1,Brain_Cerebellar_Hemisphere,BRNCHA,#b6d7a8,167,/Users/sho3/eqtl/gtex_v11_qtls/Brain_Cerebellar_Hemisphere.v11.eQTLs.signif_pairs.parquet,4889
DDX1,Artery_Coronary,ARTCRN,#cc0000,159,/Users/sho3/eqtl/gtex_v11_qtls/Artery_Coronary.v11.eQTLs.signif_pairs.parquet,4889
DDX1,Skin_Sun_Exposed_Lower_leg,SKINS,#f1c232,154,/Users/sho3/eqtl/gtex_v11_qtls/Skin_Sun_Exposed_Lower_leg.v11.eQTLs.signif_pairs.parquet,4889
DDX1,Skin_Not_Sun_Exposed_Suprapubic,SKINNS,#ffd966,135,/Users/sho3/eqtl/gtex_v11_qtls/Skin_Not_Sun_Exposed_Suprapubic.v11.eQTLs.signif_pairs.parquet,4889
DDX1,Stomach,STMACH,#b45f06,125,/Users/sho3/eqtl/gtex_v11_qtls/Stomach.v11.eQTLs.signif_pairs.parquet,4889
DDX1,Whole_Blood,WHLBLD,#cc0000,106,/Users/sho3/eqtl/gtex_v11_qtls/Whole_Blood.v11.eQTLs.signif_pairs.parquet,4889
DDX1,Testis,TESTIS,#e06666,56,/Users/sho3/eqtl/gtex_v11_qtls/Testis.v11.eQTLs.signif_pairs.parquet,4889
DDX1,Esophagus_Mucosa,ESPMCS,#93c47d,49,/Users/sho3/eqtl/gtex_v11_qtls/Esophagus_Mucosa.v11.eQTLs.signif_pairs.parquet,4889
DDX1,Liver,LIVER,#783f04,44,/Users/sho3/eqtl/gtex_v11_qtls/Liver.v11.eQTLs.signif_pairs.parquet,4889
DDX1,Colon_Transverse,CLNTRN,#e69138,41,/Users/sho3/eqtl/gtex_v11_qtls/Colon_Transverse.v11.eQTLs.signif_pairs.parquet,4889
DDX1,Minor_Salivary_Gland,SLVRYG,#d5a6bd,41,/Users/sho3/eqtl/gtex_v11_qtls/Minor_Salivary_Gland.v11.eQTLs.signif_pairs.parquet,4889
DDX1,Uterus,UTERUS,#cc99ff,39,/Users/sho3/eqtl/gtex_v11_qtls/Uterus.v11.eQTLs.signif_pairs.parquet,4889
DDX1,Adrenal_Gland,ADREN,#8dd3c7,38,/Users/sho3/eqtl/gtex_v11_qtls/Adrenal_Gland.v11.eQTLs.signif_pairs.parquet,4889
DDX1,Ovary,OVARY,#ff00ff,38,/Users/sho3/eqtl/gtex_v11_qtls/Ovary.v11.eQTLs.signif_pairs.parquet,4889
DDX1,Brain_Caudate_basal_ganglia,BRNCDT,#38761d,35,/Users/sho3/eqtl/gtex_v11_qtls/Brain_Caudate_basal_ganglia.v11.eQTLs.signif_pairs.parquet,4889
DDX1,Brain_Nucleus_accumbens_basal_ganglia,BRNACC,#0b5394,34,/Users/sho3/eqtl/gtex_v11_qtls/Brain_Nucleus_accumbens_basal_ganglia.v11.eQTLs.signif_pairs.parquet,4889
DDX1,Spleen,SPLEEN,#cc4125,34,/Users/sho3/eqtl/gtex_v11_qtls/Spleen.v11.eQTLs.signif_pairs.parquet,4889
DDX1,Brain_Hypothalamus,BRNHPT,#45818e,28,/Users/sho3/eqtl/gtex_v11_qtls/Brain_Hypothalamus.v11.eQTLs.signif_pairs.parquet,4889
DDX1,Brain_Cortex,BRNCTXA,#a2c4c9,27,/Users/sho3/eqtl/gtex_v11_qtls/Brain_Cortex.v11.eQTLs.signif_pairs.parquet,4889
DDX1,Brain_Hippocampus,BRNHPP,#134f5c,25,/Users/sho3/eqtl/gtex_v11_qtls/Brain_Hippocampus.v11.eQTLs.signif_pairs.parquet,4889
DDX1,Brain_Putamen_basal_ganglia,BRNPTM,#3d85c6,25,/Users/sho3/eqtl/gtex_v11_qtls/Brain_Putamen_basal_ganglia.v11.eQTLs.signif_pairs.parquet,4889
DDX1,Brain_Cerebellum,BRNCHB,#274e13,15,/Users/sho3/eqtl/gtex_v11_qtls/Brain_Cerebellum.v11.eQTLs.signif_pairs.parquet,4889
DDX1,Colon_Sigmoid,CLNSGM,#b45f06,6,/Users/sho3/eqtl/gtex_v11_qtls/Colon_Sigmoid.v11.eQTLs.signif_pairs.parquet,4889
DDX1,Brain_Frontal_Cortex_BA9,BRNCTXB,#76a5af,3,/Users/sho3/eqtl/gtex_v11_qtls/Brain_Frontal_Cortex_BA9.v11.eQTLs.signif_pairs.parquet,4889
DDX1,Bladder,BLDDER,#b4a7d6,0,/Users/sho3/eqtl/gtex_v11_qtls/Bladder.v11.eQTLs.signif_pairs.parquet,4889
DDX1,Brain_Amygdala,BRNAMY,#93c47d,0,/Users/sho3/eqtl/gtex_v11_qtls/Brain_Amygdala.v11.eQTLs.signif_pairs.parquet,4889
DDX1,Brain_Anterior_cingulate_cortex_BA24,BRNCCC,#6aa84f,0,/Users/sho3/eqtl/gtex_v11_qtls/Brain_Anterior_cingulate_cortex_BA24.v11.eQTLs.signif_pairs.parquet,4889
DDX1,Brain_Substantia_nigra,BRNSNG,#073763,0,/Users/sho3/eqtl/gtex_v11_qtls/Brain_Substantia_nigra.v11.eQTLs.signif_pairs.parquet,4889
DDX1,Brain_Spinal_cord_cervical_c-1,BRNSPC,#9fc5e8,0,/Users/sho3/eqtl/gtex_v11_qtls/Brain_Spinal_cord_cervical_c-1.v11.eQTLs.signif_pairs.parquet,4889
DDX1,Esophagus_Gastroesophageal_Junction,ESPGEJ,#d9ead3,0,/Users/sho3/eqtl/gtex_v11_qtls/Esophagus_Gastroesophageal_Junction.v11.eQTLs.signif_pairs.parquet,4889
DDX1,Esophagus_Muscularis,ESPMSL,#6aa84f,0,/Users/sho3/eqtl/gtex_v11_qtls/Esophagus_Muscularis.v11.eQTLs.signif_pairs.parquet,4889
DDX1,Kidney_Cortex,KDNCTX,#00ffff,0,/Users/sho3/eqtl/gtex_v11_qtls/Kidney_Cortex.v11.eQTLs.signif_pairs.parquet,4889
DDX1,Muscle_Skeletal,MSCLSK,#b7b7b7,0,/Users/sho3/eqtl/gtex_v11_qtls/Muscle_Skeletal.v11.eQTLs.signif_pairs.parquet,4889
DDX1,Prostate,PRSTTE,#cfe2f3,0,/Users/sho3/eqtl/gtex_v11_qtls/Prostate.v11.eQTLs.signif_pairs.parquet,4889
DDX1,Small_Intestine_Terminal_Ileum,SNTRM,#ffff00,0,/Users/sho3/eqtl/gtex_v11_qtls/Small_Intestine_Terminal_Ileum.v11.eQTLs.signif_pairs.parquet,4889
DDX1,Vagina,VAGINA,#ff66cc,0,/Users/sho3/eqtl/gtex_v11_qtls/Vagina.v11.eQTLs.signif_pairs.parquet,4889
NLRP1,Thyroid,THYROID,#ff9900,818,/Users/sho3/eqtl/gtex_v11_qtls/Thyroid.v11.eQTLs.signif_pairs.parquet,4693
NLRP1,Cells_Cultured_fibroblasts,FIBRBLS,#674ea7,817,/Users/sho3/eqtl/gtex_v11_qtls/Cells_Cultured_fibroblasts.v11.eQTLs.signif_pairs.parquet,4693
NLRP1,Artery_Aorta,ARTAORT,#e06666,513,/Users/sho3/eqtl/gtex_v11_qtls/Artery_Aorta.v11.eQTLs.signif_pairs.parquet,4693
NLRP1,Adipose_Subcutaneous,ADPSBQ,#f1c232,301,/Users/sho3/eqtl/gtex_v11_qtls/Adipose_Subcutaneous.v11.eQTLs.signif_pairs.parquet,4693
NLRP1,Artery_Tibial,ARTTBL,#f4cccc,287,/Users/sho3/eqtl/gtex_v11_qtls/Artery_Tibial.v11.eQTLs.signif_pairs.parquet,4693
NLRP1,Nerve_Tibial,NERVET,#ffe599,260,/Users/sho3/eqtl/gtex_v11_qtls/Nerve_Tibial.v11.eQTLs.signif_pairs.parquet,4693
NLRP1,Pituitary,PITUTRY,#999999,234,/Users/sho3/eqtl/gtex_v11_qtls/Pituitary.v11.eQTLs.signif_pairs.parquet,4693
NLRP1,Skin_Not_Sun_Exposed_Suprapubic,SKINNS,#ffd966,222,/Users/sho3/eqtl/gtex_v11_qtls/Skin_Not_Sun_Exposed_Suprapubic.v11.eQTLs.signif_pairs.parquet,4693
NLRP1,Prostate,PRSTTE,#cfe2f3,220,/Users/sho3/eqtl/gtex_v11_qtls/Prostate.v11.eQTLs.signif_pairs.parquet,4693
NLRP1,Esophagus_Gastroesophageal_Junction,ESPGEJ,#d9ead3,148,/Users/sho3/eqtl/gtex_v11_qtls/Esophagus_Gastroesophageal_Junction.v11.eQTLs.signif_pairs.parquet,4693
NLRP1,Breast_Mammary_Tissue,BREAST,#c27ba0,142,/Users/sho3/eqtl/gtex_v11_qtls/Breast_Mammary_Tissue.v11.eQTLs.signif_pairs.parquet,4693
NLRP1,Adipose_Visceral_Omentum,ADPVSC,#f6b26b,109,/Users/sho3/eqtl/gtex_v11_qtls/Adipose_Visceral_Omentum.v11.eQTLs.signif_pairs.parquet,4693
NLRP1,Colon_Sigmoid,CLNSGM,#b45f06,101,/Users/sho3/eqtl/gtex_v11_qtls/Colon_Sigmoid.v11.eQTLs.signif_pairs.parquet,4693
NLRP1,Brain_Caudate_basal_ganglia,BRNCDT,#38761d,91,/Users/sho3/eqtl/gtex_v11_qtls/Brain_Caudate_basal_ganglia.v11.eQTLs.signif_pairs.parquet,4693
NLRP1,Whole_Blood,WHLBLD,#cc0000,90,/Users/sho3/eqtl/gtex_v11_qtls/Whole_Blood.v11.eQTLs.signif_pairs.parquet,4693
NLRP1,Esophagus_Muscularis,ESPMSL,#6aa84f,81,/Users/sho3/eqtl/gtex_v11_qtls/Esophagus_Muscularis.v11.eQTLs.signif_pairs.parquet,4693
NLRP1,Skin_Sun_Exposed_Lower_leg,SKINS,#f1c232,64,/Users/sho3/eqtl/gtex_v11_qtls/Skin_Sun_Exposed_Lower_leg.v11.eQTLs.signif_pairs.parquet,4693
NLRP1,Ovary,OVARY,#ff00ff,54,/Users/sho3/eqtl/gtex_v11_qtls/Ovary.v11.eQTLs.signif_pairs.parquet,4693
NLRP1,Esophagus_Mucosa,ESPMCS,#93c47d,35,/Users/sho3/eqtl/gtex_v11_qtls/Esophagus_Mucosa.v11.eQTLs.signif_pairs.parquet,4693
NLRP1,Cells_EBV-transformed_lymphocytes,LCL,#351c75,28,/Users/sho3/eqtl/gtex_v11_qtls/Cells_EBV-transformed_lymphocytes.v11.eQTLs.signif_pairs.parquet,4693
NLRP1,Muscle_Skeletal,MSCLSK,#b7b7b7,28,/Users/sho3/eqtl/gtex_v11_qtls/Muscle_Skeletal.v11.eQTLs.signif_pairs.parquet,4693
NLRP1,Artery_Coronary,ARTCRN,#cc0000,26,/Users/sho3/eqtl/gtex_v11_qtls/Artery_Coronary.v11.eQTLs.signif_pairs.parquet,4693
NLRP1,Testis,TESTIS,#e06666,20,/Users/sho3/eqtl/gtex_v11_qtls/Testis.v11.eQTLs.signif_pairs.parquet,4693
NLRP1,Colon_Transverse,CLNTRN,#e69138,3,/Users/sho3/eqtl/gtex_v11_qtls/Colon_Transverse.v11.eQTLs.signif_pairs.parquet,4693
NLRP1,Pancreas,PNCREAS,#f9cb9c,1,/Users/sho3/eqtl/gtex_v11_qtls/Pancreas.v11.eQTLs.signif_pairs.parquet,4693
NLRP1,Adrenal_Gland,ADREN,#8dd3c7,0,/Users/sho3/eqtl/gtex_v11_qtls/Adrenal_Gland.v11.eQTLs.signif_pairs.parquet,4693
NLRP1,Bladder,BLDDER,#b4a7d6,0,/Users/sho3/eqtl/gtex_v11_qtls/Bladder.v11.eQTLs.signif_pairs.parquet,4693
NLRP1,Brain_Nucleus_accumbens_basal_ganglia,BRNACC,#0b5394,0,/Users/sho3/eqtl/gtex_v11_qtls/Brain_Nucleus_accumbens_basal_ganglia.v11.eQTLs.signif_pairs.parquet,4693
NLRP1,Brain_Amygdala,BRNAMY,#93c47d,0,/Users/sho3/eqtl/gtex_v11_qtls/Brain_Amygdala.v11.eQTLs.signif_pairs.parquet,4693
NLRP1,Brain_Anterior_cingulate_cortex_BA24,BRNCCC,#6aa84f,0,/Users/sho3/eqtl/gtex_v11_qtls/Brain_Anterior_cingulate_cortex_BA24.v11.eQTLs.signif_pairs.parquet,4693
NLRP1,Brain_Cerebellar_Hemisphere,BRNCHA,#b6d7a8,0,/Users/sho3/eqtl/gtex_v11_qtls/Brain_Cerebellar_Hemisphere.v11.eQTLs.signif_pairs.parquet,4693
NLRP1,Brain_Cerebellum,BRNCHB,#274e13,0,/Users/sho3/eqtl/gtex_v11_qtls/Brain_Cerebellum.v11.eQTLs.signif_pairs.parquet,4693
NLRP1,Brain_Cortex,BRNCTXA,#a2c4c9,0,/Users/sho3/eqtl/gtex_v11_qtls/Brain_Cortex.v11.eQTLs.signif_pairs.parquet,4693
NLRP1,Brain_Frontal_Cortex_BA9,BRNCTXB,#76a5af,0,/Users/sho3/eqtl/gtex_v11_qtls/Brain_Frontal_Cortex_BA9.v11.eQTLs.signif_pairs.parquet,4693
NLRP1,Brain_Hippocampus,BRNHPP,#134f5c,0,/Users/sho3/eqtl/gtex_v11_qtls/Brain_Hippocampus.v11.eQTLs.signif_pairs.parquet,4693
NLRP1,Brain_Hypothalamus,BRNHPT,#45818e,0,/Users/sho3/eqtl/gtex_v11_qtls/Brain_Hypothalamus.v11.eQTLs.signif_pairs.parquet,4693
NLRP1,Brain_Putamen_basal_ganglia,BRNPTM,#3d85c6,0,/Users/sho3/eqtl/gtex_v11_qtls/Brain_Putamen_basal_ganglia.v11.eQTLs.signif_pairs.parquet,4693
NLRP1,Brain_Substantia_nigra,BRNSNG,#073763,0,/Users/sho3/eqtl/gtex_v11_qtls/Brain_Substantia_nigra.v11.eQTLs.signif_pairs.parquet,4693
NLRP1,Brain_Spinal_cord_cervical_c-1,BRNSPC,#9fc5e8,0,/Users/sho3/eqtl/gtex_v11_qtls/Brain_Spinal_cord_cervical_c-1.v11.eQTLs.signif_pairs.parquet,4693
NLRP1,Heart_Atrial_Appendage,HRTAA,#a64d79,0,/Users/sho3/eqtl/gtex_v11_qtls/Heart_Atrial_Appendage.v11.eQTLs.signif_pairs.parquet,4693
NLRP1,Heart_Left_Ventricle,HRTLV,#741b47,0,/Users/sho3/eqtl/gtex_v11_qtls/Heart_Left_Ventricle.v11.eQTLs.signif_pairs.parquet,4693
NLRP1,Kidney_Cortex,KDNCTX,#00ffff,0,/Users/sho3/eqtl/gtex_v11_qtls/Kidney_Cortex.v11.eQTLs.signif_pairs.parquet,4693
NLRP1,Liver,LIVER,#783f04,0,/Users/sho3/eqtl/gtex_v11_qtls/Liver.v11.eQTLs.signif_pairs.parquet,4693
NLRP1,Lung,LUNG,#6fa8dc,0,/Users/sho3/eqtl/gtex_v11_qtls/Lung.v11.eQTLs.signif_pairs.parquet,4693
NLRP1,Minor_Salivary_Gland,SLVRYG,#d5a6bd,0,/Users/sho3/eqtl/gtex_v11_qtls/Minor_Salivary_Gland.v11.eQTLs.signif_pairs.parquet,4693
NLRP1,Small_Intestine_Terminal_Ileum,SNTRM,#ffff00,0,/Users/sho3/eqtl/gtex_v11_qtls/Small_Intestine_Terminal_Ileum.v11.eQTLs.signif_pairs.parquet,4693
NLRP1,Spleen,SPLEEN,#cc4125,0,/Users/sho3/eqtl/gtex_v11_qtls/Spleen.v11.eQTLs.signif_pairs.parquet,4693
NLRP1,Stomach,STMACH,#b45f06,0,/Users/sho3/eqtl/gtex_v11_qtls/Stomach.v11.eQTLs.signif_pairs.parquet,4693
NLRP1,Uterus,UTERUS,#cc99ff,0,/Users/sho3/eqtl/gtex_v11_qtls/Uterus.v11.eQTLs.signif_pairs.parquet,4693
NLRP1,Vagina,VAGINA,#ff66cc,0,/Users/sho3/eqtl/gtex_v11_qtls/Vagina.v11.eQTLs.signif_pairs.parquet,4693
DDX60L,Whole_Blood,WHLBLD,#cc0000,660,/Users/sho3/eqtl/gtex_v11_qtls/Whole_Blood.v11.eQTLs.signif_pairs.parquet,4081
DDX60L,Cells_Cultured_fibroblasts,FIBRBLS,#674ea7,523,/Users/sho3/eqtl/gtex_v11_qtls/Cells_Cultured_fibroblasts.v11.eQTLs.signif_pairs.parquet,4081
DDX60L,Adipose_Subcutaneous,ADPSBQ,#f1c232,469,/Users/sho3/eqtl/gtex_v11_qtls/Adipose_Subcutaneous.v11.eQTLs.signif_pairs.parquet,4081
DDX60L,Lung,LUNG,#6fa8dc,268,/Users/sho3/eqtl/gtex_v11_qtls/Lung.v11.eQTLs.signif_pairs.parquet,4081
DDX60L,Thyroid,THYROID,#ff9900,194,/Users/sho3/eqtl/gtex_v11_qtls/Thyroid.v11.eQTLs.signif_pairs.parquet,4081
DDX60L,Breast_Mammary_Tissue,BREAST,#c27ba0,169,/Users/sho3/eqtl/gtex_v11_qtls/Breast_Mammary_Tissue.v11.eQTLs.signif_pairs.parquet,4081
DDX60L,Nerve_Tibial,NERVET,#ffe599,166,/Users/sho3/eqtl/gtex_v11_qtls/Nerve_Tibial.v11.eQTLs.signif_pairs.parquet,4081
DDX60L,Adipose_Visceral_Omentum,ADPVSC,#f6b26b,154,/Users/sho3/eqtl/gtex_v11_qtls/Adipose_Visceral_Omentum.v11.eQTLs.signif_pairs.parquet,4081
DDX60L,Skin_Sun_Exposed_Lower_leg,SKINS,#f1c232,144,/Users/sho3/eqtl/gtex_v11_qtls/Skin_Sun_Exposed_Lower_leg.v11.eQTLs.signif_pairs.parquet,4081
DDX60L,Esophagus_Mucosa,ESPMCS,#93c47d,142,/Users/sho3/eqtl/gtex_v11_qtls/Esophagus_Mucosa.v11.eQTLs.signif_pairs.parquet,4081
DDX60L,Liver,LIVER,#783f04,124,/Users/sho3/eqtl/gtex_v11_qtls/Liver.v11.eQTLs.signif_pairs.parquet,4081
DDX60L,Esophagus_Muscularis,ESPMSL,#6aa84f,100,/Users/sho3/eqtl/gtex_v11_qtls/Esophagus_Muscularis.v11.eQTLs.signif_pairs.parquet,4081
DDX60L,Skin_Not_Sun_Exposed_Suprapubic,SKINNS,#ffd966,99,/Users/sho3/eqtl/gtex_v11_qtls/Skin_Not_Sun_Exposed_Suprapubic.v11.eQTLs.signif_pairs.parquet,4081
DDX60L,Colon_Sigmoid,CLNSGM,#b45f06,92,/Users/sho3/eqtl/gtex_v11_qtls/Colon_Sigmoid.v11.eQTLs.signif_pairs.parquet,4081
DDX60L,Artery_Tibial,ARTTBL,#f4cccc,90,/Users/sho3/eqtl/gtex_v11_qtls/Artery_Tibial.v11.eQTLs.signif_pairs.parquet,4081
DDX60L,Colon_Transverse,CLNTRN,#e69138,88,/Users/sho3/eqtl/gtex_v11_qtls/Colon_Transverse.v11.eQTLs.signif_pairs.parquet,4081
DDX60L,Muscle_Skeletal,MSCLSK,#b7b7b7,80,/Users/sho3/eqtl/gtex_v11_qtls/Muscle_Skeletal.v11.eQTLs.signif_pairs.parquet,4081
DDX60L,Cells_EBV-transformed_lymphocytes,LCL,#351c75,70,/Users/sho3/eqtl/gtex_v11_qtls/Cells_EBV-transformed_lymphocytes.v11.eQTLs.signif_pairs.parquet,4081
DDX60L,Heart_Atrial_Appendage,HRTAA,#a64d79,65,/Users/sho3/eqtl/gtex_v11_qtls/Heart_Atrial_Appendage.v11.eQTLs.signif_pairs.parquet,4081
DDX60L,Esophagus_Gastroesophageal_Junction,ESPGEJ,#d9ead3,56,/Users/sho3/eqtl/gtex_v11_qtls/Esophagus_Gastroesophageal_Junction.v11.eQTLs.signif_pairs.parquet,4081
DDX60L,Brain_Caudate_basal_ganglia,BRNCDT,#38761d,55,/Users/sho3/eqtl/gtex_v11_qtls/Brain_Caudate_basal_ganglia.v11.eQTLs.signif_pairs.parquet,4081
DDX60L,Testis,TESTIS,#e06666,55,/Users/sho3/eqtl/gtex_v11_qtls/Testis.v11.eQTLs.signif_pairs.parquet,4081
DDX60L,Minor_Salivary_Gland,SLVRYG,#d5a6bd,48,/Users/sho3/eqtl/gtex_v11_qtls/Minor_Salivary_Gland.v11.eQTLs.signif_pairs.parquet,4081
DDX60L,Heart_Left_Ventricle,HRTLV,#741b47,46,/Users/sho3/eqtl/gtex_v11_qtls/Heart_Left_Ventricle.v11.eQTLs.signif_pairs.parquet,4081
DDX60L,Pancreas,PNCREAS,#f9cb9c,37,/Users/sho3/eqtl/gtex_v11_qtls/Pancreas.v11.eQTLs.signif_pairs.parquet,4081
DDX60L,Brain_Putamen_basal_ganglia,BRNPTM,#3d85c6,27,/Users/sho3/eqtl/gtex_v11_qtls/Brain_Putamen_basal_ganglia.v11.eQTLs.signif_pairs.parquet,4081
DDX60L,Brain_Nucleus_accumbens_basal_ganglia,BRNACC,#0b5394,23,/Users/sho3/eqtl/gtex_v11_qtls/Brain_Nucleus_accumbens_basal_ganglia.v11.eQTLs.signif_pairs.parquet,4081
DDX60L,Spleen,SPLEEN,#cc4125,15,/Users/sho3/eqtl/gtex_v11_qtls/Spleen.v11.eQTLs.signif_pairs.parquet,4081
DDX60L,Pituitary,PITUTRY,#999999,14,/Users/sho3/eqtl/gtex_v11_qtls/Pituitary.v11.eQTLs.signif_pairs.parquet,4081
DDX60L,Adrenal_Gland,ADREN,#8dd3c7,6,/Users/sho3/eqtl/gtex_v11_qtls/Adrenal_Gland.v11.eQTLs.signif_pairs.parquet,4081
DDX60L,Stomach,STMACH,#b45f06,2,/Users/sho3/eqtl/gtex_v11_qtls/Stomach.v11.eQTLs.signif_pairs.parquet,4081
DDX60L,Artery_Aorta,ARTAORT,#e06666,0,/Users/sho3/eqtl/gtex_v11_qtls/Artery_Aorta.v11.eQTLs.signif_pairs.parquet,4081
DDX60L,Artery_Coronary,ARTCRN,#cc0000,0,/Users/sho3/eqtl/gtex_v11_qtls/Artery_Coronary.v11.eQTLs.signif_pairs.parquet,4081
DDX60L,Bladder,BLDDER,#b4a7d6,0,/Users/sho3/eqtl/gtex_v11_qtls/Bladder.v11.eQTLs.signif_pairs.parquet,4081
DDX60L,Brain_Amygdala,BRNAMY,#93c47d,0,/Users/sho3/eqtl/gtex_v11_qtls/Brain_Amygdala.v11.eQTLs.signif_pairs.parquet,4081
DDX60L,Brain_Anterior_cingulate_cortex_BA24,BRNCCC,#6aa84f,0,/Users/sho3/eqtl/gtex_v11_qtls/Brain_Anterior_cingulate_cortex_BA24.v11.eQTLs.signif_pairs.parquet,4081
DDX60L,Brain_Cerebellar_Hemisphere,BRNCHA,#b6d7a8,0,/Users/sho3/eqtl/gtex_v11_qtls/Brain_Cerebellar_Hemisphere.v11.eQTLs.signif_pairs.parquet,4081
DDX60L,Brain_Cerebellum,BRNCHB,#274e13,0,/Users/sho3/eqtl/gtex_v11_qtls/Brain_Cerebellum.v11.eQTLs.signif_pairs.parquet,4081
DDX60L,Brain_Cortex,BRNCTXA,#a2c4c9,0,/Users/sho3/eqtl/gtex_v11_qtls/Brain_Cortex.v11.eQTLs.signif_pairs.parquet,4081
DDX60L,Brain_Frontal_Cortex_BA9,BRNCTXB,#76a5af,0,/Users/sho3/eqtl/gtex_v11_qtls/Brain_Frontal_Cortex_BA9.v11.eQTLs.signif_pairs.parquet,4081
DDX60L,Brain_Hippocampus,BRNHPP,#134f5c,0,/Users/sho3/eqtl/gtex_v11_qtls/Brain_Hippocampus.v11.eQTLs.signif_pairs.parquet,4081
DDX60L,Brain_Hypothalamus,BRNHPT,#45818e,0,/Users/sho3/eqtl/gtex_v11_qtls/Brain_Hypothalamus.v11.eQTLs.signif_pairs.parquet,4081
DDX60L,Brain_Substantia_nigra,BRNSNG,#073763,0,/Users/sho3/eqtl/gtex_v11_qtls/Brain_Substantia_nigra.v11.eQTLs.signif_pairs.parquet,4081
DDX60L,Brain_Spinal_cord_cervical_c-1,BRNSPC,#9fc5e8,0,/Users/sho3/eqtl/gtex_v11_qtls/Brain_Spinal_cord_cervical_c-1.v11.eQTLs.signif_pairs.parquet,4081
DDX60L,Kidney_Cortex,KDNCTX,#00ffff,0,/Users/sho3/eqtl/gtex_v11_qtls/Kidney_Cortex.v11.eQTLs.signif_pairs.parquet,4081
DDX60L,Ovary,OVARY,#ff00ff,0,/Users/sho3/eqtl/gtex_v11_qtls/Ovary.v11.eQTLs.signif_pairs.parquet,4081
DDX60L,Prostate,PRSTTE,#cfe2f3,0,/Users/sho3/eqtl/gtex_v11_qtls/Prostate.v11.eQTLs.signif_pairs.parquet,4081
DDX60L,Small_Intestine_Terminal_Ileum,SNTRM,#ffff00,0,/Users/sho3/eqtl/gtex_v11_qtls/Small_Intestine_Terminal_Ileum.v11.eQTLs.signif_pairs.parquet,4081
DDX60L,Uterus,UTERUS,#cc99ff,0,/Users/sho3/eqtl/gtex_v11_qtls/Uterus.v11.eQTLs.signif_pairs.parquet,4081
DDX60L,Vagina,VAGINA,#ff66cc,0,/Users/sho3/eqtl/gtex_v11_qtls/Vagina.v11.eQTLs.signif_pairs.parquet,4081
RAD50,Lung,LUNG,#6fa8dc,382,/Users/sho3/eqtl/gtex_v11_qtls/Lung.v11.eQTLs.signif_pairs.parquet,3771
RAD50,Skin_Not_Sun_Exposed_Suprapubic,SKINNS,#ffd966,349,/Users/sho3/eqtl/gtex_v11_qtls/Skin_Not_Sun_Exposed_Suprapubic.v11.eQTLs.signif_pairs.parquet,3771
RAD50,Nerve_Tibial,NERVET,#ffe599,263,/Users/sho3/eqtl/gtex_v11_qtls/Nerve_Tibial.v11.eQTLs.signif_pairs.parquet,3771
RAD50,Artery_Coronary,ARTCRN,#cc0000,257,/Users/sho3/eqtl/gtex_v11_qtls/Artery_Coronary.v11.eQTLs.signif_pairs.parquet,3771
RAD50,Thyroid,THYROID,#ff9900,216,/Users/sho3/eqtl/gtex_v11_qtls/Thyroid.v11.eQTLs.signif_pairs.parquet,3771
RAD50,Artery_Aorta,ARTAORT,#e06666,183,/Users/sho3/eqtl/gtex_v11_qtls/Artery_Aorta.v11.eQTLs.signif_pairs.parquet,3771
RAD50,Esophagus_Mucosa,ESPMCS,#93c47d,180,/Users/sho3/eqtl/gtex_v11_qtls/Esophagus_Mucosa.v11.eQTLs.signif_pairs.parquet,3771
RAD50,Esophagus_Muscularis,ESPMSL,#6aa84f,159,/Users/sho3/eqtl/gtex_v11_qtls/Esophagus_Muscularis.v11.eQTLs.signif_pairs.parquet,3771
RAD50,Colon_Transverse,CLNTRN,#e69138,131,/Users/sho3/eqtl/gtex_v11_qtls/Colon_Transverse.v11.eQTLs.signif_pairs.parquet,3771
RAD50,Spleen,SPLEEN,#cc4125,125,/Users/sho3/eqtl/gtex_v11_qtls/Spleen.v11.eQTLs.signif_pairs.parquet,3771
RAD50,Stomach,STMACH,#b45f06,118,/Users/sho3/eqtl/gtex_v11_qtls/Stomach.v11.eQTLs.signif_pairs.parquet,3771
RAD50,Brain_Cerebellum,BRNCHB,#274e13,111,/Users/sho3/eqtl/gtex_v11_qtls/Brain_Cerebellum.v11.eQTLs.signif_pairs.parquet,3771
RAD50,Esophagus_Gastroesophageal_Junction,ESPGEJ,#d9ead3,108,/Users/sho3/eqtl/gtex_v11_qtls/Esophagus_Gastroesophageal_Junction.v11.eQTLs.signif_pairs.parquet,3771
RAD50,Adipose_Subcutaneous,ADPSBQ,#f1c232,93,/Users/sho3/eqtl/gtex_v11_qtls/Adipose_Subcutaneous.v11.eQTLs.signif_pairs.parquet,3771
RAD50,Artery_Tibial,ARTTBL,#f4cccc,92,/Users/sho3/eqtl/gtex_v11_qtls/Artery_Tibial.v11.eQTLs.signif_pairs.parquet,3771
RAD50,Heart_Atrial_Appendage,HRTAA,#a64d79,92,/Users/sho3/eqtl/gtex_v11_qtls/Heart_Atrial_Appendage.v11.eQTLs.signif_pairs.parquet,3771
RAD50,Pituitary,PITUTRY,#999999,92,/Users/sho3/eqtl/gtex_v11_qtls/Pituitary.v11.eQTLs.signif_pairs.parquet,3771
RAD50,Prostate,PRSTTE,#cfe2f3,78,/Users/sho3/eqtl/gtex_v11_qtls/Prostate.v11.eQTLs.signif_pairs.parquet,3771
RAD50,Skin_Sun_Exposed_Lower_leg,SKINS,#f1c232,75,/Users/sho3/eqtl/gtex_v11_qtls/Skin_Sun_Exposed_Lower_leg.v11.eQTLs.signif_pairs.parquet,3771
RAD50,Testis,TESTIS,#e06666,75,/Users/sho3/eqtl/gtex_v11_qtls/Testis.v11.eQTLs.signif_pairs.parquet,3771
RAD50,Colon_Sigmoid,CLNSGM,#b45f06,74,/Users/sho3/eqtl/gtex_v11_qtls/Colon_Sigmoid.v11.eQTLs.signif_pairs.parquet,3771
RAD50,Heart_Left_Ventricle,HRTLV,#741b47,71,/Users/sho3/eqtl/gtex_v11_qtls/Heart_Left_Ventricle.v11.eQTLs.signif_pairs.parquet,3771
RAD50,Adipose_Visceral_Omentum,ADPVSC,#f6b26b,68,/Users/sho3/eqtl/gtex_v11_qtls/Adipose_Visceral_Omentum.v11.eQTLs.signif_pairs.parquet,3771
RAD50,Muscle_Skeletal,MSCLSK,#b7b7b7,46,/Users/sho3/eqtl/gtex_v11_qtls/Muscle_Skeletal.v11.eQTLs.signif_pairs.parquet,3771
RAD50,Breast_Mammary_Tissue,BREAST,#c27ba0,42,/Users/sho3/eqtl/gtex_v11_qtls/Breast_Mammary_Tissue.v11.eQTLs.signif_pairs.parquet,3771
RAD50,Brain_Cerebellar_Hemisphere,BRNCHA,#b6d7a8,34,/Users/sho3/eqtl/gtex_v11_qtls/Brain_Cerebellar_Hemisphere.v11.eQTLs.signif_pairs.parquet,3771
RAD50,Brain_Frontal_Cortex_BA9,BRNCTXB,#76a5af,31,/Users/sho3/eqtl/gtex_v11_qtls/Brain_Frontal_Cortex_BA9.v11.eQTLs.signif_pairs.parquet,3771
RAD50,Cells_Cultured_fibroblasts,FIBRBLS,#674ea7,28,/Users/sho3/eqtl/gtex_v11_qtls/Cells_Cultured_fibroblasts.v11.eQTLs.signif_pairs.parquet,3771
RAD50,Pancreas,PNCREAS,#f9cb9c,24,/Users/sho3/eqtl/gtex_v11_qtls/Pancreas.v11.eQTLs.signif_pairs.parquet,3771
RAD50,Brain_Caudate_basal_ganglia,BRNCDT,#38761d,18,/Users/sho3/eqtl/gtex_v11_qtls/Brain_Caudate_basal_ganglia.v11.eQTLs.signif_pairs.parquet,3771
RAD50,Brain_Cortex,BRNCTXA,#a2c4c9,18,/Users/sho3/eqtl/gtex_v11_qtls/Brain_Cortex.v11.eQTLs.signif_pairs.parquet,3771
RAD50,Brain_Hippocampus,BRNHPP,#134f5c,17,/Users/sho3/eqtl/gtex_v11_qtls/Brain_Hippocampus.v11.eQTLs.signif_pairs.parquet,3771
RAD50,Brain_Anterior_cingulate_cortex_BA24,BRNCCC,#6aa84f,16,/Users/sho3/eqtl/gtex_v11_qtls/Brain_Anterior_cingulate_cortex_BA24.v11.eQTLs.signif_pairs.parquet,3771
RAD50,Brain_Spinal_cord_cervical_c-1,BRNSPC,#9fc5e8,15,/Users/sho3/eqtl/gtex_v11_qtls/Brain_Spinal_cord_cervical_c-1.v11.eQTLs.signif_pairs.parquet,3771
RAD50,Small_Intestine_Terminal_Ileum,SNTRM,#ffff00,15,/Users/sho3/eqtl/gtex_v11_qtls/Small_Intestine_Terminal_Ileum.v11.eQTLs.signif_pairs.parquet,3771
RAD50,Brain_Hypothalamus,BRNHPT,#45818e,14,/Users/sho3/eqtl/gtex_v11_qtls/Brain_Hypothalamus.v11.eQTLs.signif_pairs.parquet,3771
RAD50,Brain_Substantia_nigra,BRNSNG,#073763,14,/Users/sho3/eqtl/gtex_v11_qtls/Brain_Substantia_nigra.v11.eQTLs.signif_pairs.parquet,3771
RAD50,Brain_Putamen_basal_ganglia,BRNPTM,#3d85c6,13,/Users/sho3/eqtl/gtex_v11_qtls/Brain_Putamen_basal_ganglia.v11.eQTLs.signif_pairs.parquet,3771
RAD50,Brain_Amygdala,BRNAMY,#93c47d,12,/Users/sho3/eqtl/gtex_v11_qtls/Brain_Amygdala.v11.eQTLs.signif_pairs.parquet,3771
RAD50,Brain_Nucleus_accumbens_basal_ganglia,BRNACC,#0b5394,11,/Users/sho3/eqtl/gtex_v11_qtls/Brain_Nucleus_accumbens_basal_ganglia.v11.eQTLs.signif_pairs.parquet,3771
RAD50,Cells_EBV-transformed_lymphocytes,LCL,#351c75,8,/Users/sho3/eqtl/gtex_v11_qtls/Cells_EBV-transformed_lymphocytes.v11.eQTLs.signif_pairs.parquet,3771
RAD50,Whole_Blood,WHLBLD,#cc0000,2,/Users/sho3/eqtl/gtex_v11_qtls/Whole_Blood.v11.eQTLs.signif_pairs.parquet,3771
RAD50,Vagina,VAGINA,#ff66cc,1,/Users/sho3/eqtl/gtex_v11_qtls/Vagina.v11.eQTLs.signif_pairs.parquet,3771
RAD50,Adrenal_Gland,ADREN,#8dd3c7,0,/Users/sho3/eqtl/gtex_v11_qtls/Adrenal_Gland.v11.eQTLs.signif_pairs.parquet,3771
RAD50,Bladder,BLDDER,#b4a7d6,0,/Users/sho3/eqtl/gtex_v11_qtls/Bladder.v11.eQTLs.signif_pairs.parquet,3771
RAD50,Kidney_Cortex,KDNCTX,#00ffff,0,/Users/sho3/eqtl/gtex_v11_qtls/Kidney_Cortex.v11.eQTLs.signif_pairs.parquet,3771
RAD50,Liver,LIVER,#783f04,0,/Users/sho3/eqtl/gtex_v11_qtls/Liver.v11.eQTLs.signif_pairs.parquet,3771
RAD50,Ovary,OVARY,#ff00ff,0,/Users/sho3/eqtl/gtex_v11_qtls/Ovary.v11.eQTLs.signif_pairs.parquet,3771
RAD50,Minor_Salivary_Gland,SLVRYG,#d5a6bd,0,/Users/sho3/eqtl/gtex_v11_qtls/Minor_Salivary_Gland.v11.eQTLs.signif_pairs.parquet,3771
RAD50,Uterus,UTERUS,#cc99ff,0,/Users/sho3/eqtl/gtex_v11_qtls/Uterus.v11.eQTLs.signif_pairs.parquet,3771
IFI16,Skin_Sun_Exposed_Lower_leg,SKINS,#f1c232,265,/Users/sho3/eqtl/gtex_v11_qtls/Skin_Sun_Exposed_Lower_leg.v11.eQTLs.signif_pairs.parquet,3240
IFI16,Skin_Not_Sun_Exposed_Suprapubic,SKINNS,#ffd966,252,/Users/sho3/eqtl/gtex_v11_qtls/Skin_Not_Sun_Exposed_Suprapubic.v11.eQTLs.signif_pairs.parquet,3240
IFI16,Adrenal_Gland,ADREN,#8dd3c7,194,/Users/sho3/eqtl/gtex_v11_qtls/Adrenal_Gland.v11.eQTLs.signif_pairs.parquet,3240
IFI16,Artery_Tibial,ARTTBL,#f4cccc,153,/Users/sho3/eqtl/gtex_v11_qtls/Artery_Tibial.v11.eQTLs.signif_pairs.parquet,3240
IFI16,Esophagus_Muscularis,ESPMSL,#6aa84f,144,/Users/sho3/eqtl/gtex_v11_qtls/Esophagus_Muscularis.v11.eQTLs.signif_pairs.parquet,3240
IFI16,Colon_Sigmoid,CLNSGM,#b45f06,131,/Users/sho3/eqtl/gtex_v11_qtls/Colon_Sigmoid.v11.eQTLs.signif_pairs.parquet,3240
IFI16,Thyroid,THYROID,#ff9900,125,/Users/sho3/eqtl/gtex_v11_qtls/Thyroid.v11.eQTLs.signif_pairs.parquet,3240
IFI16,Artery_Aorta,ARTAORT,#e06666,123,/Users/sho3/eqtl/gtex_v11_qtls/Artery_Aorta.v11.eQTLs.signif_pairs.parquet,3240
IFI16,Breast_Mammary_Tissue,BREAST,#c27ba0,123,/Users/sho3/eqtl/gtex_v11_qtls/Breast_Mammary_Tissue.v11.eQTLs.signif_pairs.parquet,3240
IFI16,Prostate,PRSTTE,#cfe2f3,121,/Users/sho3/eqtl/gtex_v11_qtls/Prostate.v11.eQTLs.signif_pairs.parquet,3240
IFI16,Cells_Cultured_fibroblasts,FIBRBLS,#674ea7,109,/Users/sho3/eqtl/gtex_v11_qtls/Cells_Cultured_fibroblasts.v11.eQTLs.signif_pairs.parquet,3240
IFI16,Adipose_Subcutaneous,ADPSBQ,#f1c232,105,/Users/sho3/eqtl/gtex_v11_qtls/Adipose_Subcutaneous.v11.eQTLs.signif_pairs.parquet,3240
IFI16,Heart_Atrial_Appendage,HRTAA,#a64d79,104,/Users/sho3/eqtl/gtex_v11_qtls/Heart_Atrial_Appendage.v11.eQTLs.signif_pairs.parquet,3240
IFI16,Heart_Left_Ventricle,HRTLV,#741b47,100,/Users/sho3/eqtl/gtex_v11_qtls/Heart_Left_Ventricle.v11.eQTLs.signif_pairs.parquet,3240
IFI16,Testis,TESTIS,#e06666,100,/Users/sho3/eqtl/gtex_v11_qtls/Testis.v11.eQTLs.signif_pairs.parquet,3240
IFI16,Colon_Transverse,CLNTRN,#e69138,95,/Users/sho3/eqtl/gtex_v11_qtls/Colon_Transverse.v11.eQTLs.signif_pairs.parquet,3240
IFI16,Esophagus_Gastroesophageal_Junction,ESPGEJ,#d9ead3,95,/Users/sho3/eqtl/gtex_v11_qtls/Esophagus_Gastroesophageal_Junction.v11.eQTLs.signif_pairs.parquet,3240
IFI16,Adipose_Visceral_Omentum,ADPVSC,#f6b26b,91,/Users/sho3/eqtl/gtex_v11_qtls/Adipose_Visceral_Omentum.v11.eQTLs.signif_pairs.parquet,3240
IFI16,Nerve_Tibial,NERVET,#ffe599,84,/Users/sho3/eqtl/gtex_v11_qtls/Nerve_Tibial.v11.eQTLs.signif_pairs.parquet,3240
IFI16,Brain_Cortex,BRNCTXA,#a2c4c9,82,/Users/sho3/eqtl/gtex_v11_qtls/Brain_Cortex.v11.eQTLs.signif_pairs.parquet,3240
IFI16,Brain_Caudate_basal_ganglia,BRNCDT,#38761d,81,/Users/sho3/eqtl/gtex_v11_qtls/Brain_Caudate_basal_ganglia.v11.eQTLs.signif_pairs.parquet,3240
IFI16,Stomach,STMACH,#b45f06,79,/Users/sho3/eqtl/gtex_v11_qtls/Stomach.v11.eQTLs.signif_pairs.parquet,3240
IFI16,Lung,LUNG,#6fa8dc,78,/Users/sho3/eqtl/gtex_v11_qtls/Lung.v11.eQTLs.signif_pairs.parquet,3240
IFI16,Brain_Nucleus_accumbens_basal_ganglia,BRNACC,#0b5394,77,/Users/sho3/eqtl/gtex_v11_qtls/Brain_Nucleus_accumbens_basal_ganglia.v11.eQTLs.signif_pairs.parquet,3240
IFI16,Muscle_Skeletal,MSCLSK,#b7b7b7,77,/Users/sho3/eqtl/gtex_v11_qtls/Muscle_Skeletal.v11.eQTLs.signif_pairs.parquet,3240
IFI16,Brain_Frontal_Cortex_BA9,BRNCTXB,#76a5af,73,/Users/sho3/eqtl/gtex_v11_qtls/Brain_Frontal_Cortex_BA9.v11.eQTLs.signif_pairs.parquet,3240
IFI16,Brain_Amygdala,BRNAMY,#93c47d,69,/Users/sho3/eqtl/gtex_v11_qtls/Brain_Amygdala.v11.eQTLs.signif_pairs.parquet,3240
IFI16,Esophagus_Mucosa,ESPMCS,#93c47d,69,/Users/sho3/eqtl/gtex_v11_qtls/Esophagus_Mucosa.v11.eQTLs.signif_pairs.parquet,3240
IFI16,Artery_Coronary,ARTCRN,#cc0000,21,/Users/sho3/eqtl/gtex_v11_qtls/Artery_Coronary.v11.eQTLs.signif_pairs.parquet,3240
IFI16,Liver,LIVER,#783f04,15,/Users/sho3/eqtl/gtex_v11_qtls/Liver.v11.eQTLs.signif_pairs.parquet,3240
IFI16,Brain_Cerebellar_Hemisphere,BRNCHA,#b6d7a8,3,/Users/sho3/eqtl/gtex_v11_qtls/Brain_Cerebellar_Hemisphere.v11.eQTLs.signif_pairs.parquet,3240
IFI16,Bladder,BLDDER,#b4a7d6,1,/Users/sho3/eqtl/gtex_v11_qtls/Bladder.v11.eQTLs.signif_pairs.parquet,3240
IFI16,Small_Intestine_Terminal_Ileum,SNTRM,#ffff00,1,/Users/sho3/eqtl/gtex_v11_qtls/Small_Intestine_Terminal_Ileum.v11.eQTLs.signif_pairs.parquet,3240
IFI16,Brain_Anterior_cingulate_cortex_BA24,BRNCCC,#6aa84f,0,/Users/sho3/eqtl/gtex_v11_qtls/Brain_Anterior_cingulate_cortex_BA24.v11.eQTLs.signif_pairs.parquet,3240
IFI16,Brain_Cerebellum,BRNCHB,#274e13,0,/Users/sho3/eqtl/gtex_v11_qtls/Brain_Cerebellum.v11.eQTLs.signif_pairs.parquet,3240
IFI16,Brain_Hippocampus,BRNHPP,#134f5c,0,/Users/sho3/eqtl/gtex_v11_qtls/Brain_Hippocampus.v11.eQTLs.signif_pairs.parquet,3240
IFI16,Brain_Hypothalamus,BRNHPT,#45818e,0,/Users/sho3/eqtl/gtex_v11_qtls/Brain_Hypothalamus.v11.eQTLs.signif_pairs.parquet,3240
IFI16,Brain_Putamen_basal_ganglia,BRNPTM,#3d85c6,0,/Users/sho3/eqtl/gtex_v11_qtls/Brain_Putamen_basal_ganglia.v11.eQTLs.signif_pairs.parquet,3240
IFI16,Brain_Substantia_nigra,BRNSNG,#073763,0,/Users/sho3/eqtl/gtex_v11_qtls/Brain_Substantia_nigra.v11.eQTLs.signif_pairs.parquet,3240
IFI16,Brain_Spinal_cord_cervical_c-1,BRNSPC,#9fc5e8,0,/Users/sho3/eqtl/gtex_v11_qtls/Brain_Spinal_cord_cervical_c-1.v11.eQTLs.signif_pairs.parquet,3240
IFI16,Kidney_Cortex,KDNCTX,#00ffff,0,/Users/sho3/eqtl/gtex_v11_qtls/Kidney_Cortex.v11.eQTLs.signif_pairs.parquet,3240
IFI16,Cells_EBV-transformed_lymphocytes,LCL,#351c75,0,/Users/sho3/eqtl/gtex_v11_qtls/Cells_EBV-transformed_lymphocytes.v11.eQTLs.signif_pairs.parquet,3240
IFI16,Ovary,OVARY,#ff00ff,0,/Users/sho3/eqtl/gtex_v11_qtls/Ovary.v11.eQTLs.signif_pairs.parquet,3240
IFI16,Pituitary,PITUTRY,#999999,0,/Users/sho3/eqtl/gtex_v11_qtls/Pituitary.v11.eQTLs.signif_pairs.parquet,3240
IFI16,Pancreas,PNCREAS,#f9cb9c,0,/Users/sho3/eqtl/gtex_v11_qtls/Pancreas.v11.eQTLs.signif_pairs.parquet,3240
IFI16,Minor_Salivary_Gland,SLVRYG,#d5a6bd,0,/Users/sho3/eqtl/gtex_v11_qtls/Minor_Salivary_Gland.v11.eQTLs.signif_pairs.parquet,3240
IFI16,Spleen,SPLEEN,#cc4125,0,/Users/sho3/eqtl/gtex_v11_qtls/Spleen.v11.eQTLs.signif_pairs.parquet,3240
IFI16,Uterus,UTERUS,#cc99ff,0,/Users/sho3/eqtl/gtex_v11_qtls/Uterus.v11.eQTLs.signif_pairs.parquet,3240
IFI16,Vagina,VAGINA,#ff66cc,0,/Users/sho3/eqtl/gtex_v11_qtls/Vagina.v11.eQTLs.signif_pairs.parquet,3240
IFI16,Whole_Blood,WHLBLD,#cc0000,0,/Users/sho3/eqtl/gtex_v11_qtls/Whole_Blood.v11.eQTLs.signif_pairs.parquet,3240
XRCC5,Nerve_Tibial,NERVET,#ffe599,262,/Users/sho3/eqtl/gtex_v11_qtls/Nerve_Tibial.v11.eQTLs.signif_pairs.parquet,2920
XRCC5,Muscle_Skeletal,MSCLSK,#b7b7b7,185,/Users/sho3/eqtl/gtex_v11_qtls/Muscle_Skeletal.v11.eQTLs.signif_pairs.parquet,2920
XRCC5,Skin_Sun_Exposed_Lower_leg,SKINS,#f1c232,171,/Users/sho3/eqtl/gtex_v11_qtls/Skin_Sun_Exposed_Lower_leg.v11.eQTLs.signif_pairs.parquet,2920
XRCC5,Adipose_Visceral_Omentum,ADPVSC,#f6b26b,153,/Users/sho3/eqtl/gtex_v11_qtls/Adipose_Visceral_Omentum.v11.eQTLs.signif_pairs.parquet,2920
XRCC5,Artery_Tibial,ARTTBL,#f4cccc,148,/Users/sho3/eqtl/gtex_v11_qtls/Artery_Tibial.v11.eQTLs.signif_pairs.parquet,2920
XRCC5,Brain_Frontal_Cortex_BA9,BRNCTXB,#76a5af,148,/Users/sho3/eqtl/gtex_v11_qtls/Brain_Frontal_Cortex_BA9.v11.eQTLs.signif_pairs.parquet,2920
XRCC5,Skin_Not_Sun_Exposed_Suprapubic,SKINNS,#ffd966,147,/Users/sho3/eqtl/gtex_v11_qtls/Skin_Not_Sun_Exposed_Suprapubic.v11.eQTLs.signif_pairs.parquet,2920
XRCC5,Brain_Cerebellum,BRNCHB,#274e13,114,/Users/sho3/eqtl/gtex_v11_qtls/Brain_Cerebellum.v11.eQTLs.signif_pairs.parquet,2920
XRCC5,Brain_Caudate_basal_ganglia,BRNCDT,#38761d,112,/Users/sho3/eqtl/gtex_v11_qtls/Brain_Caudate_basal_ganglia.v11.eQTLs.signif_pairs.parquet,2920
XRCC5,Brain_Hippocampus,BRNHPP,#134f5c,109,/Users/sho3/eqtl/gtex_v11_qtls/Brain_Hippocampus.v11.eQTLs.signif_pairs.parquet,2920
XRCC5,Brain_Cortex,BRNCTXA,#a2c4c9,102,/Users/sho3/eqtl/gtex_v11_qtls/Brain_Cortex.v11.eQTLs.signif_pairs.parquet,2920
XRCC5,Brain_Cerebellar_Hemisphere,BRNCHA,#b6d7a8,100,/Users/sho3/eqtl/gtex_v11_qtls/Brain_Cerebellar_Hemisphere.v11.eQTLs.signif_pairs.parquet,2920
XRCC5,Brain_Nucleus_accumbens_basal_ganglia,BRNACC,#0b5394,98,/Users/sho3/eqtl/gtex_v11_qtls/Brain_Nucleus_accumbens_basal_ganglia.v11.eQTLs.signif_pairs.parquet,2920
XRCC5,Brain_Spinal_cord_cervical_c-1,BRNSPC,#9fc5e8,98,/Users/sho3/eqtl/gtex_v11_qtls/Brain_Spinal_cord_cervical_c-1.v11.eQTLs.signif_pairs.parquet,2920
XRCC5,Brain_Hypothalamus,BRNHPT,#45818e,90,/Users/sho3/eqtl/gtex_v11_qtls/Brain_Hypothalamus.v11.eQTLs.signif_pairs.parquet,2920
XRCC5,Brain_Anterior_cingulate_cortex_BA24,BRNCCC,#6aa84f,84,/Users/sho3/eqtl/gtex_v11_qtls/Brain_Anterior_cingulate_cortex_BA24.v11.eQTLs.signif_pairs.parquet,2920
XRCC5,Adipose_Subcutaneous,ADPSBQ,#f1c232,83,/Users/sho3/eqtl/gtex_v11_qtls/Adipose_Subcutaneous.v11.eQTLs.signif_pairs.parquet,2920
XRCC5,Brain_Putamen_basal_ganglia,BRNPTM,#3d85c6,78,/Users/sho3/eqtl/gtex_v11_qtls/Brain_Putamen_basal_ganglia.v11.eQTLs.signif_pairs.parquet,2920
XRCC5,Artery_Aorta,ARTAORT,#e06666,66,/Users/sho3/eqtl/gtex_v11_qtls/Artery_Aorta.v11.eQTLs.signif_pairs.parquet,2920
XRCC5,Pancreas,PNCREAS,#f9cb9c,58,/Users/sho3/eqtl/gtex_v11_qtls/Pancreas.v11.eQTLs.signif_pairs.parquet,2920
XRCC5,Colon_Transverse,CLNTRN,#e69138,53,/Users/sho3/eqtl/gtex_v11_qtls/Colon_Transverse.v11.eQTLs.signif_pairs.parquet,2920
XRCC5,Heart_Atrial_Appendage,HRTAA,#a64d79,49,/Users/sho3/eqtl/gtex_v11_qtls/Heart_Atrial_Appendage.v11.eQTLs.signif_pairs.parquet,2920
XRCC5,Breast_Mammary_Tissue,BREAST,#c27ba0,42,/Users/sho3/eqtl/gtex_v11_qtls/Breast_Mammary_Tissue.v11.eQTLs.signif_pairs.parquet,2920
XRCC5,Brain_Amygdala,BRNAMY,#93c47d,42,/Users/sho3/eqtl/gtex_v11_qtls/Brain_Amygdala.v11.eQTLs.signif_pairs.parquet,2920
XRCC5,Esophagus_Muscularis,ESPMSL,#6aa84f,41,/Users/sho3/eqtl/gtex_v11_qtls/Esophagus_Muscularis.v11.eQTLs.signif_pairs.parquet,2920
XRCC5,Thyroid,THYROID,#ff9900,36,/Users/sho3/eqtl/gtex_v11_qtls/Thyroid.v11.eQTLs.signif_pairs.parquet,2920
XRCC5,Whole_Blood,WHLBLD,#cc0000,32,/Users/sho3/eqtl/gtex_v11_qtls/Whole_Blood.v11.eQTLs.signif_pairs.parquet,2920
XRCC5,Lung,LUNG,#6fa8dc,30,/Users/sho3/eqtl/gtex_v11_qtls/Lung.v11.eQTLs.signif_pairs.parquet,2920
XRCC5,Pituitary,PITUTRY,#999999,27,/Users/sho3/eqtl/gtex_v11_qtls/Pituitary.v11.eQTLs.signif_pairs.parquet,2920
XRCC5,Esophagus_Mucosa,ESPMCS,#93c47d,26,/Users/sho3/eqtl/gtex_v11_qtls/Esophagus_Mucosa.v11.eQTLs.signif_pairs.parquet,2920
XRCC5,Brain_Substantia_nigra,BRNSNG,#073763,22,/Users/sho3/eqtl/gtex_v11_qtls/Brain_Substantia_nigra.v11.eQTLs.signif_pairs.parquet,2920
XRCC5,Colon_Sigmoid,CLNSGM,#b45f06,19,/Users/sho3/eqtl/gtex_v11_qtls/Colon_Sigmoid.v11.eQTLs.signif_pairs.parquet,2920
XRCC5,Liver,LIVER,#783f04,18,/Users/sho3/eqtl/gtex_v11_qtls/Liver.v11.eQTLs.signif_pairs.parquet,2920
XRCC5,Stomach,STMACH,#b45f06,16,/Users/sho3/eqtl/gtex_v11_qtls/Stomach.v11.eQTLs.signif_pairs.parquet,2920
XRCC5,Heart_Left_Ventricle,HRTLV,#741b47,15,/Users/sho3/eqtl/gtex_v11_qtls/Heart_Left_Ventricle.v11.eQTLs.signif_pairs.parquet,2920
XRCC5,Small_Intestine_Terminal_Ileum,SNTRM,#ffff00,13,/Users/sho3/eqtl/gtex_v11_qtls/Small_Intestine_Terminal_Ileum.v11.eQTLs.signif_pairs.parquet,2920
XRCC5,Cells_Cultured_fibroblasts,FIBRBLS,#674ea7,12,/Users/sho3/eqtl/gtex_v11_qtls/Cells_Cultured_fibroblasts.v11.eQTLs.signif_pairs.parquet,2920
XRCC5,Esophagus_Gastroesophageal_Junction,ESPGEJ,#d9ead3,9,/Users/sho3/eqtl/gtex_v11_qtls/Esophagus_Gastroesophageal_Junction.v11.eQTLs.signif_pairs.parquet,2920
XRCC5,Artery_Coronary,ARTCRN,#cc0000,8,/Users/sho3/eqtl/gtex_v11_qtls/Artery_Coronary.v11.eQTLs.signif_pairs.parquet,2920
XRCC5,Uterus,UTERUS,#cc99ff,2,/Users/sho3/eqtl/gtex_v11_qtls/Uterus.v11.eQTLs.signif_pairs.parquet,2920
XRCC5,Cells_EBV-transformed_lymphocytes,LCL,#351c75,1,/Users/sho3/eqtl/gtex_v11_qtls/Cells_EBV-transformed_lymphocytes.v11.eQTLs.signif_pairs.parquet,2920
XRCC5,Prostate,PRSTTE,#cfe2f3,1,/Users/sho3/eqtl/gtex_v11_qtls/Prostate.v11.eQTLs.signif_pairs.parquet,2920
XRCC5,Adrenal_Gland,ADREN,#8dd3c7,0,/Users/sho3/eqtl/gtex_v11_qtls/Adrenal_Gland.v11.eQTLs.signif_pairs.parquet,2920
XRCC5,Bladder,BLDDER,#b4a7d6,0,/Users/sho3/eqtl/gtex_v11_qtls/Bladder.v11.eQTLs.signif_pairs.parquet,2920
XRCC5,Kidney_Cortex,KDNCTX,#00ffff,0,/Users/sho3/eqtl/gtex_v11_qtls/Kidney_Cortex.v11.eQTLs.signif_pairs.parquet,2920
XRCC5,Ovary,OVARY,#ff00ff,0,/Users/sho3/eqtl/gtex_v11_qtls/Ovary.v11.eQTLs.signif_pairs.parquet,2920
XRCC5,Minor_Salivary_Gland,SLVRYG,#d5a6bd,0,/Users/sho3/eqtl/gtex_v11_qtls/Minor_Salivary_Gland.v11.eQTLs.signif_pairs.parquet,2920
XRCC5,Spleen,SPLEEN,#cc4125,0,/Users/sho3/eqtl/gtex_v11_qtls/Spleen.v11.eQTLs.signif_pairs.parquet,2920
XRCC5,Testis,TESTIS,#e06666,0,/Users/sho3/eqtl/gtex_v11_qtls/Testis.v11.eQTLs.signif_pairs.parquet,2920
XRCC5,Vagina,VAGINA,#ff66cc,0,/Users/sho3/eqtl/gtex_v11_qtls/Vagina.v11.eQTLs.signif_pairs.parquet,2920
LRRFIP1,Cells_Cultured_fibroblasts,FIBRBLS,#674ea7,393,/Users/sho3/eqtl/gtex_v11_qtls/Cells_Cultured_fibroblasts.v11.eQTLs.signif_pairs.parquet,2562
LRRFIP1,Whole_Blood,WHLBLD,#cc0000,304,/Users/sho3/eqtl/gtex_v11_qtls/Whole_Blood.v11.eQTLs.signif_pairs.parquet,2562
LRRFIP1,Artery_Aorta,ARTAORT,#e06666,284,/Users/sho3/eqtl/gtex_v11_qtls/Artery_Aorta.v11.eQTLs.signif_pairs.parquet,2562
LRRFIP1,Artery_Tibial,ARTTBL,#f4cccc,254,/Users/sho3/eqtl/gtex_v11_qtls/Artery_Tibial.v11.eQTLs.signif_pairs.parquet,2562
LRRFIP1,Thyroid,THYROID,#ff9900,158,/Users/sho3/eqtl/gtex_v11_qtls/Thyroid.v11.eQTLs.signif_pairs.parquet,2562
LRRFIP1,Pituitary,PITUTRY,#999999,114,/Users/sho3/eqtl/gtex_v11_qtls/Pituitary.v11.eQTLs.signif_pairs.parquet,2562
LRRFIP1,Pancreas,PNCREAS,#f9cb9c,113,/Users/sho3/eqtl/gtex_v11_qtls/Pancreas.v11.eQTLs.signif_pairs.parquet,2562
LRRFIP1,Ovary,OVARY,#ff00ff,109,/Users/sho3/eqtl/gtex_v11_qtls/Ovary.v11.eQTLs.signif_pairs.parquet,2562
LRRFIP1,Cells_EBV-transformed_lymphocytes,LCL,#351c75,104,/Users/sho3/eqtl/gtex_v11_qtls/Cells_EBV-transformed_lymphocytes.v11.eQTLs.signif_pairs.parquet,2562
LRRFIP1,Heart_Left_Ventricle,HRTLV,#741b47,96,/Users/sho3/eqtl/gtex_v11_qtls/Heart_Left_Ventricle.v11.eQTLs.signif_pairs.parquet,2562
LRRFIP1,Testis,TESTIS,#e06666,90,/Users/sho3/eqtl/gtex_v11_qtls/Testis.v11.eQTLs.signif_pairs.parquet,2562
LRRFIP1,Adrenal_Gland,ADREN,#8dd3c7,82,/Users/sho3/eqtl/gtex_v11_qtls/Adrenal_Gland.v11.eQTLs.signif_pairs.parquet,2562
LRRFIP1,Skin_Sun_Exposed_Lower_leg,SKINS,#f1c232,74,/Users/sho3/eqtl/gtex_v11_qtls/Skin_Sun_Exposed_Lower_leg.v11.eQTLs.signif_pairs.parquet,2562
LRRFIP1,Brain_Cortex,BRNCTXA,#a2c4c9,62,/Users/sho3/eqtl/gtex_v11_qtls/Brain_Cortex.v11.eQTLs.signif_pairs.parquet,2562
LRRFIP1,Lung,LUNG,#6fa8dc,61,/Users/sho3/eqtl/gtex_v11_qtls/Lung.v11.eQTLs.signif_pairs.parquet,2562
LRRFIP1,Brain_Putamen_basal_ganglia,BRNPTM,#3d85c6,48,/Users/sho3/eqtl/gtex_v11_qtls/Brain_Putamen_basal_ganglia.v11.eQTLs.signif_pairs.parquet,2562
LRRFIP1,Adipose_Visceral_Omentum,ADPVSC,#f6b26b,46,/Users/sho3/eqtl/gtex_v11_qtls/Adipose_Visceral_Omentum.v11.eQTLs.signif_pairs.parquet,2562
LRRFIP1,Spleen,SPLEEN,#cc4125,42,/Users/sho3/eqtl/gtex_v11_qtls/Spleen.v11.eQTLs.signif_pairs.parquet,2562
LRRFIP1,Heart_Atrial_Appendage,HRTAA,#a64d79,31,/Users/sho3/eqtl/gtex_v11_qtls/Heart_Atrial_Appendage.v11.eQTLs.signif_pairs.parquet,2562
LRRFIP1,Brain_Cerebellar_Hemisphere,BRNCHA,#b6d7a8,23,/Users/sho3/eqtl/gtex_v11_qtls/Brain_Cerebellar_Hemisphere.v11.eQTLs.signif_pairs.parquet,2562
LRRFIP1,Brain_Cerebellum,BRNCHB,#274e13,17,/Users/sho3/eqtl/gtex_v11_qtls/Brain_Cerebellum.v11.eQTLs.signif_pairs.parquet,2562
LRRFIP1,Brain_Frontal_Cortex_BA9,BRNCTXB,#76a5af,13,/Users/sho3/eqtl/gtex_v11_qtls/Brain_Frontal_Cortex_BA9.v11.eQTLs.signif_pairs.parquet,2562
LRRFIP1,Adipose_Subcutaneous,ADPSBQ,#f1c232,10,/Users/sho3/eqtl/gtex_v11_qtls/Adipose_Subcutaneous.v11.eQTLs.signif_pairs.parquet,2562
LRRFIP1,Artery_Coronary,ARTCRN,#cc0000,9,/Users/sho3/eqtl/gtex_v11_qtls/Artery_Coronary.v11.eQTLs.signif_pairs.parquet,2562
LRRFIP1,Brain_Amygdala,BRNAMY,#93c47d,9,/Users/sho3/eqtl/gtex_v11_qtls/Brain_Amygdala.v11.eQTLs.signif_pairs.parquet,2562
LRRFIP1,Skin_Not_Sun_Exposed_Suprapubic,SKINNS,#ffd966,7,/Users/sho3/eqtl/gtex_v11_qtls/Skin_Not_Sun_Exposed_Suprapubic.v11.eQTLs.signif_pairs.parquet,2562
LRRFIP1,Esophagus_Mucosa,ESPMCS,#93c47d,5,/Users/sho3/eqtl/gtex_v11_qtls/Esophagus_Mucosa.v11.eQTLs.signif_pairs.parquet,2562
LRRFIP1,Nerve_Tibial,NERVET,#ffe599,4,/Users/sho3/eqtl/gtex_v11_qtls/Nerve_Tibial.v11.eQTLs.signif_pairs.parquet,2562
LRRFIP1,Bladder,BLDDER,#b4a7d6,0,/Users/sho3/eqtl/gtex_v11_qtls/Bladder.v11.eQTLs.signif_pairs.parquet,2562
LRRFIP1,Breast_Mammary_Tissue,BREAST,#c27ba0,0,/Users/sho3/eqtl/gtex_v11_qtls/Breast_Mammary_Tissue.v11.eQTLs.signif_pairs.parquet,2562
LRRFIP1,Brain_Nucleus_accumbens_basal_ganglia,BRNACC,#0b5394,0,/Users/sho3/eqtl/gtex_v11_qtls/Brain_Nucleus_accumbens_basal_ganglia.v11.eQTLs.signif_pairs.parquet,2562
LRRFIP1,Brain_Anterior_cingulate_cortex_BA24,BRNCCC,#6aa84f,0,/Users/sho3/eqtl/gtex_v11_qtls/Brain_Anterior_cingulate_cortex_BA24.v11.eQTLs.signif_pairs.parquet,2562
LRRFIP1,Brain_Caudate_basal_ganglia,BRNCDT,#38761d,0,/Users/sho3/eqtl/gtex_v11_qtls/Brain_Caudate_basal_ganglia.v11.eQTLs.signif_pairs.parquet,2562
LRRFIP1,Brain_Hippocampus,BRNHPP,#134f5c,0,/Users/sho3/eqtl/gtex_v11_qtls/Brain_Hippocampus.v11.eQTLs.signif_pairs.parquet,2562
LRRFIP1,Brain_Hypothalamus,BRNHPT,#45818e,0,/Users/sho3/eqtl/gtex_v11_qtls/Brain_Hypothalamus.v11.eQTLs.signif_pairs.parquet,2562
LRRFIP1,Brain_Substantia_nigra,BRNSNG,#073763,0,/Users/sho3/eqtl/gtex_v11_qtls/Brain_Substantia_nigra.v11.eQTLs.signif_pairs.parquet,2562
LRRFIP1,Brain_Spinal_cord_cervical_c-1,BRNSPC,#9fc5e8,0,/Users/sho3/eqtl/gtex_v11_qtls/Brain_Spinal_cord_cervical_c-1.v11.eQTLs.signif_pairs.parquet,2562
LRRFIP1,Colon_Sigmoid,CLNSGM,#b45f06,0,/Users/sho3/eqtl/gtex_v11_qtls/Colon_Sigmoid.v11.eQTLs.signif_pairs.parquet,2562
LRRFIP1,Colon_Transverse,CLNTRN,#e69138,0,/Users/sho3/eqtl/gtex_v11_qtls/Colon_Transverse.v11.eQTLs.signif_pairs.parquet,2562
LRRFIP1,Esophagus_Gastroesophageal_Junction,ESPGEJ,#d9ead3,0,/Users/sho3/eqtl/gtex_v11_qtls/Esophagus_Gastroesophageal_Junction.v11.eQTLs.signif_pairs.parquet,2562
LRRFIP1,Esophagus_Muscularis,ESPMSL,#6aa84f,0,/Users/sho3/eqtl/gtex_v11_qtls/Esophagus_Muscularis.v11.eQTLs.signif_pairs.parquet,2562
LRRFIP1,Kidney_Cortex,KDNCTX,#00ffff,0,/Users/sho3/eqtl/gtex_v11_qtls/Kidney_Cortex.v11.eQTLs.signif_pairs.parquet,2562
LRRFIP1,Liver,LIVER,#783f04,0,/Users/sho3/eqtl/gtex_v11_qtls/Liver.v11.eQTLs.signif_pairs.parquet,2562
LRRFIP1,Muscle_Skeletal,MSCLSK,#b7b7b7,0,/Users/sho3/eqtl/gtex_v11_qtls/Muscle_Skeletal.v11.eQTLs.signif_pairs.parquet,2562
LRRFIP1,Prostate,PRSTTE,#cfe2f3,0,/Users/sho3/eqtl/gtex_v11_qtls/Prostate.v11.eQTLs.signif_pairs.parquet,2562
LRRFIP1,Minor_Salivary_Gland,SLVRYG,#d5a6bd,0,/Users/sho3/eqtl/gtex_v11_qtls/Minor_Salivary_Gland.v11.eQTLs.signif_pairs.parquet,2562
LRRFIP1,Small_Intestine_Terminal_Ileum,SNTRM,#ffff00,0,/Users/sho3/eqtl/gtex_v11_qtls/Small_Intestine_Terminal_Ileum.v11.eQTLs.signif_pairs.parquet,2562
LRRFIP1,Stomach,STMACH,#b45f06,0,/Users/sho3/eqtl/gtex_v11_qtls/Stomach.v11.eQTLs.signif_pairs.parquet,2562
LRRFIP1,Uterus,UTERUS,#cc99ff,0,/Users/sho3/eqtl/gtex_v11_qtls/Uterus.v11.eQTLs.signif_pairs.parquet,2562
LRRFIP1,Vagina,VAGINA,#ff66cc,0,/Users/sho3/eqtl/gtex_v11_qtls/Vagina.v11.eQTLs.signif_pairs.parquet,2562
DDX58,Skin_Sun_Exposed_Lower_leg,SKINS,#f1c232,313,/Users/sho3/eqtl/gtex_v11_qtls/Skin_Sun_Exposed_Lower_leg.v11.eQTLs.signif_pairs.parquet,2485
DDX58,Skin_Not_Sun_Exposed_Suprapubic,SKINNS,#ffd966,262,/Users/sho3/eqtl/gtex_v11_qtls/Skin_Not_Sun_Exposed_Suprapubic.v11.eQTLs.signif_pairs.parquet,2485
DDX58,Brain_Cerebellar_Hemisphere,BRNCHA,#b6d7a8,205,/Users/sho3/eqtl/gtex_v11_qtls/Brain_Cerebellar_Hemisphere.v11.eQTLs.signif_pairs.parquet,2485
DDX58,Esophagus_Mucosa,ESPMCS,#93c47d,197,/Users/sho3/eqtl/gtex_v11_qtls/Esophagus_Mucosa.v11.eQTLs.signif_pairs.parquet,2485
DDX58,Whole_Blood,WHLBLD,#cc0000,179,/Users/sho3/eqtl/gtex_v11_qtls/Whole_Blood.v11.eQTLs.signif_pairs.parquet,2485
DDX58,Colon_Transverse,CLNTRN,#e69138,174,/Users/sho3/eqtl/gtex_v11_qtls/Colon_Transverse.v11.eQTLs.signif_pairs.parquet,2485
DDX58,Muscle_Skeletal,MSCLSK,#b7b7b7,154,/Users/sho3/eqtl/gtex_v11_qtls/Muscle_Skeletal.v11.eQTLs.signif_pairs.parquet,2485
DDX58,Brain_Cerebellum,BRNCHB,#274e13,146,/Users/sho3/eqtl/gtex_v11_qtls/Brain_Cerebellum.v11.eQTLs.signif_pairs.parquet,2485
DDX58,Pancreas,PNCREAS,#f9cb9c,141,/Users/sho3/eqtl/gtex_v11_qtls/Pancreas.v11.eQTLs.signif_pairs.parquet,2485
DDX58,Stomach,STMACH,#b45f06,122,/Users/sho3/eqtl/gtex_v11_qtls/Stomach.v11.eQTLs.signif_pairs.parquet,2485
DDX58,Brain_Spinal_cord_cervical_c-1,BRNSPC,#9fc5e8,112,/Users/sho3/eqtl/gtex_v11_qtls/Brain_Spinal_cord_cervical_c-1.v11.eQTLs.signif_pairs.parquet,2485
DDX58,Small_Intestine_Terminal_Ileum,SNTRM,#ffff00,65,/Users/sho3/eqtl/gtex_v11_qtls/Small_Intestine_Terminal_Ileum.v11.eQTLs.signif_pairs.parquet,2485
DDX58,Cells_EBV-transformed_lymphocytes,LCL,#351c75,52,/Users/sho3/eqtl/gtex_v11_qtls/Cells_EBV-transformed_lymphocytes.v11.eQTLs.signif_pairs.parquet,2485
DDX58,Cells_Cultured_fibroblasts,FIBRBLS,#674ea7,51,/Users/sho3/eqtl/gtex_v11_qtls/Cells_Cultured_fibroblasts.v11.eQTLs.signif_pairs.parquet,2485
DDX58,Brain_Hypothalamus,BRNHPT,#45818e,48,/Users/sho3/eqtl/gtex_v11_qtls/Brain_Hypothalamus.v11.eQTLs.signif_pairs.parquet,2485
DDX58,Testis,TESTIS,#e06666,32,/Users/sho3/eqtl/gtex_v11_qtls/Testis.v11.eQTLs.signif_pairs.parquet,2485
DDX58,Spleen,SPLEEN,#cc4125,24,/Users/sho3/eqtl/gtex_v11_qtls/Spleen.v11.eQTLs.signif_pairs.parquet,2485
DDX58,Artery_Tibial,ARTTBL,#f4cccc,20,/Users/sho3/eqtl/gtex_v11_qtls/Artery_Tibial.v11.eQTLs.signif_pairs.parquet,2485
DDX58,Brain_Frontal_Cortex_BA9,BRNCTXB,#76a5af,20,/Users/sho3/eqtl/gtex_v11_qtls/Brain_Frontal_Cortex_BA9.v11.eQTLs.signif_pairs.parquet,2485
DDX58,Nerve_Tibial,NERVET,#ffe599,20,/Users/sho3/eqtl/gtex_v11_qtls/Nerve_Tibial.v11.eQTLs.signif_pairs.parquet,2485
DDX58,Brain_Cortex,BRNCTXA,#a2c4c9,19,/Users/sho3/eqtl/gtex_v11_qtls/Brain_Cortex.v11.eQTLs.signif_pairs.parquet,2485
DDX58,Heart_Atrial_Appendage,HRTAA,#a64d79,17,/Users/sho3/eqtl/gtex_v11_qtls/Heart_Atrial_Appendage.v11.eQTLs.signif_pairs.parquet,2485
DDX58,Colon_Sigmoid,CLNSGM,#b45f06,12,/Users/sho3/eqtl/gtex_v11_qtls/Colon_Sigmoid.v11.eQTLs.signif_pairs.parquet,2485
DDX58,Esophagus_Muscularis,ESPMSL,#6aa84f,12,/Users/sho3/eqtl/gtex_v11_qtls/Esophagus_Muscularis.v11.eQTLs.signif_pairs.parquet,2485
DDX58,Brain_Substantia_nigra,BRNSNG,#073763,10,/Users/sho3/eqtl/gtex_v11_qtls/Brain_Substantia_nigra.v11.eQTLs.signif_pairs.parquet,2485
DDX58,Brain_Hippocampus,BRNHPP,#134f5c,8,/Users/sho3/eqtl/gtex_v11_qtls/Brain_Hippocampus.v11.eQTLs.signif_pairs.parquet,2485
DDX58,Heart_Left_Ventricle,HRTLV,#741b47,8,/Users/sho3/eqtl/gtex_v11_qtls/Heart_Left_Ventricle.v11.eQTLs.signif_pairs.parquet,2485
DDX58,Liver,LIVER,#783f04,8,/Users/sho3/eqtl/gtex_v11_qtls/Liver.v11.eQTLs.signif_pairs.parquet,2485
DDX58,Brain_Amygdala,BRNAMY,#93c47d,7,/Users/sho3/eqtl/gtex_v11_qtls/Brain_Amygdala.v11.eQTLs.signif_pairs.parquet,2485
DDX58,Brain_Anterior_cingulate_cortex_BA24,BRNCCC,#6aa84f,7,/Users/sho3/eqtl/gtex_v11_qtls/Brain_Anterior_cingulate_cortex_BA24.v11.eQTLs.signif_pairs.parquet,2485
DDX58,Thyroid,THYROID,#ff9900,7,/Users/sho3/eqtl/gtex_v11_qtls/Thyroid.v11.eQTLs.signif_pairs.parquet,2485
DDX58,Brain_Nucleus_accumbens_basal_ganglia,BRNACC,#0b5394,6,/Users/sho3/eqtl/gtex_v11_qtls/Brain_Nucleus_accumbens_basal_ganglia.v11.eQTLs.signif_pairs.parquet,2485
DDX58,Brain_Putamen_basal_ganglia,BRNPTM,#3d85c6,6,/Users/sho3/eqtl/gtex_v11_qtls/Brain_Putamen_basal_ganglia.v11.eQTLs.signif_pairs.parquet,2485
DDX58,Lung,LUNG,#6fa8dc,6,/Users/sho3/eqtl/gtex_v11_qtls/Lung.v11.eQTLs.signif_pairs.parquet,2485
DDX58,Pituitary,PITUTRY,#999999,6,/Users/sho3/eqtl/gtex_v11_qtls/Pituitary.v11.eQTLs.signif_pairs.parquet,2485
DDX58,Adrenal_Gland,ADREN,#8dd3c7,5,/Users/sho3/eqtl/gtex_v11_qtls/Adrenal_Gland.v11.eQTLs.signif_pairs.parquet,2485
DDX58,Breast_Mammary_Tissue,BREAST,#c27ba0,4,/Users/sho3/eqtl/gtex_v11_qtls/Breast_Mammary_Tissue.v11.eQTLs.signif_pairs.parquet,2485
DDX58,Adipose_Subcutaneous,ADPSBQ,#f1c232,0,/Users/sho3/eqtl/gtex_v11_qtls/Adipose_Subcutaneous.v11.eQTLs.signif_pairs.parquet,2485
DDX58,Adipose_Visceral_Omentum,ADPVSC,#f6b26b,0,/Users/sho3/eqtl/gtex_v11_qtls/Adipose_Visceral_Omentum.v11.eQTLs.signif_pairs.parquet,2485
DDX58,Artery_Aorta,ARTAORT,#e06666,0,/Users/sho3/eqtl/gtex_v11_qtls/Artery_Aorta.v11.eQTLs.signif_pairs.parquet,2485
DDX58,Artery_Coronary,ARTCRN,#cc0000,0,/Users/sho3/eqtl/gtex_v11_qtls/Artery_Coronary.v11.eQTLs.signif_pairs.parquet,2485
DDX58,Bladder,BLDDER,#b4a7d6,0,/Users/sho3/eqtl/gtex_v11_qtls/Bladder.v11.eQTLs.signif_pairs.parquet,2485
DDX58,Brain_Caudate_basal_ganglia,BRNCDT,#38761d,0,/Users/sho3/eqtl/gtex_v11_qtls/Brain_Caudate_basal_ganglia.v11.eQTLs.signif_pairs.parquet,2485
DDX58,Esophagus_Gastroesophageal_Junction,ESPGEJ,#d9ead3,0,/Users/sho3/eqtl/gtex_v11_qtls/Esophagus_Gastroesophageal_Junction.v11.eQTLs.signif_pairs.parquet,2485
DDX58,Kidney_Cortex,KDNCTX,#00ffff,0,/Users/sho3/eqtl/gtex_v11_qtls/Kidney_Cortex.v11.eQTLs.signif_pairs.parquet,2485
DDX58,Ovary,OVARY,#ff00ff,0,/Users/sho3/eqtl/gtex_v11_qtls/Ovary.v11.eQTLs.signif_pairs.parquet,2485
DDX58,Prostate,PRSTTE,#cfe2f3,0,/Users/sho3/eqtl/gtex_v11_qtls/Prostate.v11.eQTLs.signif_pairs.parquet,2485
DDX58,Minor_Salivary_Gland,SLVRYG,#d5a6bd,0,/Users/sho3/eqtl/gtex_v11_qtls/Minor_Salivary_Gland.v11.eQTLs.signif_pairs.parquet,2485
DDX58,Uterus,UTERUS,#cc99ff,0,/Users/sho3/eqtl/gtex_v11_qtls/Uterus.v11.eQTLs.signif_pairs.parquet,2485
DDX58,Vagina,VAGINA,#ff66cc,0,/Users/sho3/eqtl/gtex_v11_qtls/Vagina.v11.eQTLs.signif_pairs.parquet,2485
XRCC6,Nerve_Tibial,NERVET,#ffe599,585,/Users/sho3/eqtl/gtex_v11_qtls/Nerve_Tibial.v11.eQTLs.signif_pairs.parquet,2318
XRCC6,Whole_Blood,WHLBLD,#cc0000,396,/Users/sho3/eqtl/gtex_v11_qtls/Whole_Blood.v11.eQTLs.signif_pairs.parquet,2318
XRCC6,Brain_Putamen_basal_ganglia,BRNPTM,#3d85c6,331,/Users/sho3/eqtl/gtex_v11_qtls/Brain_Putamen_basal_ganglia.v11.eQTLs.signif_pairs.parquet,2318
XRCC6,Muscle_Skeletal,MSCLSK,#b7b7b7,321,/Users/sho3/eqtl/gtex_v11_qtls/Muscle_Skeletal.v11.eQTLs.signif_pairs.parquet,2318
XRCC6,Pancreas,PNCREAS,#f9cb9c,259,/Users/sho3/eqtl/gtex_v11_qtls/Pancreas.v11.eQTLs.signif_pairs.parquet,2318
XRCC6,Artery_Tibial,ARTTBL,#f4cccc,227,/Users/sho3/eqtl/gtex_v11_qtls/Artery_Tibial.v11.eQTLs.signif_pairs.parquet,2318
XRCC6,Lung,LUNG,#6fa8dc,106,/Users/sho3/eqtl/gtex_v11_qtls/Lung.v11.eQTLs.signif_pairs.parquet,2318
XRCC6,Testis,TESTIS,#e06666,38,/Users/sho3/eqtl/gtex_v11_qtls/Testis.v11.eQTLs.signif_pairs.parquet,2318
XRCC6,Skin_Sun_Exposed_Lower_leg,SKINS,#f1c232,27,/Users/sho3/eqtl/gtex_v11_qtls/Skin_Sun_Exposed_Lower_leg.v11.eQTLs.signif_pairs.parquet,2318
XRCC6,Heart_Atrial_Appendage,HRTAA,#a64d79,13,/Users/sho3/eqtl/gtex_v11_qtls/Heart_Atrial_Appendage.v11.eQTLs.signif_pairs.parquet,2318
XRCC6,Spleen,SPLEEN,#cc4125,7,/Users/sho3/eqtl/gtex_v11_qtls/Spleen.v11.eQTLs.signif_pairs.parquet,2318
XRCC6,Thyroid,THYROID,#ff9900,6,/Users/sho3/eqtl/gtex_v11_qtls/Thyroid.v11.eQTLs.signif_pairs.parquet,2318
XRCC6,Adipose_Subcutaneous,ADPSBQ,#f1c232,2,/Users/sho3/eqtl/gtex_v11_qtls/Adipose_Subcutaneous.v11.eQTLs.signif_pairs.parquet,2318
XRCC6,Adipose_Visceral_Omentum,ADPVSC,#f6b26b,0,/Users/sho3/eqtl/gtex_v11_qtls/Adipose_Visceral_Omentum.v11.eQTLs.signif_pairs.parquet,2318
XRCC6,Adrenal_Gland,ADREN,#8dd3c7,0,/Users/sho3/eqtl/gtex_v11_qtls/Adrenal_Gland.v11.eQTLs.signif_pairs.parquet,2318
XRCC6,Artery_Aorta,ARTAORT,#e06666,0,/Users/sho3/eqtl/gtex_v11_qtls/Artery_Aorta.v11.eQTLs.signif_pairs.parquet,2318
XRCC6,Artery_Coronary,ARTCRN,#cc0000,0,/Users/sho3/eqtl/gtex_v11_qtls/Artery_Coronary.v11.eQTLs.signif_pairs.parquet,2318
XRCC6,Bladder,BLDDER,#b4a7d6,0,/Users/sho3/eqtl/gtex_v11_qtls/Bladder.v11.eQTLs.signif_pairs.parquet,2318
XRCC6,Breast_Mammary_Tissue,BREAST,#c27ba0,0,/Users/sho3/eqtl/gtex_v11_qtls/Breast_Mammary_Tissue.v11.eQTLs.signif_pairs.parquet,2318
XRCC6,Brain_Nucleus_accumbens_basal_ganglia,BRNACC,#0b5394,0,/Users/sho3/eqtl/gtex_v11_qtls/Brain_Nucleus_accumbens_basal_ganglia.v11.eQTLs.signif_pairs.parquet,2318
XRCC6,Brain_Amygdala,BRNAMY,#93c47d,0,/Users/sho3/eqtl/gtex_v11_qtls/Brain_Amygdala.v11.eQTLs.signif_pairs.parquet,2318
XRCC6,Brain_Anterior_cingulate_cortex_BA24,BRNCCC,#6aa84f,0,/Users/sho3/eqtl/gtex_v11_qtls/Brain_Anterior_cingulate_cortex_BA24.v11.eQTLs.signif_pairs.parquet,2318
XRCC6,Brain_Caudate_basal_ganglia,BRNCDT,#38761d,0,/Users/sho3/eqtl/gtex_v11_qtls/Brain_Caudate_basal_ganglia.v11.eQTLs.signif_pairs.parquet,2318
XRCC6,Brain_Cerebellar_Hemisphere,BRNCHA,#b6d7a8,0,/Users/sho3/eqtl/gtex_v11_qtls/Brain_Cerebellar_Hemisphere.v11.eQTLs.signif_pairs.parquet,2318
XRCC6,Brain_Cerebellum,BRNCHB,#274e13,0,/Users/sho3/eqtl/gtex_v11_qtls/Brain_Cerebellum.v11.eQTLs.signif_pairs.parquet,2318
XRCC6,Brain_Cortex,BRNCTXA,#a2c4c9,0,/Users/sho3/eqtl/gtex_v11_qtls/Brain_Cortex.v11.eQTLs.signif_pairs.parquet,2318
XRCC6,Brain_Frontal_Cortex_BA9,BRNCTXB,#76a5af,0,/Users/sho3/eqtl/gtex_v11_qtls/Brain_Frontal_Cortex_BA9.v11.eQTLs.signif_pairs.parquet,2318
XRCC6,Brain_Hippocampus,BRNHPP,#134f5c,0,/Users/sho3/eqtl/gtex_v11_qtls/Brain_Hippocampus.v11.eQTLs.signif_pairs.parquet,2318
XRCC6,Brain_Hypothalamus,BRNHPT,#45818e,0,/Users/sho3/eqtl/gtex_v11_qtls/Brain_Hypothalamus.v11.eQTLs.signif_pairs.parquet,2318
XRCC6,Brain_Substantia_nigra,BRNSNG,#073763,0,/Users/sho3/eqtl/gtex_v11_qtls/Brain_Substantia_nigra.v11.eQTLs.signif_pairs.parquet,2318
XRCC6,Brain_Spinal_cord_cervical_c-1,BRNSPC,#9fc5e8,0,/Users/sho3/eqtl/gtex_v11_qtls/Brain_Spinal_cord_cervical_c-1.v11.eQTLs.signif_pairs.parquet,2318
XRCC6,Colon_Sigmoid,CLNSGM,#b45f06,0,/Users/sho3/eqtl/gtex_v11_qtls/Colon_Sigmoid.v11.eQTLs.signif_pairs.parquet,2318
XRCC6,Colon_Transverse,CLNTRN,#e69138,0,/Users/sho3/eqtl/gtex_v11_qtls/Colon_Transverse.v11.eQTLs.signif_pairs.parquet,2318
XRCC6,Esophagus_Gastroesophageal_Junction,ESPGEJ,#d9ead3,0,/Users/sho3/eqtl/gtex_v11_qtls/Esophagus_Gastroesophageal_Junction.v11.eQTLs.signif_pairs.parquet,2318
XRCC6,Esophagus_Mucosa,ESPMCS,#93c47d,0,/Users/sho3/eqtl/gtex_v11_qtls/Esophagus_Mucosa.v11.eQTLs.signif_pairs.parquet,2318
XRCC6,Esophagus_Muscularis,ESPMSL,#6aa84f,0,/Users/sho3/eqtl/gtex_v11_qtls/Esophagus_Muscularis.v11.eQTLs.signif_pairs.parquet,2318
XRCC6,Cells_Cultured_fibroblasts,FIBRBLS,#674ea7,0,/Users/sho3/eqtl/gtex_v11_qtls/Cells_Cultured_fibroblasts.v11.eQTLs.signif_pairs.parquet,2318
XRCC6,Heart_Left_Ventricle,HRTLV,#741b47,0,/Users/sho3/eqtl/gtex_v11_qtls/Heart_Left_Ventricle.v11.eQTLs.signif_pairs.parquet,2318
XRCC6,Kidney_Cortex,KDNCTX,#00ffff,0,/Users/sho3/eqtl/gtex_v11_qtls/Kidney_Cortex.v11.eQTLs.signif_pairs.parquet,2318
XRCC6,Cells_EBV-transformed_lymphocytes,LCL,#351c75,0,/Users/sho3/eqtl/gtex_v11_qtls/Cells_EBV-transformed_lymphocytes.v11.eQTLs.signif_pairs.parquet,2318
XRCC6,Liver,LIVER,#783f04,0,/Users/sho3/eqtl/gtex_v11_qtls/Liver.v11.eQTLs.signif_pairs.parquet,2318
XRCC6,Ovary,OVARY,#ff00ff,0,/Users/sho3/eqtl/gtex_v11_qtls/Ovary.v11.eQTLs.signif_pairs.parquet,2318
XRCC6,Pituitary,PITUTRY,#999999,0,/Users/sho3/eqtl/gtex_v11_qtls/Pituitary.v11.eQTLs.signif_pairs.parquet,2318
XRCC6,Prostate,PRSTTE,#cfe2f3,0,/Users/sho3/eqtl/gtex_v11_qtls/Prostate.v11.eQTLs.signif_pairs.parquet,2318
XRCC6,Skin_Not_Sun_Exposed_Suprapubic,SKINNS,#ffd966,0,/Users/sho3/eqtl/gtex_v11_qtls/Skin_Not_Sun_Exposed_Suprapubic.v11.eQTLs.signif_pairs.parquet,2318
XRCC6,Minor_Salivary_Gland,SLVRYG,#d5a6bd,0,/Users/sho3/eqtl/gtex_v11_qtls/Minor_Salivary_Gland.v11.eQTLs.signif_pairs.parquet,2318
XRCC6,Small_Intestine_Terminal_Ileum,SNTRM,#ffff00,0,/Users/sho3/eqtl/gtex_v11_qtls/Small_Intestine_Terminal_Ileum.v11.eQTLs.signif_pairs.parquet,2318
XRCC6,Stomach,STMACH,#b45f06,0,/Users/sho3/eqtl/gtex_v11_qtls/Stomach.v11.eQTLs.signif_pairs.parquet,2318
XRCC6,Uterus,UTERUS,#cc99ff,0,/Users/sho3/eqtl/gtex_v11_qtls/Uterus.v11.eQTLs.signif_pairs.parquet,2318
XRCC6,Vagina,VAGINA,#ff66cc,0,/Users/sho3/eqtl/gtex_v11_qtls/Vagina.v11.eQTLs.signif_pairs.parquet,2318
SLFN11,Thyroid,THYROID,#ff9900,228,/Users/sho3/eqtl/gtex_v11_qtls/Thyroid.v11.eQTLs.signif_pairs.parquet,1782
SLFN11,Artery_Tibial,ARTTBL,#f4cccc,125,/Users/sho3/eqtl/gtex_v11_qtls/Artery_Tibial.v11.eQTLs.signif_pairs.parquet,1782
SLFN11,Whole_Blood,WHLBLD,#cc0000,125,/Users/sho3/eqtl/gtex_v11_qtls/Whole_Blood.v11.eQTLs.signif_pairs.parquet,1782
SLFN11,Cells_Cultured_fibroblasts,FIBRBLS,#674ea7,115,/Users/sho3/eqtl/gtex_v11_qtls/Cells_Cultured_fibroblasts.v11.eQTLs.signif_pairs.parquet,1782
SLFN11,Pancreas,PNCREAS,#f9cb9c,91,/Users/sho3/eqtl/gtex_v11_qtls/Pancreas.v11.eQTLs.signif_pairs.parquet,1782
SLFN11,Muscle_Skeletal,MSCLSK,#b7b7b7,83,/Users/sho3/eqtl/gtex_v11_qtls/Muscle_Skeletal.v11.eQTLs.signif_pairs.parquet,1782
SLFN11,Adipose_Subcutaneous,ADPSBQ,#f1c232,81,/Users/sho3/eqtl/gtex_v11_qtls/Adipose_Subcutaneous.v11.eQTLs.signif_pairs.parquet,1782
SLFN11,Minor_Salivary_Gland,SLVRYG,#d5a6bd,80,/Users/sho3/eqtl/gtex_v11_qtls/Minor_Salivary_Gland.v11.eQTLs.signif_pairs.parquet,1782
SLFN11,Nerve_Tibial,NERVET,#ffe599,79,/Users/sho3/eqtl/gtex_v11_qtls/Nerve_Tibial.v11.eQTLs.signif_pairs.parquet,1782
SLFN11,Colon_Sigmoid,CLNSGM,#b45f06,78,/Users/sho3/eqtl/gtex_v11_qtls/Colon_Sigmoid.v11.eQTLs.signif_pairs.parquet,1782
SLFN11,Artery_Aorta,ARTAORT,#e06666,72,/Users/sho3/eqtl/gtex_v11_qtls/Artery_Aorta.v11.eQTLs.signif_pairs.parquet,1782
SLFN11,Brain_Cerebellar_Hemisphere,BRNCHA,#b6d7a8,65,/Users/sho3/eqtl/gtex_v11_qtls/Brain_Cerebellar_Hemisphere.v11.eQTLs.signif_pairs.parquet,1782
SLFN11,Brain_Cerebellum,BRNCHB,#274e13,56,/Users/sho3/eqtl/gtex_v11_qtls/Brain_Cerebellum.v11.eQTLs.signif_pairs.parquet,1782
SLFN11,Pituitary,PITUTRY,#999999,55,/Users/sho3/eqtl/gtex_v11_qtls/Pituitary.v11.eQTLs.signif_pairs.parquet,1782
SLFN11,Esophagus_Mucosa,ESPMCS,#93c47d,44,/Users/sho3/eqtl/gtex_v11_qtls/Esophagus_Mucosa.v11.eQTLs.signif_pairs.parquet,1782
SLFN11,Heart_Atrial_Appendage,HRTAA,#a64d79,42,/Users/sho3/eqtl/gtex_v11_qtls/Heart_Atrial_Appendage.v11.eQTLs.signif_pairs.parquet,1782
SLFN11,Esophagus_Muscularis,ESPMSL,#6aa84f,38,/Users/sho3/eqtl/gtex_v11_qtls/Esophagus_Muscularis.v11.eQTLs.signif_pairs.parquet,1782
SLFN11,Brain_Hippocampus,BRNHPP,#134f5c,33,/Users/sho3/eqtl/gtex_v11_qtls/Brain_Hippocampus.v11.eQTLs.signif_pairs.parquet,1782
SLFN11,Stomach,STMACH,#b45f06,33,/Users/sho3/eqtl/gtex_v11_qtls/Stomach.v11.eQTLs.signif_pairs.parquet,1782
SLFN11,Skin_Sun_Exposed_Lower_leg,SKINS,#f1c232,29,/Users/sho3/eqtl/gtex_v11_qtls/Skin_Sun_Exposed_Lower_leg.v11.eQTLs.signif_pairs.parquet,1782
SLFN11,Uterus,UTERUS,#cc99ff,25,/Users/sho3/eqtl/gtex_v11_qtls/Uterus.v11.eQTLs.signif_pairs.parquet,1782
SLFN11,Adipose_Visceral_Omentum,ADPVSC,#f6b26b,24,/Users/sho3/eqtl/gtex_v11_qtls/Adipose_Visceral_Omentum.v11.eQTLs.signif_pairs.parquet,1782
SLFN11,Breast_Mammary_Tissue,BREAST,#c27ba0,21,/Users/sho3/eqtl/gtex_v11_qtls/Breast_Mammary_Tissue.v11.eQTLs.signif_pairs.parquet,1782
SLFN11,Skin_Not_Sun_Exposed_Suprapubic,SKINNS,#ffd966,21,/Users/sho3/eqtl/gtex_v11_qtls/Skin_Not_Sun_Exposed_Suprapubic.v11.eQTLs.signif_pairs.parquet,1782
SLFN11,Brain_Nucleus_accumbens_basal_ganglia,BRNACC,#0b5394,20,/Users/sho3/eqtl/gtex_v11_qtls/Brain_Nucleus_accumbens_basal_ganglia.v11.eQTLs.signif_pairs.parquet,1782
SLFN11,Heart_Left_Ventricle,HRTLV,#741b47,19,/Users/sho3/eqtl/gtex_v11_qtls/Heart_Left_Ventricle.v11.eQTLs.signif_pairs.parquet,1782
SLFN11,Testis,TESTIS,#e06666,19,/Users/sho3/eqtl/gtex_v11_qtls/Testis.v11.eQTLs.signif_pairs.parquet,1782
SLFN11,Colon_Transverse,CLNTRN,#e69138,17,/Users/sho3/eqtl/gtex_v11_qtls/Colon_Transverse.v11.eQTLs.signif_pairs.parquet,1782
SLFN11,Lung,LUNG,#6fa8dc,17,/Users/sho3/eqtl/gtex_v11_qtls/Lung.v11.eQTLs.signif_pairs.parquet,1782
SLFN11,Cells_EBV-transformed_lymphocytes,LCL,#351c75,16,/Users/sho3/eqtl/gtex_v11_qtls/Cells_EBV-transformed_lymphocytes.v11.eQTLs.signif_pairs.parquet,1782
SLFN11,Brain_Frontal_Cortex_BA9,BRNCTXB,#76a5af,10,/Users/sho3/eqtl/gtex_v11_qtls/Brain_Frontal_Cortex_BA9.v11.eQTLs.signif_pairs.parquet,1782
SLFN11,Ovary,OVARY,#ff00ff,10,/Users/sho3/eqtl/gtex_v11_qtls/Ovary.v11.eQTLs.signif_pairs.parquet,1782
SLFN11,Brain_Hypothalamus,BRNHPT,#45818e,6,/Users/sho3/eqtl/gtex_v11_qtls/Brain_Hypothalamus.v11.eQTLs.signif_pairs.parquet,1782
SLFN11,Brain_Anterior_cingulate_cortex_BA24,BRNCCC,#6aa84f,2,/Users/sho3/eqtl/gtex_v11_qtls/Brain_Anterior_cingulate_cortex_BA24.v11.eQTLs.signif_pairs.parquet,1782
SLFN11,Spleen,SPLEEN,#cc4125,2,/Users/sho3/eqtl/gtex_v11_qtls/Spleen.v11.eQTLs.signif_pairs.parquet,1782
SLFN11,Brain_Caudate_basal_ganglia,BRNCDT,#38761d,1,/Users/sho3/eqtl/gtex_v11_qtls/Brain_Caudate_basal_ganglia.v11.eQTLs.signif_pairs.parquet,1782
SLFN11,Adrenal_Gland,ADREN,#8dd3c7,0,/Users/sho3/eqtl/gtex_v11_qtls/Adrenal_Gland.v11.eQTLs.signif_pairs.parquet,1782
SLFN11,Artery_Coronary,ARTCRN,#cc0000,0,/Users/sho3/eqtl/gtex_v11_qtls/Artery_Coronary.v11.eQTLs.signif_pairs.parquet,1782
SLFN11,Bladder,BLDDER,#b4a7d6,0,/Users/sho3/eqtl/gtex_v11_qtls/Bladder.v11.eQTLs.signif_pairs.parquet,1782
SLFN11,Brain_Amygdala,BRNAMY,#93c47d,0,/Users/sho3/eqtl/gtex_v11_qtls/Brain_Amygdala.v11.eQTLs.signif_pairs.parquet,1782
SLFN11,Brain_Cortex,BRNCTXA,#a2c4c9,0,/Users/sho3/eqtl/gtex_v11_qtls/Brain_Cortex.v11.eQTLs.signif_pairs.parquet,1782
SLFN11,Brain_Putamen_basal_ganglia,BRNPTM,#3d85c6,0,/Users/sho3/eqtl/gtex_v11_qtls/Brain_Putamen_basal_ganglia.v11.eQTLs.signif_pairs.parquet,1782
SLFN11,Brain_Substantia_nigra,BRNSNG,#073763,0,/Users/sho3/eqtl/gtex_v11_qtls/Brain_Substantia_nigra.v11.eQTLs.signif_pairs.parquet,1782
SLFN11,Brain_Spinal_cord_cervical_c-1,BRNSPC,#9fc5e8,0,/Users/sho3/eqtl/gtex_v11_qtls/Brain_Spinal_cord_cervical_c-1.v11.eQTLs.signif_pairs.parquet,1782
SLFN11,Esophagus_Gastroesophageal_Junction,ESPGEJ,#d9ead3,0,/Users/sho3/eqtl/gtex_v11_qtls/Esophagus_Gastroesophageal_Junction.v11.eQTLs.signif_pairs.parquet,1782
SLFN11,Kidney_Cortex,KDNCTX,#00ffff,0,/Users/sho3/eqtl/gtex_v11_qtls/Kidney_Cortex.v11.eQTLs.signif_pairs.parquet,1782
SLFN11,Liver,LIVER,#783f04,0,/Users/sho3/eqtl/gtex_v11_qtls/Liver.v11.eQTLs.signif_pairs.parquet,1782
SLFN11,Prostate,PRSTTE,#cfe2f3,0,/Users/sho3/eqtl/gtex_v11_qtls/Prostate.v11.eQTLs.signif_pairs.parquet,1782
SLFN11,Small_Intestine_Terminal_Ileum,SNTRM,#ffff00,0,/Users/sho3/eqtl/gtex_v11_qtls/Small_Intestine_Terminal_Ileum.v11.eQTLs.signif_pairs.parquet,1782
SLFN11,Vagina,VAGINA,#ff66cc,0,/Users/sho3/eqtl/gtex_v11_qtls/Vagina.v11.eQTLs.signif_pairs.parquet,1782
EIF2AK2,Whole_Blood,WHLBLD,#cc0000,590,/Users/sho3/eqtl/gtex_v11_qtls/Whole_Blood.v11.eQTLs.signif_pairs.parquet,1652
EIF2AK2,Muscle_Skeletal,MSCLSK,#b7b7b7,238,/Users/sho3/eqtl/gtex_v11_qtls/Muscle_Skeletal.v11.eQTLs.signif_pairs.parquet,1652
EIF2AK2,Esophagus_Mucosa,ESPMCS,#93c47d,218,/Users/sho3/eqtl/gtex_v11_qtls/Esophagus_Mucosa.v11.eQTLs.signif_pairs.parquet,1652
EIF2AK2,Cells_Cultured_fibroblasts,FIBRBLS,#674ea7,135,/Users/sho3/eqtl/gtex_v11_qtls/Cells_Cultured_fibroblasts.v11.eQTLs.signif_pairs.parquet,1652
EIF2AK2,Artery_Tibial,ARTTBL,#f4cccc,102,/Users/sho3/eqtl/gtex_v11_qtls/Artery_Tibial.v11.eQTLs.signif_pairs.parquet,1652
EIF2AK2,Artery_Aorta,ARTAORT,#e06666,99,/Users/sho3/eqtl/gtex_v11_qtls/Artery_Aorta.v11.eQTLs.signif_pairs.parquet,1652
EIF2AK2,Nerve_Tibial,NERVET,#ffe599,90,/Users/sho3/eqtl/gtex_v11_qtls/Nerve_Tibial.v11.eQTLs.signif_pairs.parquet,1652
EIF2AK2,Prostate,PRSTTE,#cfe2f3,55,/Users/sho3/eqtl/gtex_v11_qtls/Prostate.v11.eQTLs.signif_pairs.parquet,1652
EIF2AK2,Vagina,VAGINA,#ff66cc,42,/Users/sho3/eqtl/gtex_v11_qtls/Vagina.v11.eQTLs.signif_pairs.parquet,1652
EIF2AK2,Colon_Sigmoid,CLNSGM,#b45f06,35,/Users/sho3/eqtl/gtex_v11_qtls/Colon_Sigmoid.v11.eQTLs.signif_pairs.parquet,1652
EIF2AK2,Esophagus_Muscularis,ESPMSL,#6aa84f,25,/Users/sho3/eqtl/gtex_v11_qtls/Esophagus_Muscularis.v11.eQTLs.signif_pairs.parquet,1652
EIF2AK2,Brain_Cerebellum,BRNCHB,#274e13,16,/Users/sho3/eqtl/gtex_v11_qtls/Brain_Cerebellum.v11.eQTLs.signif_pairs.parquet,1652
EIF2AK2,Brain_Cerebellar_Hemisphere,BRNCHA,#b6d7a8,2,/Users/sho3/eqtl/gtex_v11_qtls/Brain_Cerebellar_Hemisphere.v11.eQTLs.signif_pairs.parquet,1652
EIF2AK2,Skin_Not_Sun_Exposed_Suprapubic,SKINNS,#ffd966,2,/Users/sho3/eqtl/gtex_v11_qtls/Skin_Not_Sun_Exposed_Suprapubic.v11.eQTLs.signif_pairs.parquet,1652
EIF2AK2,Adipose_Subcutaneous,ADPSBQ,#f1c232,1,/Users/sho3/eqtl/gtex_v11_qtls/Adipose_Subcutaneous.v11.eQTLs.signif_pairs.parquet,1652
EIF2AK2,Breast_Mammary_Tissue,BREAST,#c27ba0,1,/Users/sho3/eqtl/gtex_v11_qtls/Breast_Mammary_Tissue.v11.eQTLs.signif_pairs.parquet,1652
EIF2AK2,Lung,LUNG,#6fa8dc,1,/Users/sho3/eqtl/gtex_v11_qtls/Lung.v11.eQTLs.signif_pairs.parquet,1652
EIF2AK2,Adipose_Visceral_Omentum,ADPVSC,#f6b26b,0,/Users/sho3/eqtl/gtex_v11_qtls/Adipose_Visceral_Omentum.v11.eQTLs.signif_pairs.parquet,1652
EIF2AK2,Adrenal_Gland,ADREN,#8dd3c7,0,/Users/sho3/eqtl/gtex_v11_qtls/Adrenal_Gland.v11.eQTLs.signif_pairs.parquet,1652
EIF2AK2,Artery_Coronary,ARTCRN,#cc0000,0,/Users/sho3/eqtl/gtex_v11_qtls/Artery_Coronary.v11.eQTLs.signif_pairs.parquet,1652
EIF2AK2,Bladder,BLDDER,#b4a7d6,0,/Users/sho3/eqtl/gtex_v11_qtls/Bladder.v11.eQTLs.signif_pairs.parquet,1652
EIF2AK2,Brain_Nucleus_accumbens_basal_ganglia,BRNACC,#0b5394,0,/Users/sho3/eqtl/gtex_v11_qtls/Brain_Nucleus_accumbens_basal_ganglia.v11.eQTLs.signif_pairs.parquet,1652
EIF2AK2,Brain_Amygdala,BRNAMY,#93c47d,0,/Users/sho3/eqtl/gtex_v11_qtls/Brain_Amygdala.v11.eQTLs.signif_pairs.parquet,1652
EIF2AK2,Brain_Anterior_cingulate_cortex_BA24,BRNCCC,#6aa84f,0,/Users/sho3/eqtl/gtex_v11_qtls/Brain_Anterior_cingulate_cortex_BA24.v11.eQTLs.signif_pairs.parquet,1652
EIF2AK2,Brain_Caudate_basal_ganglia,BRNCDT,#38761d,0,/Users/sho3/eqtl/gtex_v11_qtls/Brain_Caudate_basal_ganglia.v11.eQTLs.signif_pairs.parquet,1652
EIF2AK2,Brain_Cortex,BRNCTXA,#a2c4c9,0,/Users/sho3/eqtl/gtex_v11_qtls/Brain_Cortex.v11.eQTLs.signif_pairs.parquet,1652
EIF2AK2,Brain_Frontal_Cortex_BA9,BRNCTXB,#76a5af,0,/Users/sho3/eqtl/gtex_v11_qtls/Brain_Frontal_Cortex_BA9.v11.eQTLs.signif_pairs.parquet,1652
EIF2AK2,Brain_Hippocampus,BRNHPP,#134f5c,0,/Users/sho3/eqtl/gtex_v11_qtls/Brain_Hippocampus.v11.eQTLs.signif_pairs.parquet,1652
EIF2AK2,Brain_Hypothalamus,BRNHPT,#45818e,0,/Users/sho3/eqtl/gtex_v11_qtls/Brain_Hypothalamus.v11.eQTLs.signif_pairs.parquet,1652
EIF2AK2,Brain_Putamen_basal_ganglia,BRNPTM,#3d85c6,0,/Users/sho3/eqtl/gtex_v11_qtls/Brain_Putamen_basal_ganglia.v11.eQTLs.signif_pairs.parquet,1652
EIF2AK2,Brain_Substantia_nigra,BRNSNG,#073763,0,/Users/sho3/eqtl/gtex_v11_qtls/Brain_Substantia_nigra.v11.eQTLs.signif_pairs.parquet,1652
EIF2AK2,Brain_Spinal_cord_cervical_c-1,BRNSPC,#9fc5e8,0,/Users/sho3/eqtl/gtex_v11_qtls/Brain_Spinal_cord_cervical_c-1.v11.eQTLs.signif_pairs.parquet,1652
EIF2AK2,Colon_Transverse,CLNTRN,#e69138,0,/Users/sho3/eqtl/gtex_v11_qtls/Colon_Transverse.v11.eQTLs.signif_pairs.parquet,1652
EIF2AK2,Esophagus_Gastroesophageal_Junction,ESPGEJ,#d9ead3,0,/Users/sho3/eqtl/gtex_v11_qtls/Esophagus_Gastroesophageal_Junction.v11.eQTLs.signif_pairs.parquet,1652
EIF2AK2,Heart_Atrial_Appendage,HRTAA,#a64d79,0,/Users/sho3/eqtl/gtex_v11_qtls/Heart_Atrial_Appendage.v11.eQTLs.signif_pairs.parquet,1652
EIF2AK2,Heart_Left_Ventricle,HRTLV,#741b47,0,/Users/sho3/eqtl/gtex_v11_qtls/Heart_Left_Ventricle.v11.eQTLs.signif_pairs.parquet,1652
EIF2AK2,Kidney_Cortex,KDNCTX,#00ffff,0,/Users/sho3/eqtl/gtex_v11_qtls/Kidney_Cortex.v11.eQTLs.signif_pairs.parquet,1652
EIF2AK2,Cells_EBV-transformed_lymphocytes,LCL,#351c75,0,/Users/sho3/eqtl/gtex_v11_qtls/Cells_EBV-transformed_lymphocytes.v11.eQTLs.signif_pairs.parquet,1652
EIF2AK2,Liver,LIVER,#783f04,0,/Users/sho3/eqtl/gtex_v11_qtls/Liver.v11.eQTLs.signif_pairs.parquet,1652
EIF2AK2,Ovary,OVARY,#ff00ff,0,/Users/sho3/eqtl/gtex_v11_qtls/Ovary.v11.eQTLs.signif_pairs.parquet,1652
EIF2AK2,Pituitary,PITUTRY,#999999,0,/Users/sho3/eqtl/gtex_v11_qtls/Pituitary.v11.eQTLs.signif_pairs.parquet,1652
EIF2AK2,Pancreas,PNCREAS,#f9cb9c,0,/Users/sho3/eqtl/gtex_v11_qtls/Pancreas.v11.eQTLs.signif_pairs.parquet,1652
EIF2AK2,Skin_Sun_Exposed_Lower_leg,SKINS,#f1c232,0,/Users/sho3/eqtl/gtex_v11_qtls/Skin_Sun_Exposed_Lower_leg.v11.eQTLs.signif_pairs.parquet,1652
EIF2AK2,Minor_Salivary_Gland,SLVRYG,#d5a6bd,0,/Users/sho3/eqtl/gtex_v11_qtls/Minor_Salivary_Gland.v11.eQTLs.signif_pairs.parquet,1652
EIF2AK2,Small_Intestine_Terminal_Ileum,SNTRM,#ffff00,0,/Users/sho3/eqtl/gtex_v11_qtls/Small_Intestine_Terminal_Ileum.v11.eQTLs.signif_pairs.parquet,1652
EIF2AK2,Spleen,SPLEEN,#cc4125,0,/Users/sho3/eqtl/gtex_v11_qtls/Spleen.v11.eQTLs.signif_pairs.parquet,1652
EIF2AK2,Stomach,STMACH,#b45f06,0,/Users/sho3/eqtl/gtex_v11_qtls/Stomach.v11.eQTLs.signif_pairs.parquet,1652
EIF2AK2,Testis,TESTIS,#e06666,0,/Users/sho3/eqtl/gtex_v11_qtls/Testis.v11.eQTLs.signif_pairs.parquet,1652
EIF2AK2,Thyroid,THYROID,#ff9900,0,/Users/sho3/eqtl/gtex_v11_qtls/Thyroid.v11.eQTLs.signif_pairs.parquet,1652
EIF2AK2,Uterus,UTERUS,#cc99ff,0,/Users/sho3/eqtl/gtex_v11_qtls/Uterus.v11.eQTLs.signif_pairs.parquet,1652
AIM2,Adipose_Subcutaneous,ADPSBQ,#f1c232,239,/Users/sho3/eqtl/gtex_v11_qtls/Adipose_Subcutaneous.v11.eQTLs.signif_pairs.parquet,1527
AIM2,Whole_Blood,WHLBLD,#cc0000,176,/Users/sho3/eqtl/gtex_v11_qtls/Whole_Blood.v11.eQTLs.signif_pairs.parquet,1527
AIM2,Breast_Mammary_Tissue,BREAST,#c27ba0,148,/Users/sho3/eqtl/gtex_v11_qtls/Breast_Mammary_Tissue.v11.eQTLs.signif_pairs.parquet,1527
AIM2,Lung,LUNG,#6fa8dc,125,/Users/sho3/eqtl/gtex_v11_qtls/Lung.v11.eQTLs.signif_pairs.parquet,1527
AIM2,Nerve_Tibial,NERVET,#ffe599,124,/Users/sho3/eqtl/gtex_v11_qtls/Nerve_Tibial.v11.eQTLs.signif_pairs.parquet,1527
AIM2,Esophagus_Gastroesophageal_Junction,ESPGEJ,#d9ead3,80,/Users/sho3/eqtl/gtex_v11_qtls/Esophagus_Gastroesophageal_Junction.v11.eQTLs.signif_pairs.parquet,1527
AIM2,Skin_Sun_Exposed_Lower_leg,SKINS,#f1c232,75,/Users/sho3/eqtl/gtex_v11_qtls/Skin_Sun_Exposed_Lower_leg.v11.eQTLs.signif_pairs.parquet,1527
AIM2,Adipose_Visceral_Omentum,ADPVSC,#f6b26b,72,/Users/sho3/eqtl/gtex_v11_qtls/Adipose_Visceral_Omentum.v11.eQTLs.signif_pairs.parquet,1527
AIM2,Esophagus_Muscularis,ESPMSL,#6aa84f,70,/Users/sho3/eqtl/gtex_v11_qtls/Esophagus_Muscularis.v11.eQTLs.signif_pairs.parquet,1527
AIM2,Skin_Not_Sun_Exposed_Suprapubic,SKINNS,#ffd966,60,/Users/sho3/eqtl/gtex_v11_qtls/Skin_Not_Sun_Exposed_Suprapubic.v11.eQTLs.signif_pairs.parquet,1527
AIM2,Pituitary,PITUTRY,#999999,53,/Users/sho3/eqtl/gtex_v11_qtls/Pituitary.v11.eQTLs.signif_pairs.parquet,1527
AIM2,Spleen,SPLEEN,#cc4125,52,/Users/sho3/eqtl/gtex_v11_qtls/Spleen.v11.eQTLs.signif_pairs.parquet,1527
AIM2,Artery_Tibial,ARTTBL,#f4cccc,34,/Users/sho3/eqtl/gtex_v11_qtls/Artery_Tibial.v11.eQTLs.signif_pairs.parquet,1527
AIM2,Cells_EBV-transformed_lymphocytes,LCL,#351c75,30,/Users/sho3/eqtl/gtex_v11_qtls/Cells_EBV-transformed_lymphocytes.v11.eQTLs.signif_pairs.parquet,1527
AIM2,Vagina,VAGINA,#ff66cc,29,/Users/sho3/eqtl/gtex_v11_qtls/Vagina.v11.eQTLs.signif_pairs.parquet,1527
AIM2,Colon_Transverse,CLNTRN,#e69138,27,/Users/sho3/eqtl/gtex_v11_qtls/Colon_Transverse.v11.eQTLs.signif_pairs.parquet,1527
AIM2,Esophagus_Mucosa,ESPMCS,#93c47d,25,/Users/sho3/eqtl/gtex_v11_qtls/Esophagus_Mucosa.v11.eQTLs.signif_pairs.parquet,1527
AIM2,Colon_Sigmoid,CLNSGM,#b45f06,23,/Users/sho3/eqtl/gtex_v11_qtls/Colon_Sigmoid.v11.eQTLs.signif_pairs.parquet,1527
AIM2,Brain_Hippocampus,BRNHPP,#134f5c,22,/Users/sho3/eqtl/gtex_v11_qtls/Brain_Hippocampus.v11.eQTLs.signif_pairs.parquet,1527
AIM2,Brain_Hypothalamus,BRNHPT,#45818e,22,/Users/sho3/eqtl/gtex_v11_qtls/Brain_Hypothalamus.v11.eQTLs.signif_pairs.parquet,1527
AIM2,Thyroid,THYROID,#ff9900,15,/Users/sho3/eqtl/gtex_v11_qtls/Thyroid.v11.eQTLs.signif_pairs.parquet,1527
AIM2,Uterus,UTERUS,#cc99ff,14,/Users/sho3/eqtl/gtex_v11_qtls/Uterus.v11.eQTLs.signif_pairs.parquet,1527
AIM2,Artery_Coronary,ARTCRN,#cc0000,8,/Users/sho3/eqtl/gtex_v11_qtls/Artery_Coronary.v11.eQTLs.signif_pairs.parquet,1527
AIM2,Prostate,PRSTTE,#cfe2f3,4,/Users/sho3/eqtl/gtex_v11_qtls/Prostate.v11.eQTLs.signif_pairs.parquet,1527
AIM2,Adrenal_Gland,ADREN,#8dd3c7,0,/Users/sho3/eqtl/gtex_v11_qtls/Adrenal_Gland.v11.eQTLs.signif_pairs.parquet,1527
AIM2,Artery_Aorta,ARTAORT,#e06666,0,/Users/sho3/eqtl/gtex_v11_qtls/Artery_Aorta.v11.eQTLs.signif_pairs.parquet,1527
AIM2,Bladder,BLDDER,#b4a7d6,0,/Users/sho3/eqtl/gtex_v11_qtls/Bladder.v11.eQTLs.signif_pairs.parquet,1527
AIM2,Brain_Nucleus_accumbens_basal_ganglia,BRNACC,#0b5394,0,/Users/sho3/eqtl/gtex_v11_qtls/Brain_Nucleus_accumbens_basal_ganglia.v11.eQTLs.signif_pairs.parquet,1527
AIM2,Brain_Amygdala,BRNAMY,#93c47d,0,/Users/sho3/eqtl/gtex_v11_qtls/Brain_Amygdala.v11.eQTLs.signif_pairs.parquet,1527
AIM2,Brain_Anterior_cingulate_cortex_BA24,BRNCCC,#6aa84f,0,/Users/sho3/eqtl/gtex_v11_qtls/Brain_Anterior_cingulate_cortex_BA24.v11.eQTLs.signif_pairs.parquet,1527
AIM2,Brain_Caudate_basal_ganglia,BRNCDT,#38761d,0,/Users/sho3/eqtl/gtex_v11_qtls/Brain_Caudate_basal_ganglia.v11.eQTLs.signif_pairs.parquet,1527
AIM2,Brain_Cerebellar_Hemisphere,BRNCHA,#b6d7a8,0,/Users/sho3/eqtl/gtex_v11_qtls/Brain_Cerebellar_Hemisphere.v11.eQTLs.signif_pairs.parquet,1527
AIM2,Brain_Cerebellum,BRNCHB,#274e13,0,/Users/sho3/eqtl/gtex_v11_qtls/Brain_Cerebellum.v11.eQTLs.signif_pairs.parquet,1527
AIM2,Brain_Cortex,BRNCTXA,#a2c4c9,0,/Users/sho3/eqtl/gtex_v11_qtls/Brain_Cortex.v11.eQTLs.signif_pairs.parquet,1527
AIM2,Brain_Frontal_Cortex_BA9,BRNCTXB,#76a5af,0,/Users/sho3/eqtl/gtex_v11_qtls/Brain_Frontal_Cortex_BA9.v11.eQTLs.signif_pairs.parquet,1527
AIM2,Brain_Putamen_basal_ganglia,BRNPTM,#3d85c6,0,/Users/sho3/eqtl/gtex_v11_qtls/Brain_Putamen_basal_ganglia.v11.eQTLs.signif_pairs.parquet,1527
AIM2,Brain_Substantia_nigra,BRNSNG,#073763,0,/Users/sho3/eqtl/gtex_v11_qtls/Brain_Substantia_nigra.v11.eQTLs.signif_pairs.parquet,1527
AIM2,Brain_Spinal_cord_cervical_c-1,BRNSPC,#9fc5e8,0,/Users/sho3/eqtl/gtex_v11_qtls/Brain_Spinal_cord_cervical_c-1.v11.eQTLs.signif_pairs.parquet,1527
AIM2,Cells_Cultured_fibroblasts,FIBRBLS,#674ea7,0,/Users/sho3/eqtl/gtex_v11_qtls/Cells_Cultured_fibroblasts.v11.eQTLs.signif_pairs.parquet,1527
AIM2,Heart_Atrial_Appendage,HRTAA,#a64d79,0,/Users/sho3/eqtl/gtex_v11_qtls/Heart_Atrial_Appendage.v11.eQTLs.signif_pairs.parquet,1527
AIM2,Heart_Left_Ventricle,HRTLV,#741b47,0,/Users/sho3/eqtl/gtex_v11_qtls/Heart_Left_Ventricle.v11.eQTLs.signif_pairs.parquet,1527
AIM2,Kidney_Cortex,KDNCTX,#00ffff,0,/Users/sho3/eqtl/gtex_v11_qtls/Kidney_Cortex.v11.eQTLs.signif_pairs.parquet,1527
AIM2,Liver,LIVER,#783f04,0,/Users/sho3/eqtl/gtex_v11_qtls/Liver.v11.eQTLs.signif_pairs.parquet,1527
AIM2,Muscle_Skeletal,MSCLSK,#b7b7b7,0,/Users/sho3/eqtl/gtex_v11_qtls/Muscle_Skeletal.v11.eQTLs.signif_pairs.parquet,1527
AIM2,Ovary,OVARY,#ff00ff,0,/Users/sho3/eqtl/gtex_v11_qtls/Ovary.v11.eQTLs.signif_pairs.parquet,1527
AIM2,Pancreas,PNCREAS,#f9cb9c,0,/Users/sho3/eqtl/gtex_v11_qtls/Pancreas.v11.eQTLs.signif_pairs.parquet,1527
AIM2,Minor_Salivary_Gland,SLVRYG,#d5a6bd,0,/Users/sho3/eqtl/gtex_v11_qtls/Minor_Salivary_Gland.v11.eQTLs.signif_pairs.parquet,1527
AIM2,Small_Intestine_Terminal_Ileum,SNTRM,#ffff00,0,/Users/sho3/eqtl/gtex_v11_qtls/Small_Intestine_Terminal_Ileum.v11.eQTLs.signif_pairs.parquet,1527
AIM2,Stomach,STMACH,#b45f06,0,/Users/sho3/eqtl/gtex_v11_qtls/Stomach.v11.eQTLs.signif_pairs.parquet,1527
AIM2,Testis,TESTIS,#e06666,0,/Users/sho3/eqtl/gtex_v11_qtls/Testis.v11.eQTLs.signif_pairs.parquet,1527
OAS1,Spleen,SPLEEN,#cc4125,252,/Users/sho3/eqtl/gtex_v11_qtls/Spleen.v11.eQTLs.signif_pairs.parquet,1469
OAS1,Esophagus_Mucosa,ESPMCS,#93c47d,231,/Users/sho3/eqtl/gtex_v11_qtls/Esophagus_Mucosa.v11.eQTLs.signif_pairs.parquet,1469
OAS1,Cells_EBV-transformed_lymphocytes,LCL,#351c75,225,/Users/sho3/eqtl/gtex_v11_qtls/Cells_EBV-transformed_lymphocytes.v11.eQTLs.signif_pairs.parquet,1469
OAS1,Skin_Sun_Exposed_Lower_leg,SKINS,#f1c232,193,/Users/sho3/eqtl/gtex_v11_qtls/Skin_Sun_Exposed_Lower_leg.v11.eQTLs.signif_pairs.parquet,1469
OAS1,Skin_Not_Sun_Exposed_Suprapubic,SKINNS,#ffd966,149,/Users/sho3/eqtl/gtex_v11_qtls/Skin_Not_Sun_Exposed_Suprapubic.v11.eQTLs.signif_pairs.parquet,1469
OAS1,Artery_Tibial,ARTTBL,#f4cccc,118,/Users/sho3/eqtl/gtex_v11_qtls/Artery_Tibial.v11.eQTLs.signif_pairs.parquet,1469
OAS1,Small_Intestine_Terminal_Ileum,SNTRM,#ffff00,117,/Users/sho3/eqtl/gtex_v11_qtls/Small_Intestine_Terminal_Ileum.v11.eQTLs.signif_pairs.parquet,1469
OAS1,Cells_Cultured_fibroblasts,FIBRBLS,#674ea7,85,/Users/sho3/eqtl/gtex_v11_qtls/Cells_Cultured_fibroblasts.v11.eQTLs.signif_pairs.parquet,1469
OAS1,Adipose_Subcutaneous,ADPSBQ,#f1c232,47,/Users/sho3/eqtl/gtex_v11_qtls/Adipose_Subcutaneous.v11.eQTLs.signif_pairs.parquet,1469
OAS1,Whole_Blood,WHLBLD,#cc0000,23,/Users/sho3/eqtl/gtex_v11_qtls/Whole_Blood.v11.eQTLs.signif_pairs.parquet,1469
OAS1,Artery_Coronary,ARTCRN,#cc0000,10,/Users/sho3/eqtl/gtex_v11_qtls/Artery_Coronary.v11.eQTLs.signif_pairs.parquet,1469
OAS1,Muscle_Skeletal,MSCLSK,#b7b7b7,9,/Users/sho3/eqtl/gtex_v11_qtls/Muscle_Skeletal.v11.eQTLs.signif_pairs.parquet,1469
OAS1,Nerve_Tibial,NERVET,#ffe599,6,/Users/sho3/eqtl/gtex_v11_qtls/Nerve_Tibial.v11.eQTLs.signif_pairs.parquet,1469
OAS1,Esophagus_Muscularis,ESPMSL,#6aa84f,4,/Users/sho3/eqtl/gtex_v11_qtls/Esophagus_Muscularis.v11.eQTLs.signif_pairs.parquet,1469
OAS1,Adipose_Visceral_Omentum,ADPVSC,#f6b26b,0,/Users/sho3/eqtl/gtex_v11_qtls/Adipose_Visceral_Omentum.v11.eQTLs.signif_pairs.parquet,1469
OAS1,Adrenal_Gland,ADREN,#8dd3c7,0,/Users/sho3/eqtl/gtex_v11_qtls/Adrenal_Gland.v11.eQTLs.signif_pairs.parquet,1469
OAS1,Artery_Aorta,ARTAORT,#e06666,0,/Users/sho3/eqtl/gtex_v11_qtls/Artery_Aorta.v11.eQTLs.signif_pairs.parquet,1469
OAS1,Bladder,BLDDER,#b4a7d6,0,/Users/sho3/eqtl/gtex_v11_qtls/Bladder.v11.eQTLs.signif_pairs.parquet,1469
OAS1,Breast_Mammary_Tissue,BREAST,#c27ba0,0,/Users/sho3/eqtl/gtex_v11_qtls/Breast_Mammary_Tissue.v11.eQTLs.signif_pairs.parquet,1469
OAS1,Brain_Nucleus_accumbens_basal_ganglia,BRNACC,#0b5394,0,/Users/sho3/eqtl/gtex_v11_qtls/Brain_Nucleus_accumbens_basal_ganglia.v11.eQTLs.signif_pairs.parquet,1469
OAS1,Brain_Amygdala,BRNAMY,#93c47d,0,/Users/sho3/eqtl/gtex_v11_qtls/Brain_Amygdala.v11.eQTLs.signif_pairs.parquet,1469
OAS1,Brain_Anterior_cingulate_cortex_BA24,BRNCCC,#6aa84f,0,/Users/sho3/eqtl/gtex_v11_qtls/Brain_Anterior_cingulate_cortex_BA24.v11.eQTLs.signif_pairs.parquet,1469
OAS1,Brain_Caudate_basal_ganglia,BRNCDT,#38761d,0,/Users/sho3/eqtl/gtex_v11_qtls/Brain_Caudate_basal_ganglia.v11.eQTLs.signif_pairs.parquet,1469
OAS1,Brain_Cerebellar_Hemisphere,BRNCHA,#b6d7a8,0,/Users/sho3/eqtl/gtex_v11_qtls/Brain_Cerebellar_Hemisphere.v11.eQTLs.signif_pairs.parquet,1469
OAS1,Brain_Cerebellum,BRNCHB,#274e13,0,/Users/sho3/eqtl/gtex_v11_qtls/Brain_Cerebellum.v11.eQTLs.signif_pairs.parquet,1469
OAS1,Brain_Cortex,BRNCTXA,#a2c4c9,0,/Users/sho3/eqtl/gtex_v11_qtls/Brain_Cortex.v11.eQTLs.signif_pairs.parquet,1469
OAS1,Brain_Frontal_Cortex_BA9,BRNCTXB,#76a5af,0,/Users/sho3/eqtl/gtex_v11_qtls/Brain_Frontal_Cortex_BA9.v11.eQTLs.signif_pairs.parquet,1469
OAS1,Brain_Hippocampus,BRNHPP,#134f5c,0,/Users/sho3/eqtl/gtex_v11_qtls/Brain_Hippocampus.v11.eQTLs.signif_pairs.parquet,1469
OAS1,Brain_Hypothalamus,BRNHPT,#45818e,0,/Users/sho3/eqtl/gtex_v11_qtls/Brain_Hypothalamus.v11.eQTLs.signif_pairs.parquet,1469
OAS1,Brain_Putamen_basal_ganglia,BRNPTM,#3d85c6,0,/Users/sho3/eqtl/gtex_v11_qtls/Brain_Putamen_basal_ganglia.v11.eQTLs.signif_pairs.parquet,1469
OAS1,Brain_Substantia_nigra,BRNSNG,#073763,0,/Users/sho3/eqtl/gtex_v11_qtls/Brain_Substantia_nigra.v11.eQTLs.signif_pairs.parquet,1469
OAS1,Brain_Spinal_cord_cervical_c-1,BRNSPC,#9fc5e8,0,/Users/sho3/eqtl/gtex_v11_qtls/Brain_Spinal_cord_cervical_c-1.v11.eQTLs.signif_pairs.parquet,1469
OAS1,Colon_Sigmoid,CLNSGM,#b45f06,0,/Users/sho3/eqtl/gtex_v11_qtls/Colon_Sigmoid.v11.eQTLs.signif_pairs.parquet,1469
OAS1,Colon_Transverse,CLNTRN,#e69138,0,/Users/sho3/eqtl/gtex_v11_qtls/Colon_Transverse.v11.eQTLs.signif_pairs.parquet,1469
OAS1,Esophagus_Gastroesophageal_Junction,ESPGEJ,#d9ead3,0,/Users/sho3/eqtl/gtex_v11_qtls/Esophagus_Gastroesophageal_Junction.v11.eQTLs.signif_pairs.parquet,1469
OAS1,Heart_Atrial_Appendage,HRTAA,#a64d79,0,/Users/sho3/eqtl/gtex_v11_qtls/Heart_Atrial_Appendage.v11.eQTLs.signif_pairs.parquet,1469
OAS1,Heart_Left_Ventricle,HRTLV,#741b47,0,/Users/sho3/eqtl/gtex_v11_qtls/Heart_Left_Ventricle.v11.eQTLs.signif_pairs.parquet,1469
OAS1,Kidney_Cortex,KDNCTX,#00ffff,0,/Users/sho3/eqtl/gtex_v11_qtls/Kidney_Cortex.v11.eQTLs.signif_pairs.parquet,1469
OAS1,Liver,LIVER,#783f04,0,/Users/sho3/eqtl/gtex_v11_qtls/Liver.v11.eQTLs.signif_pairs.parquet,1469
OAS1,Lung,LUNG,#6fa8dc,0,/Users/sho3/eqtl/gtex_v11_qtls/Lung.v11.eQTLs.signif_pairs.parquet,1469
OAS1,Ovary,OVARY,#ff00ff,0,/Users/sho3/eqtl/gtex_v11_qtls/Ovary.v11.eQTLs.signif_pairs.parquet,1469
OAS1,Pituitary,PITUTRY,#999999,0,/Users/sho3/eqtl/gtex_v11_qtls/Pituitary.v11.eQTLs.signif_pairs.parquet,1469
OAS1,Pancreas,PNCREAS,#f9cb9c,0,/Users/sho3/eqtl/gtex_v11_qtls/Pancreas.v11.eQTLs.signif_pairs.parquet,1469
OAS1,Prostate,PRSTTE,#cfe2f3,0,/Users/sho3/eqtl/gtex_v11_qtls/Prostate.v11.eQTLs.signif_pairs.parquet,1469
OAS1,Minor_Salivary_Gland,SLVRYG,#d5a6bd,0,/Users/sho3/eqtl/gtex_v11_qtls/Minor_Salivary_Gland.v11.eQTLs.signif_pairs.parquet,1469
OAS1,Stomach,STMACH,#b45f06,0,/Users/sho3/eqtl/gtex_v11_qtls/Stomach.v11.eQTLs.signif_pairs.parquet,1469
OAS1,Testis,TESTIS,#e06666,0,/Users/sho3/eqtl/gtex_v11_qtls/Testis.v11.eQTLs.signif_pairs.parquet,1469
OAS1,Thyroid,THYROID,#ff9900,0,/Users/sho3/eqtl/gtex_v11_qtls/Thyroid.v11.eQTLs.signif_pairs.parquet,1469
OAS1,Uterus,UTERUS,#cc99ff,0,/Users/sho3/eqtl/gtex_v11_qtls/Uterus.v11.eQTLs.signif_pairs.parquet,1469
OAS1,Vagina,VAGINA,#ff66cc,0,/Users/sho3/eqtl/gtex_v11_qtls/Vagina.v11.eQTLs.signif_pairs.parquet,1469
OAS3,Cells_Cultured_fibroblasts,FIBRBLS,#674ea7,429,/Users/sho3/eqtl/gtex_v11_qtls/Cells_Cultured_fibroblasts.v11.eQTLs.signif_pairs.parquet,1465
OAS3,Spleen,SPLEEN,#cc4125,272,/Users/sho3/eqtl/gtex_v11_qtls/Spleen.v11.eQTLs.signif_pairs.parquet,1465
OAS3,Pancreas,PNCREAS,#f9cb9c,172,/Users/sho3/eqtl/gtex_v11_qtls/Pancreas.v11.eQTLs.signif_pairs.parquet,1465
OAS3,Esophagus_Mucosa,ESPMCS,#93c47d,150,/Users/sho3/eqtl/gtex_v11_qtls/Esophagus_Mucosa.v11.eQTLs.signif_pairs.parquet,1465
OAS3,Whole_Blood,WHLBLD,#cc0000,133,/Users/sho3/eqtl/gtex_v11_qtls/Whole_Blood.v11.eQTLs.signif_pairs.parquet,1465
OAS3,Cells_EBV-transformed_lymphocytes,LCL,#351c75,125,/Users/sho3/eqtl/gtex_v11_qtls/Cells_EBV-transformed_lymphocytes.v11.eQTLs.signif_pairs.parquet,1465
OAS3,Adipose_Subcutaneous,ADPSBQ,#f1c232,121,/Users/sho3/eqtl/gtex_v11_qtls/Adipose_Subcutaneous.v11.eQTLs.signif_pairs.parquet,1465
OAS3,Brain_Hypothalamus,BRNHPT,#45818e,23,/Users/sho3/eqtl/gtex_v11_qtls/Brain_Hypothalamus.v11.eQTLs.signif_pairs.parquet,1465
OAS3,Stomach,STMACH,#b45f06,9,/Users/sho3/eqtl/gtex_v11_qtls/Stomach.v11.eQTLs.signif_pairs.parquet,1465
OAS3,Esophagus_Muscularis,ESPMSL,#6aa84f,7,/Users/sho3/eqtl/gtex_v11_qtls/Esophagus_Muscularis.v11.eQTLs.signif_pairs.parquet,1465
OAS3,Skin_Sun_Exposed_Lower_leg,SKINS,#f1c232,5,/Users/sho3/eqtl/gtex_v11_qtls/Skin_Sun_Exposed_Lower_leg.v11.eQTLs.signif_pairs.parquet,1465
OAS3,Skin_Not_Sun_Exposed_Suprapubic,SKINNS,#ffd966,3,/Users/sho3/eqtl/gtex_v11_qtls/Skin_Not_Sun_Exposed_Suprapubic.v11.eQTLs.signif_pairs.parquet,1465
OAS3,Brain_Putamen_basal_ganglia,BRNPTM,#3d85c6,2,/Users/sho3/eqtl/gtex_v11_qtls/Brain_Putamen_basal_ganglia.v11.eQTLs.signif_pairs.parquet,1465
OAS3,Colon_Transverse,CLNTRN,#e69138,2,/Users/sho3/eqtl/gtex_v11_qtls/Colon_Transverse.v11.eQTLs.signif_pairs.parquet,1465
OAS3,Adipose_Visceral_Omentum,ADPVSC,#f6b26b,1,/Users/sho3/eqtl/gtex_v11_qtls/Adipose_Visceral_Omentum.v11.eQTLs.signif_pairs.parquet,1465
OAS3,Artery_Aorta,ARTAORT,#e06666,1,/Users/sho3/eqtl/gtex_v11_qtls/Artery_Aorta.v11.eQTLs.signif_pairs.parquet,1465
OAS3,Artery_Tibial,ARTTBL,#f4cccc,1,/Users/sho3/eqtl/gtex_v11_qtls/Artery_Tibial.v11.eQTLs.signif_pairs.parquet,1465
OAS3,Breast_Mammary_Tissue,BREAST,#c27ba0,1,/Users/sho3/eqtl/gtex_v11_qtls/Breast_Mammary_Tissue.v11.eQTLs.signif_pairs.parquet,1465
OAS3,Brain_Nucleus_accumbens_basal_ganglia,BRNACC,#0b5394,1,/Users/sho3/eqtl/gtex_v11_qtls/Brain_Nucleus_accumbens_basal_ganglia.v11.eQTLs.signif_pairs.parquet,1465
OAS3,Brain_Amygdala,BRNAMY,#93c47d,1,/Users/sho3/eqtl/gtex_v11_qtls/Brain_Amygdala.v11.eQTLs.signif_pairs.parquet,1465
OAS3,Brain_Anterior_cingulate_cortex_BA24,BRNCCC,#6aa84f,1,/Users/sho3/eqtl/gtex_v11_qtls/Brain_Anterior_cingulate_cortex_BA24.v11.eQTLs.signif_pairs.parquet,1465
OAS3,Brain_Hippocampus,BRNHPP,#134f5c,1,/Users/sho3/eqtl/gtex_v11_qtls/Brain_Hippocampus.v11.eQTLs.signif_pairs.parquet,1465
OAS3,Brain_Spinal_cord_cervical_c-1,BRNSPC,#9fc5e8,1,/Users/sho3/eqtl/gtex_v11_qtls/Brain_Spinal_cord_cervical_c-1.v11.eQTLs.signif_pairs.parquet,1465
OAS3,Nerve_Tibial,NERVET,#ffe599,1,/Users/sho3/eqtl/gtex_v11_qtls/Nerve_Tibial.v11.eQTLs.signif_pairs.parquet,1465
OAS3,Thyroid,THYROID,#ff9900,1,/Users/sho3/eqtl/gtex_v11_qtls/Thyroid.v11.eQTLs.signif_pairs.parquet,1465
OAS3,Vagina,VAGINA,#ff66cc,1,/Users/sho3/eqtl/gtex_v11_qtls/Vagina.v11.eQTLs.signif_pairs.parquet,1465
OAS3,Adrenal_Gland,ADREN,#8dd3c7,0,/Users/sho3/eqtl/gtex_v11_qtls/Adrenal_Gland.v11.eQTLs.signif_pairs.parquet,1465
OAS3,Artery_Coronary,ARTCRN,#cc0000,0,/Users/sho3/eqtl/gtex_v11_qtls/Artery_Coronary.v11.eQTLs.signif_pairs.parquet,1465
OAS3,Bladder,BLDDER,#b4a7d6,0,/Users/sho3/eqtl/gtex_v11_qtls/Bladder.v11.eQTLs.signif_pairs.parquet,1465
OAS3,Brain_Caudate_basal_ganglia,BRNCDT,#38761d,0,/Users/sho3/eqtl/gtex_v11_qtls/Brain_Caudate_basal_ganglia.v11.eQTLs.signif_pairs.parquet,1465
OAS3,Brain_Cerebellar_Hemisphere,BRNCHA,#b6d7a8,0,/Users/sho3/eqtl/gtex_v11_qtls/Brain_Cerebellar_Hemisphere.v11.eQTLs.signif_pairs.parquet,1465
OAS3,Brain_Cerebellum,BRNCHB,#274e13,0,/Users/sho3/eqtl/gtex_v11_qtls/Brain_Cerebellum.v11.eQTLs.signif_pairs.parquet,1465
OAS3,Brain_Cortex,BRNCTXA,#a2c4c9,0,/Users/sho3/eqtl/gtex_v11_qtls/Brain_Cortex.v11.eQTLs.signif_pairs.parquet,1465
OAS3,Brain_Frontal_Cortex_BA9,BRNCTXB,#76a5af,0,/Users/sho3/eqtl/gtex_v11_qtls/Brain_Frontal_Cortex_BA9.v11.eQTLs.signif_pairs.parquet,1465
OAS3,Brain_Substantia_nigra,BRNSNG,#073763,0,/Users/sho3/eqtl/gtex_v11_qtls/Brain_Substantia_nigra.v11.eQTLs.signif_pairs.parquet,1465
OAS3,Colon_Sigmoid,CLNSGM,#b45f06,0,/Users/sho3/eqtl/gtex_v11_qtls/Colon_Sigmoid.v11.eQTLs.signif_pairs.parquet,1465
OAS3,Esophagus_Gastroesophageal_Junction,ESPGEJ,#d9ead3,0,/Users/sho3/eqtl/gtex_v11_qtls/Esophagus_Gastroesophageal_Junction.v11.eQTLs.signif_pairs.parquet,1465
OAS3,Heart_Atrial_Appendage,HRTAA,#a64d79,0,/Users/sho3/eqtl/gtex_v11_qtls/Heart_Atrial_Appendage.v11.eQTLs.signif_pairs.parquet,1465
OAS3,Heart_Left_Ventricle,HRTLV,#741b47,0,/Users/sho3/eqtl/gtex_v11_qtls/Heart_Left_Ventricle.v11.eQTLs.signif_pairs.parquet,1465
OAS3,Kidney_Cortex,KDNCTX,#00ffff,0,/Users/sho3/eqtl/gtex_v11_qtls/Kidney_Cortex.v11.eQTLs.signif_pairs.parquet,1465
OAS3,Liver,LIVER,#783f04,0,/Users/sho3/eqtl/gtex_v11_qtls/Liver.v11.eQTLs.signif_pairs.parquet,1465
OAS3,Lung,LUNG,#6fa8dc,0,/Users/sho3/eqtl/gtex_v11_qtls/Lung.v11.eQTLs.signif_pairs.parquet,1465
OAS3,Muscle_Skeletal,MSCLSK,#b7b7b7,0,/Users/sho3/eqtl/gtex_v11_qtls/Muscle_Skeletal.v11.eQTLs.signif_pairs.parquet,1465
OAS3,Ovary,OVARY,#ff00ff,0,/Users/sho3/eqtl/gtex_v11_qtls/Ovary.v11.eQTLs.signif_pairs.parquet,1465
OAS3,Pituitary,PITUTRY,#999999,0,/Users/sho3/eqtl/gtex_v11_qtls/Pituitary.v11.eQTLs.signif_pairs.parquet,1465
OAS3,Prostate,PRSTTE,#cfe2f3,0,/Users/sho3/eqtl/gtex_v11_qtls/Prostate.v11.eQTLs.signif_pairs.parquet,1465
OAS3,Minor_Salivary_Gland,SLVRYG,#d5a6bd,0,/Users/sho3/eqtl/gtex_v11_qtls/Minor_Salivary_Gland.v11.eQTLs.signif_pairs.parquet,1465
OAS3,Small_Intestine_Terminal_Ileum,SNTRM,#ffff00,0,/Users/sho3/eqtl/gtex_v11_qtls/Small_Intestine_Terminal_Ileum.v11.eQTLs.signif_pairs.parquet,1465
OAS3,Testis,TESTIS,#e06666,0,/Users/sho3/eqtl/gtex_v11_qtls/Testis.v11.eQTLs.signif_pairs.parquet,1465
OAS3,Uterus,UTERUS,#cc99ff,0,/Users/sho3/eqtl/gtex_v11_qtls/Uterus.v11.eQTLs.signif_pairs.parquet,1465
CGAS,Nerve_Tibial,NERVET,#ffe599,377,/Users/sho3/eqtl/gtex_v11_qtls/Nerve_Tibial.v11.eQTLs.signif_pairs.parquet,1275
CGAS,Adipose_Subcutaneous,ADPSBQ,#f1c232,229,/Users/sho3/eqtl/gtex_v11_qtls/Adipose_Subcutaneous.v11.eQTLs.signif_pairs.parquet,1275
CGAS,Cells_Cultured_fibroblasts,FIBRBLS,#674ea7,197,/Users/sho3/eqtl/gtex_v11_qtls/Cells_Cultured_fibroblasts.v11.eQTLs.signif_pairs.parquet,1275
CGAS,Thyroid,THYROID,#ff9900,102,/Users/sho3/eqtl/gtex_v11_qtls/Thyroid.v11.eQTLs.signif_pairs.parquet,1275
CGAS,Esophagus_Mucosa,ESPMCS,#93c47d,101,/Users/sho3/eqtl/gtex_v11_qtls/Esophagus_Mucosa.v11.eQTLs.signif_pairs.parquet,1275
CGAS,Artery_Tibial,ARTTBL,#f4cccc,71,/Users/sho3/eqtl/gtex_v11_qtls/Artery_Tibial.v11.eQTLs.signif_pairs.parquet,1275
CGAS,Testis,TESTIS,#e06666,56,/Users/sho3/eqtl/gtex_v11_qtls/Testis.v11.eQTLs.signif_pairs.parquet,1275
CGAS,Adipose_Visceral_Omentum,ADPVSC,#f6b26b,49,/Users/sho3/eqtl/gtex_v11_qtls/Adipose_Visceral_Omentum.v11.eQTLs.signif_pairs.parquet,1275
CGAS,Breast_Mammary_Tissue,BREAST,#c27ba0,28,/Users/sho3/eqtl/gtex_v11_qtls/Breast_Mammary_Tissue.v11.eQTLs.signif_pairs.parquet,1275
CGAS,Adrenal_Gland,ADREN,#8dd3c7,25,/Users/sho3/eqtl/gtex_v11_qtls/Adrenal_Gland.v11.eQTLs.signif_pairs.parquet,1275
CGAS,Heart_Atrial_Appendage,HRTAA,#a64d79,17,/Users/sho3/eqtl/gtex_v11_qtls/Heart_Atrial_Appendage.v11.eQTLs.signif_pairs.parquet,1275
CGAS,Brain_Cerebellar_Hemisphere,BRNCHA,#b6d7a8,10,/Users/sho3/eqtl/gtex_v11_qtls/Brain_Cerebellar_Hemisphere.v11.eQTLs.signif_pairs.parquet,1275
CGAS,Minor_Salivary_Gland,SLVRYG,#d5a6bd,5,/Users/sho3/eqtl/gtex_v11_qtls/Minor_Salivary_Gland.v11.eQTLs.signif_pairs.parquet,1275
CGAS,Ovary,OVARY,#ff00ff,3,/Users/sho3/eqtl/gtex_v11_qtls/Ovary.v11.eQTLs.signif_pairs.parquet,1275
CGAS,Brain_Frontal_Cortex_BA9,BRNCTXB,#76a5af,2,/Users/sho3/eqtl/gtex_v11_qtls/Brain_Frontal_Cortex_BA9.v11.eQTLs.signif_pairs.parquet,1275
CGAS,Brain_Hippocampus,BRNHPP,#134f5c,1,/Users/sho3/eqtl/gtex_v11_qtls/Brain_Hippocampus.v11.eQTLs.signif_pairs.parquet,1275
CGAS,Kidney_Cortex,KDNCTX,#00ffff,1,/Users/sho3/eqtl/gtex_v11_qtls/Kidney_Cortex.v11.eQTLs.signif_pairs.parquet,1275
CGAS,Prostate,PRSTTE,#cfe2f3,1,/Users/sho3/eqtl/gtex_v11_qtls/Prostate.v11.eQTLs.signif_pairs.parquet,1275
CGAS,Artery_Aorta,ARTAORT,#e06666,0,/Users/sho3/eqtl/gtex_v11_qtls/Artery_Aorta.v11.eQTLs.signif_pairs.parquet,1275
CGAS,Artery_Coronary,ARTCRN,#cc0000,0,/Users/sho3/eqtl/gtex_v11_qtls/Artery_Coronary.v11.eQTLs.signif_pairs.parquet,1275
CGAS,Bladder,BLDDER,#b4a7d6,0,/Users/sho3/eqtl/gtex_v11_qtls/Bladder.v11.eQTLs.signif_pairs.parquet,1275
CGAS,Brain_Nucleus_accumbens_basal_ganglia,BRNACC,#0b5394,0,/Users/sho3/eqtl/gtex_v11_qtls/Brain_Nucleus_accumbens_basal_ganglia.v11.eQTLs.signif_pairs.parquet,1275
CGAS,Brain_Amygdala,BRNAMY,#93c47d,0,/Users/sho3/eqtl/gtex_v11_qtls/Brain_Amygdala.v11.eQTLs.signif_pairs.parquet,1275
CGAS,Brain_Anterior_cingulate_cortex_BA24,BRNCCC,#6aa84f,0,/Users/sho3/eqtl/gtex_v11_qtls/Brain_Anterior_cingulate_cortex_BA24.v11.eQTLs.signif_pairs.parquet,1275
CGAS,Brain_Caudate_basal_ganglia,BRNCDT,#38761d,0,/Users/sho3/eqtl/gtex_v11_qtls/Brain_Caudate_basal_ganglia.v11.eQTLs.signif_pairs.parquet,1275
CGAS,Brain_Cerebellum,BRNCHB,#274e13,0,/Users/sho3/eqtl/gtex_v11_qtls/Brain_Cerebellum.v11.eQTLs.signif_pairs.parquet,1275
CGAS,Brain_Cortex,BRNCTXA,#a2c4c9,0,/Users/sho3/eqtl/gtex_v11_qtls/Brain_Cortex.v11.eQTLs.signif_pairs.parquet,1275
CGAS,Brain_Hypothalamus,BRNHPT,#45818e,0,/Users/sho3/eqtl/gtex_v11_qtls/Brain_Hypothalamus.v11.eQTLs.signif_pairs.parquet,1275
CGAS,Brain_Putamen_basal_ganglia,BRNPTM,#3d85c6,0,/Users/sho3/eqtl/gtex_v11_qtls/Brain_Putamen_basal_ganglia.v11.eQTLs.signif_pairs.parquet,1275
CGAS,Brain_Substantia_nigra,BRNSNG,#073763,0,/Users/sho3/eqtl/gtex_v11_qtls/Brain_Substantia_nigra.v11.eQTLs.signif_pairs.parquet,1275
CGAS,Brain_Spinal_cord_cervical_c-1,BRNSPC,#9fc5e8,0,/Users/sho3/eqtl/gtex_v11_qtls/Brain_Spinal_cord_cervical_c-1.v11.eQTLs.signif_pairs.parquet,1275
CGAS,Colon_Sigmoid,CLNSGM,#b45f06,0,/Users/sho3/eqtl/gtex_v11_qtls/Colon_Sigmoid.v11.eQTLs.signif_pairs.parquet,1275
CGAS,Colon_Transverse,CLNTRN,#e69138,0,/Users/sho3/eqtl/gtex_v11_qtls/Colon_Transverse.v11.eQTLs.signif_pairs.parquet,1275
CGAS,Esophagus_Gastroesophageal_Junction,ESPGEJ,#d9ead3,0,/Users/sho3/eqtl/gtex_v11_qtls/Esophagus_Gastroesophageal_Junction.v11.eQTLs.signif_pairs.parquet,1275
CGAS,Esophagus_Muscularis,ESPMSL,#6aa84f,0,/Users/sho3/eqtl/gtex_v11_qtls/Esophagus_Muscularis.v11.eQTLs.signif_pairs.parquet,1275
CGAS,Heart_Left_Ventricle,HRTLV,#741b47,0,/Users/sho3/eqtl/gtex_v11_qtls/Heart_Left_Ventricle.v11.eQTLs.signif_pairs.parquet,1275
CGAS,Cells_EBV-transformed_lymphocytes,LCL,#351c75,0,/Users/sho3/eqtl/gtex_v11_qtls/Cells_EBV-transformed_lymphocytes.v11.eQTLs.signif_pairs.parquet,1275
CGAS,Liver,LIVER,#783f04,0,/Users/sho3/eqtl/gtex_v11_qtls/Liver.v11.eQTLs.signif_pairs.parquet,1275
CGAS,Lung,LUNG,#6fa8dc,0,/Users/sho3/eqtl/gtex_v11_qtls/Lung.v11.eQTLs.signif_pairs.parquet,1275
CGAS,Muscle_Skeletal,MSCLSK,#b7b7b7,0,/Users/sho3/eqtl/gtex_v11_qtls/Muscle_Skeletal.v11.eQTLs.signif_pairs.parquet,1275
CGAS,Pituitary,PITUTRY,#999999,0,/Users/sho3/eqtl/gtex_v11_qtls/Pituitary.v11.eQTLs.signif_pairs.parquet,1275
CGAS,Pancreas,PNCREAS,#f9cb9c,0,/Users/sho3/eqtl/gtex_v11_qtls/Pancreas.v11.eQTLs.signif_pairs.parquet,1275
CGAS,Skin_Not_Sun_Exposed_Suprapubic,SKINNS,#ffd966,0,/Users/sho3/eqtl/gtex_v11_qtls/Skin_Not_Sun_Exposed_Suprapubic.v11.eQTLs.signif_pairs.parquet,1275
CGAS,Skin_Sun_Exposed_Lower_leg,SKINS,#f1c232,0,/Users/sho3/eqtl/gtex_v11_qtls/Skin_Sun_Exposed_Lower_leg.v11.eQTLs.signif_pairs.parquet,1275
CGAS,Small_Intestine_Terminal_Ileum,SNTRM,#ffff00,0,/Users/sho3/eqtl/gtex_v11_qtls/Small_Intestine_Terminal_Ileum.v11.eQTLs.signif_pairs.parquet,1275
CGAS,Spleen,SPLEEN,#cc4125,0,/Users/sho3/eqtl/gtex_v11_qtls/Spleen.v11.eQTLs.signif_pairs.parquet,1275
CGAS,Stomach,STMACH,#b45f06,0,/Users/sho3/eqtl/gtex_v11_qtls/Stomach.v11.eQTLs.signif_pairs.parquet,1275
CGAS,Uterus,UTERUS,#cc99ff,0,/Users/sho3/eqtl/gtex_v11_qtls/Uterus.v11.eQTLs.signif_pairs.parquet,1275
CGAS,Vagina,VAGINA,#ff66cc,0,/Users/sho3/eqtl/gtex_v11_qtls/Vagina.v11.eQTLs.signif_pairs.parquet,1275
CGAS,Whole_Blood,WHLBLD,#cc0000,0,/Users/sho3/eqtl/gtex_v11_qtls/Whole_Blood.v11.eQTLs.signif_pairs.parquet,1275
PYHIN1,Artery_Tibial,ARTTBL,#f4cccc,309,/Users/sho3/eqtl/gtex_v11_qtls/Artery_Tibial.v11.eQTLs.signif_pairs.parquet,1118
PYHIN1,Nerve_Tibial,NERVET,#ffe599,276,/Users/sho3/eqtl/gtex_v11_qtls/Nerve_Tibial.v11.eQTLs.signif_pairs.parquet,1118
PYHIN1,Adipose_Subcutaneous,ADPSBQ,#f1c232,106,/Users/sho3/eqtl/gtex_v11_qtls/Adipose_Subcutaneous.v11.eQTLs.signif_pairs.parquet,1118
PYHIN1,Cells_Cultured_fibroblasts,FIBRBLS,#674ea7,104,/Users/sho3/eqtl/gtex_v11_qtls/Cells_Cultured_fibroblasts.v11.eQTLs.signif_pairs.parquet,1118
PYHIN1,Thyroid,THYROID,#ff9900,88,/Users/sho3/eqtl/gtex_v11_qtls/Thyroid.v11.eQTLs.signif_pairs.parquet,1118
PYHIN1,Skin_Not_Sun_Exposed_Suprapubic,SKINNS,#ffd966,80,/Users/sho3/eqtl/gtex_v11_qtls/Skin_Not_Sun_Exposed_Suprapubic.v11.eQTLs.signif_pairs.parquet,1118
PYHIN1,Cells_EBV-transformed_lymphocytes,LCL,#351c75,51,/Users/sho3/eqtl/gtex_v11_qtls/Cells_EBV-transformed_lymphocytes.v11.eQTLs.signif_pairs.parquet,1118
PYHIN1,Testis,TESTIS,#e06666,34,/Users/sho3/eqtl/gtex_v11_qtls/Testis.v11.eQTLs.signif_pairs.parquet,1118
PYHIN1,Skin_Sun_Exposed_Lower_leg,SKINS,#f1c232,26,/Users/sho3/eqtl/gtex_v11_qtls/Skin_Sun_Exposed_Lower_leg.v11.eQTLs.signif_pairs.parquet,1118
PYHIN1,Breast_Mammary_Tissue,BREAST,#c27ba0,18,/Users/sho3/eqtl/gtex_v11_qtls/Breast_Mammary_Tissue.v11.eQTLs.signif_pairs.parquet,1118
PYHIN1,Brain_Putamen_basal_ganglia,BRNPTM,#3d85c6,7,/Users/sho3/eqtl/gtex_v11_qtls/Brain_Putamen_basal_ganglia.v11.eQTLs.signif_pairs.parquet,1118
PYHIN1,Adipose_Visceral_Omentum,ADPVSC,#f6b26b,5,/Users/sho3/eqtl/gtex_v11_qtls/Adipose_Visceral_Omentum.v11.eQTLs.signif_pairs.parquet,1118
PYHIN1,Lung,LUNG,#6fa8dc,5,/Users/sho3/eqtl/gtex_v11_qtls/Lung.v11.eQTLs.signif_pairs.parquet,1118
PYHIN1,Artery_Coronary,ARTCRN,#cc0000,3,/Users/sho3/eqtl/gtex_v11_qtls/Artery_Coronary.v11.eQTLs.signif_pairs.parquet,1118
PYHIN1,Spleen,SPLEEN,#cc4125,3,/Users/sho3/eqtl/gtex_v11_qtls/Spleen.v11.eQTLs.signif_pairs.parquet,1118
PYHIN1,Whole_Blood,WHLBLD,#cc0000,3,/Users/sho3/eqtl/gtex_v11_qtls/Whole_Blood.v11.eQTLs.signif_pairs.parquet,1118
PYHIN1,Adrenal_Gland,ADREN,#8dd3c7,0,/Users/sho3/eqtl/gtex_v11_qtls/Adrenal_Gland.v11.eQTLs.signif_pairs.parquet,1118
PYHIN1,Artery_Aorta,ARTAORT,#e06666,0,/Users/sho3/eqtl/gtex_v11_qtls/Artery_Aorta.v11.eQTLs.signif_pairs.parquet,1118
PYHIN1,Bladder,BLDDER,#b4a7d6,0,/Users/sho3/eqtl/gtex_v11_qtls/Bladder.v11.eQTLs.signif_pairs.parquet,1118
PYHIN1,Brain_Nucleus_accumbens_basal_ganglia,BRNACC,#0b5394,0,/Users/sho3/eqtl/gtex_v11_qtls/Brain_Nucleus_accumbens_basal_ganglia.v11.eQTLs.signif_pairs.parquet,1118
PYHIN1,Brain_Amygdala,BRNAMY,#93c47d,0,/Users/sho3/eqtl/gtex_v11_qtls/Brain_Amygdala.v11.eQTLs.signif_pairs.parquet,1118
PYHIN1,Brain_Anterior_cingulate_cortex_BA24,BRNCCC,#6aa84f,0,/Users/sho3/eqtl/gtex_v11_qtls/Brain_Anterior_cingulate_cortex_BA24.v11.eQTLs.signif_pairs.parquet,1118
PYHIN1,Brain_Caudate_basal_ganglia,BRNCDT,#38761d,0,/Users/sho3/eqtl/gtex_v11_qtls/Brain_Caudate_basal_ganglia.v11.eQTLs.signif_pairs.parquet,1118
PYHIN1,Brain_Cerebellar_Hemisphere,BRNCHA,#b6d7a8,0,/Users/sho3/eqtl/gtex_v11_qtls/Brain_Cerebellar_Hemisphere.v11.eQTLs.signif_pairs.parquet,1118
PYHIN1,Brain_Cerebellum,BRNCHB,#274e13,0,/Users/sho3/eqtl/gtex_v11_qtls/Brain_Cerebellum.v11.eQTLs.signif_pairs.parquet,1118
PYHIN1,Brain_Cortex,BRNCTXA,#a2c4c9,0,/Users/sho3/eqtl/gtex_v11_qtls/Brain_Cortex.v11.eQTLs.signif_pairs.parquet,1118
PYHIN1,Brain_Frontal_Cortex_BA9,BRNCTXB,#76a5af,0,/Users/sho3/eqtl/gtex_v11_qtls/Brain_Frontal_Cortex_BA9.v11.eQTLs.signif_pairs.parquet,1118
PYHIN1,Brain_Hippocampus,BRNHPP,#134f5c,0,/Users/sho3/eqtl/gtex_v11_qtls/Brain_Hippocampus.v11.eQTLs.signif_pairs.parquet,1118
PYHIN1,Brain_Hypothalamus,BRNHPT,#45818e,0,/Users/sho3/eqtl/gtex_v11_qtls/Brain_Hypothalamus.v11.eQTLs.signif_pairs.parquet,1118
PYHIN1,Brain_Substantia_nigra,BRNSNG,#073763,0,/Users/sho3/eqtl/gtex_v11_qtls/Brain_Substantia_nigra.v11.eQTLs.signif_pairs.parquet,1118
PYHIN1,Brain_Spinal_cord_cervical_c-1,BRNSPC,#9fc5e8,0,/Users/sho3/eqtl/gtex_v11_qtls/Brain_Spinal_cord_cervical_c-1.v11.eQTLs.signif_pairs.parquet,1118
PYHIN1,Colon_Sigmoid,CLNSGM,#b45f06,0,/Users/sho3/eqtl/gtex_v11_qtls/Colon_Sigmoid.v11.eQTLs.signif_pairs.parquet,1118
PYHIN1,Colon_Transverse,CLNTRN,#e69138,0,/Users/sho3/eqtl/gtex_v11_qtls/Colon_Transverse.v11.eQTLs.signif_pairs.parquet,1118
PYHIN1,Esophagus_Gastroesophageal_Junction,ESPGEJ,#d9ead3,0,/Users/sho3/eqtl/gtex_v11_qtls/Esophagus_Gastroesophageal_Junction.v11.eQTLs.signif_pairs.parquet,1118
PYHIN1,Esophagus_Mucosa,ESPMCS,#93c47d,0,/Users/sho3/eqtl/gtex_v11_qtls/Esophagus_Mucosa.v11.eQTLs.signif_pairs.parquet,1118
PYHIN1,Esophagus_Muscularis,ESPMSL,#6aa84f,0,/Users/sho3/eqtl/gtex_v11_qtls/Esophagus_Muscularis.v11.eQTLs.signif_pairs.parquet,1118
PYHIN1,Heart_Atrial_Appendage,HRTAA,#a64d79,0,/Users/sho3/eqtl/gtex_v11_qtls/Heart_Atrial_Appendage.v11.eQTLs.signif_pairs.parquet,1118
PYHIN1,Heart_Left_Ventricle,HRTLV,#741b47,0,/Users/sho3/eqtl/gtex_v11_qtls/Heart_Left_Ventricle.v11.eQTLs.signif_pairs.parquet,1118
PYHIN1,Kidney_Cortex,KDNCTX,#00ffff,0,/Users/sho3/eqtl/gtex_v11_qtls/Kidney_Cortex.v11.eQTLs.signif_pairs.parquet,1118
PYHIN1,Liver,LIVER,#783f04,0,/Users/sho3/eqtl/gtex_v11_qtls/Liver.v11.eQTLs.signif_pairs.parquet,1118
PYHIN1,Muscle_Skeletal,MSCLSK,#b7b7b7,0,/Users/sho3/eqtl/gtex_v11_qtls/Muscle_Skeletal.v11.eQTLs.signif_pairs.parquet,1118
PYHIN1,Ovary,OVARY,#ff00ff,0,/Users/sho3/eqtl/gtex_v11_qtls/Ovary.v11.eQTLs.signif_pairs.parquet,1118
PYHIN1,Pituitary,PITUTRY,#999999,0,/Users/sho3/eqtl/gtex_v11_qtls/Pituitary.v11.eQTLs.signif_pairs.parquet,1118
PYHIN1,Pancreas,PNCREAS,#f9cb9c,0,/Users/sho3/eqtl/gtex_v11_qtls/Pancreas.v11.eQTLs.signif_pairs.parquet,1118
PYHIN1,Prostate,PRSTTE,#cfe2f3,0,/Users/sho3/eqtl/gtex_v11_qtls/Prostate.v11.eQTLs.signif_pairs.parquet,1118
PYHIN1,Minor_Salivary_Gland,SLVRYG,#d5a6bd,0,/Users/sho3/eqtl/gtex_v11_qtls/Minor_Salivary_Gland.v11.eQTLs.signif_pairs.parquet,1118
PYHIN1,Small_Intestine_Terminal_Ileum,SNTRM,#ffff00,0,/Users/sho3/eqtl/gtex_v11_qtls/Small_Intestine_Terminal_Ileum.v11.eQTLs.signif_pairs.parquet,1118
PYHIN1,Stomach,STMACH,#b45f06,0,/Users/sho3/eqtl/gtex_v11_qtls/Stomach.v11.eQTLs.signif_pairs.parquet,1118
PYHIN1,Uterus,UTERUS,#cc99ff,0,/Users/sho3/eqtl/gtex_v11_qtls/Uterus.v11.eQTLs.signif_pairs.parquet,1118
PYHIN1,Vagina,VAGINA,#ff66cc,0,/Users/sho3/eqtl/gtex_v11_qtls/Vagina.v11.eQTLs.signif_pairs.parquet,1118
NOD2,Whole_Blood,WHLBLD,#cc0000,175,/Users/sho3/eqtl/gtex_v11_qtls/Whole_Blood.v11.eQTLs.signif_pairs.parquet,1009
NOD2,Esophagus_Mucosa,ESPMCS,#93c47d,130,/Users/sho3/eqtl/gtex_v11_qtls/Esophagus_Mucosa.v11.eQTLs.signif_pairs.parquet,1009
NOD2,Nerve_Tibial,NERVET,#ffe599,106,/Users/sho3/eqtl/gtex_v11_qtls/Nerve_Tibial.v11.eQTLs.signif_pairs.parquet,1009
NOD2,Skin_Not_Sun_Exposed_Suprapubic,SKINNS,#ffd966,106,/Users/sho3/eqtl/gtex_v11_qtls/Skin_Not_Sun_Exposed_Suprapubic.v11.eQTLs.signif_pairs.parquet,1009
NOD2,Skin_Sun_Exposed_Lower_leg,SKINS,#f1c232,94,/Users/sho3/eqtl/gtex_v11_qtls/Skin_Sun_Exposed_Lower_leg.v11.eQTLs.signif_pairs.parquet,1009
NOD2,Liver,LIVER,#783f04,67,/Users/sho3/eqtl/gtex_v11_qtls/Liver.v11.eQTLs.signif_pairs.parquet,1009
NOD2,Minor_Salivary_Gland,SLVRYG,#d5a6bd,56,/Users/sho3/eqtl/gtex_v11_qtls/Minor_Salivary_Gland.v11.eQTLs.signif_pairs.parquet,1009
NOD2,Brain_Cerebellum,BRNCHB,#274e13,54,/Users/sho3/eqtl/gtex_v11_qtls/Brain_Cerebellum.v11.eQTLs.signif_pairs.parquet,1009
NOD2,Artery_Tibial,ARTTBL,#f4cccc,44,/Users/sho3/eqtl/gtex_v11_qtls/Artery_Tibial.v11.eQTLs.signif_pairs.parquet,1009
NOD2,Brain_Cerebellar_Hemisphere,BRNCHA,#b6d7a8,43,/Users/sho3/eqtl/gtex_v11_qtls/Brain_Cerebellar_Hemisphere.v11.eQTLs.signif_pairs.parquet,1009
NOD2,Spleen,SPLEEN,#cc4125,33,/Users/sho3/eqtl/gtex_v11_qtls/Spleen.v11.eQTLs.signif_pairs.parquet,1009
NOD2,Esophagus_Muscularis,ESPMSL,#6aa84f,18,/Users/sho3/eqtl/gtex_v11_qtls/Esophagus_Muscularis.v11.eQTLs.signif_pairs.parquet,1009
NOD2,Artery_Coronary,ARTCRN,#cc0000,17,/Users/sho3/eqtl/gtex_v11_qtls/Artery_Coronary.v11.eQTLs.signif_pairs.parquet,1009
NOD2,Lung,LUNG,#6fa8dc,14,/Users/sho3/eqtl/gtex_v11_qtls/Lung.v11.eQTLs.signif_pairs.parquet,1009
NOD2,Brain_Caudate_basal_ganglia,BRNCDT,#38761d,13,/Users/sho3/eqtl/gtex_v11_qtls/Brain_Caudate_basal_ganglia.v11.eQTLs.signif_pairs.parquet,1009
NOD2,Artery_Aorta,ARTAORT,#e06666,11,/Users/sho3/eqtl/gtex_v11_qtls/Artery_Aorta.v11.eQTLs.signif_pairs.parquet,1009
NOD2,Esophagus_Gastroesophageal_Junction,ESPGEJ,#d9ead3,11,/Users/sho3/eqtl/gtex_v11_qtls/Esophagus_Gastroesophageal_Junction.v11.eQTLs.signif_pairs.parquet,1009
NOD2,Brain_Hippocampus,BRNHPP,#134f5c,4,/Users/sho3/eqtl/gtex_v11_qtls/Brain_Hippocampus.v11.eQTLs.signif_pairs.parquet,1009
NOD2,Adipose_Subcutaneous,ADPSBQ,#f1c232,3,/Users/sho3/eqtl/gtex_v11_qtls/Adipose_Subcutaneous.v11.eQTLs.signif_pairs.parquet,1009
NOD2,Brain_Anterior_cingulate_cortex_BA24,BRNCCC,#6aa84f,3,/Users/sho3/eqtl/gtex_v11_qtls/Brain_Anterior_cingulate_cortex_BA24.v11.eQTLs.signif_pairs.parquet,1009
NOD2,Brain_Cortex,BRNCTXA,#a2c4c9,2,/Users/sho3/eqtl/gtex_v11_qtls/Brain_Cortex.v11.eQTLs.signif_pairs.parquet,1009
NOD2,Colon_Sigmoid,CLNSGM,#b45f06,2,/Users/sho3/eqtl/gtex_v11_qtls/Colon_Sigmoid.v11.eQTLs.signif_pairs.parquet,1009
NOD2,Brain_Hypothalamus,BRNHPT,#45818e,1,/Users/sho3/eqtl/gtex_v11_qtls/Brain_Hypothalamus.v11.eQTLs.signif_pairs.parquet,1009
NOD2,Kidney_Cortex,KDNCTX,#00ffff,1,/Users/sho3/eqtl/gtex_v11_qtls/Kidney_Cortex.v11.eQTLs.signif_pairs.parquet,1009
NOD2,Pituitary,PITUTRY,#999999,1,/Users/sho3/eqtl/gtex_v11_qtls/Pituitary.v11.eQTLs.signif_pairs.parquet,1009
NOD2,Adipose_Visceral_Omentum,ADPVSC,#f6b26b,0,/Users/sho3/eqtl/gtex_v11_qtls/Adipose_Visceral_Omentum.v11.eQTLs.signif_pairs.parquet,1009
NOD2,Adrenal_Gland,ADREN,#8dd3c7,0,/Users/sho3/eqtl/gtex_v11_qtls/Adrenal_Gland.v11.eQTLs.signif_pairs.parquet,1009
NOD2,Bladder,BLDDER,#b4a7d6,0,/Users/sho3/eqtl/gtex_v11_qtls/Bladder.v11.eQTLs.signif_pairs.parquet,1009
NOD2,Breast_Mammary_Tissue,BREAST,#c27ba0,0,/Users/sho3/eqtl/gtex_v11_qtls/Breast_Mammary_Tissue.v11.eQTLs.signif_pairs.parquet,1009
NOD2,Brain_Nucleus_accumbens_basal_ganglia,BRNACC,#0b5394,0,/Users/sho3/eqtl/gtex_v11_qtls/Brain_Nucleus_accumbens_basal_ganglia.v11.eQTLs.signif_pairs.parquet,1009
NOD2,Brain_Amygdala,BRNAMY,#93c47d,0,/Users/sho3/eqtl/gtex_v11_qtls/Brain_Amygdala.v11.eQTLs.signif_pairs.parquet,1009
NOD2,Brain_Frontal_Cortex_BA9,BRNCTXB,#76a5af,0,/Users/sho3/eqtl/gtex_v11_qtls/Brain_Frontal_Cortex_BA9.v11.eQTLs.signif_pairs.parquet,1009
NOD2,Brain_Putamen_basal_ganglia,BRNPTM,#3d85c6,0,/Users/sho3/eqtl/gtex_v11_qtls/Brain_Putamen_basal_ganglia.v11.eQTLs.signif_pairs.parquet,1009
NOD2,Brain_Substantia_nigra,BRNSNG,#073763,0,/Users/sho3/eqtl/gtex_v11_qtls/Brain_Substantia_nigra.v11.eQTLs.signif_pairs.parquet,1009
NOD2,Brain_Spinal_cord_cervical_c-1,BRNSPC,#9fc5e8,0,/Users/sho3/eqtl/gtex_v11_qtls/Brain_Spinal_cord_cervical_c-1.v11.eQTLs.signif_pairs.parquet,1009
NOD2,Colon_Transverse,CLNTRN,#e69138,0,/Users/sho3/eqtl/gtex_v11_qtls/Colon_Transverse.v11.eQTLs.signif_pairs.parquet,1009
NOD2,Cells_Cultured_fibroblasts,FIBRBLS,#674ea7,0,/Users/sho3/eqtl/gtex_v11_qtls/Cells_Cultured_fibroblasts.v11.eQTLs.signif_pairs.parquet,1009
NOD2,Heart_Atrial_Appendage,HRTAA,#a64d79,0,/Users/sho3/eqtl/gtex_v11_qtls/Heart_Atrial_Appendage.v11.eQTLs.signif_pairs.parquet,1009
NOD2,Heart_Left_Ventricle,HRTLV,#741b47,0,/Users/sho3/eqtl/gtex_v11_qtls/Heart_Left_Ventricle.v11.eQTLs.signif_pairs.parquet,1009
NOD2,Cells_EBV-transformed_lymphocytes,LCL,#351c75,0,/Users/sho3/eqtl/gtex_v11_qtls/Cells_EBV-transformed_lymphocytes.v11.eQTLs.signif_pairs.parquet,1009
NOD2,Muscle_Skeletal,MSCLSK,#b7b7b7,0,/Users/sho3/eqtl/gtex_v11_qtls/Muscle_Skeletal.v11.eQTLs.signif_pairs.parquet,1009
NOD2,Ovary,OVARY,#ff00ff,0,/Users/sho3/eqtl/gtex_v11_qtls/Ovary.v11.eQTLs.signif_pairs.parquet,1009
NOD2,Pancreas,PNCREAS,#f9cb9c,0,/Users/sho3/eqtl/gtex_v11_qtls/Pancreas.v11.eQTLs.signif_pairs.parquet,1009
NOD2,Prostate,PRSTTE,#cfe2f3,0,/Users/sho3/eqtl/gtex_v11_qtls/Prostate.v11.eQTLs.signif_pairs.parquet,1009
NOD2,Small_Intestine_Terminal_Ileum,SNTRM,#ffff00,0,/Users/sho3/eqtl/gtex_v11_qtls/Small_Intestine_Terminal_Ileum.v11.eQTLs.signif_pairs.parquet,1009
NOD2,Stomach,STMACH,#b45f06,0,/Users/sho3/eqtl/gtex_v11_qtls/Stomach.v11.eQTLs.signif_pairs.parquet,1009
NOD2,Testis,TESTIS,#e06666,0,/Users/sho3/eqtl/gtex_v11_qtls/Testis.v11.eQTLs.signif_pairs.parquet,1009
NOD2,Thyroid,THYROID,#ff9900,0,/Users/sho3/eqtl/gtex_v11_qtls/Thyroid.v11.eQTLs.signif_pairs.parquet,1009
NOD2,Uterus,UTERUS,#cc99ff,0,/Users/sho3/eqtl/gtex_v11_qtls/Uterus.v11.eQTLs.signif_pairs.parquet,1009
NOD2,Vagina,VAGINA,#ff66cc,0,/Users/sho3/eqtl/gtex_v11_qtls/Vagina.v11.eQTLs.signif_pairs.parquet,1009
PRKDC,Skin_Sun_Exposed_Lower_leg,SKINS,#f1c232,224,/Users/sho3/eqtl/gtex_v11_qtls/Skin_Sun_Exposed_Lower_leg.v11.eQTLs.signif_pairs.parquet,930
PRKDC,Nerve_Tibial,NERVET,#ffe599,204,/Users/sho3/eqtl/gtex_v11_qtls/Nerve_Tibial.v11.eQTLs.signif_pairs.parquet,930
PRKDC,Artery_Tibial,ARTTBL,#f4cccc,170,/Users/sho3/eqtl/gtex_v11_qtls/Artery_Tibial.v11.eQTLs.signif_pairs.parquet,930
PRKDC,Adipose_Subcutaneous,ADPSBQ,#f1c232,159,/Users/sho3/eqtl/gtex_v11_qtls/Adipose_Subcutaneous.v11.eQTLs.signif_pairs.parquet,930
PRKDC,Muscle_Skeletal,MSCLSK,#b7b7b7,107,/Users/sho3/eqtl/gtex_v11_qtls/Muscle_Skeletal.v11.eQTLs.signif_pairs.parquet,930
PRKDC,Artery_Coronary,ARTCRN,#cc0000,16,/Users/sho3/eqtl/gtex_v11_qtls/Artery_Coronary.v11.eQTLs.signif_pairs.parquet,930
PRKDC,Prostate,PRSTTE,#cfe2f3,9,/Users/sho3/eqtl/gtex_v11_qtls/Prostate.v11.eQTLs.signif_pairs.parquet,930
PRKDC,Breast_Mammary_Tissue,BREAST,#c27ba0,7,/Users/sho3/eqtl/gtex_v11_qtls/Breast_Mammary_Tissue.v11.eQTLs.signif_pairs.parquet,930
PRKDC,Brain_Cortex,BRNCTXA,#a2c4c9,6,/Users/sho3/eqtl/gtex_v11_qtls/Brain_Cortex.v11.eQTLs.signif_pairs.parquet,930
PRKDC,Esophagus_Muscularis,ESPMSL,#6aa84f,5,/Users/sho3/eqtl/gtex_v11_qtls/Esophagus_Muscularis.v11.eQTLs.signif_pairs.parquet,930
PRKDC,Lung,LUNG,#6fa8dc,5,/Users/sho3/eqtl/gtex_v11_qtls/Lung.v11.eQTLs.signif_pairs.parquet,930
PRKDC,Skin_Not_Sun_Exposed_Suprapubic,SKINNS,#ffd966,5,/Users/sho3/eqtl/gtex_v11_qtls/Skin_Not_Sun_Exposed_Suprapubic.v11.eQTLs.signif_pairs.parquet,930
PRKDC,Stomach,STMACH,#b45f06,5,/Users/sho3/eqtl/gtex_v11_qtls/Stomach.v11.eQTLs.signif_pairs.parquet,930
PRKDC,Thyroid,THYROID,#ff9900,5,/Users/sho3/eqtl/gtex_v11_qtls/Thyroid.v11.eQTLs.signif_pairs.parquet,930
PRKDC,Artery_Aorta,ARTAORT,#e06666,2,/Users/sho3/eqtl/gtex_v11_qtls/Artery_Aorta.v11.eQTLs.signif_pairs.parquet,930
PRKDC,Cells_Cultured_fibroblasts,FIBRBLS,#674ea7,1,/Users/sho3/eqtl/gtex_v11_qtls/Cells_Cultured_fibroblasts.v11.eQTLs.signif_pairs.parquet,930
PRKDC,Adipose_Visceral_Omentum,ADPVSC,#f6b26b,0,/Users/sho3/eqtl/gtex_v11_qtls/Adipose_Visceral_Omentum.v11.eQTLs.signif_pairs.parquet,930
PRKDC,Adrenal_Gland,ADREN,#8dd3c7,0,/Users/sho3/eqtl/gtex_v11_qtls/Adrenal_Gland.v11.eQTLs.signif_pairs.parquet,930
PRKDC,Bladder,BLDDER,#b4a7d6,0,/Users/sho3/eqtl/gtex_v11_qtls/Bladder.v11.eQTLs.signif_pairs.parquet,930
PRKDC,Brain_Nucleus_accumbens_basal_ganglia,BRNACC,#0b5394,0,/Users/sho3/eqtl/gtex_v11_qtls/Brain_Nucleus_accumbens_basal_ganglia.v11.eQTLs.signif_pairs.parquet,930
PRKDC,Brain_Amygdala,BRNAMY,#93c47d,0,/Users/sho3/eqtl/gtex_v11_qtls/Brain_Amygdala.v11.eQTLs.signif_pairs.parquet,930
PRKDC,Brain_Anterior_cingulate_cortex_BA24,BRNCCC,#6aa84f,0,/Users/sho3/eqtl/gtex_v11_qtls/Brain_Anterior_cingulate_cortex_BA24.v11.eQTLs.signif_pairs.parquet,930
PRKDC,Brain_Caudate_basal_ganglia,BRNCDT,#38761d,0,/Users/sho3/eqtl/gtex_v11_qtls/Brain_Caudate_basal_ganglia.v11.eQTLs.signif_pairs.parquet,930
PRKDC,Brain_Cerebellar_Hemisphere,BRNCHA,#b6d7a8,0,/Users/sho3/eqtl/gtex_v11_qtls/Brain_Cerebellar_Hemisphere.v11.eQTLs.signif_pairs.parquet,930
PRKDC,Brain_Cerebellum,BRNCHB,#274e13,0,/Users/sho3/eqtl/gtex_v11_qtls/Brain_Cerebellum.v11.eQTLs.signif_pairs.parquet,930
PRKDC,Brain_Frontal_Cortex_BA9,BRNCTXB,#76a5af,0,/Users/sho3/eqtl/gtex_v11_qtls/Brain_Frontal_Cortex_BA9.v11.eQTLs.signif_pairs.parquet,930
PRKDC,Brain_Hippocampus,BRNHPP,#134f5c,0,/Users/sho3/eqtl/gtex_v11_qtls/Brain_Hippocampus.v11.eQTLs.signif_pairs.parquet,930
PRKDC,Brain_Hypothalamus,BRNHPT,#45818e,0,/Users/sho3/eqtl/gtex_v11_qtls/Brain_Hypothalamus.v11.eQTLs.signif_pairs.parquet,930
PRKDC,Brain_Putamen_basal_ganglia,BRNPTM,#3d85c6,0,/Users/sho3/eqtl/gtex_v11_qtls/Brain_Putamen_basal_ganglia.v11.eQTLs.signif_pairs.parquet,930
PRKDC,Brain_Substantia_nigra,BRNSNG,#073763,0,/Users/sho3/eqtl/gtex_v11_qtls/Brain_Substantia_nigra.v11.eQTLs.signif_pairs.parquet,930
PRKDC,Brain_Spinal_cord_cervical_c-1,BRNSPC,#9fc5e8,0,/Users/sho3/eqtl/gtex_v11_qtls/Brain_Spinal_cord_cervical_c-1.v11.eQTLs.signif_pairs.parquet,930
PRKDC,Colon_Sigmoid,CLNSGM,#b45f06,0,/Users/sho3/eqtl/gtex_v11_qtls/Colon_Sigmoid.v11.eQTLs.signif_pairs.parquet,930
PRKDC,Colon_Transverse,CLNTRN,#e69138,0,/Users/sho3/eqtl/gtex_v11_qtls/Colon_Transverse.v11.eQTLs.signif_pairs.parquet,930
PRKDC,Esophagus_Gastroesophageal_Junction,ESPGEJ,#d9ead3,0,/Users/sho3/eqtl/gtex_v11_qtls/Esophagus_Gastroesophageal_Junction.v11.eQTLs.signif_pairs.parquet,930
PRKDC,Esophagus_Mucosa,ESPMCS,#93c47d,0,/Users/sho3/eqtl/gtex_v11_qtls/Esophagus_Mucosa.v11.eQTLs.signif_pairs.parquet,930
PRKDC,Heart_Atrial_Appendage,HRTAA,#a64d79,0,/Users/sho3/eqtl/gtex_v11_qtls/Heart_Atrial_Appendage.v11.eQTLs.signif_pairs.parquet,930
PRKDC,Heart_Left_Ventricle,HRTLV,#741b47,0,/Users/sho3/eqtl/gtex_v11_qtls/Heart_Left_Ventricle.v11.eQTLs.signif_pairs.parquet,930
PRKDC,Kidney_Cortex,KDNCTX,#00ffff,0,/Users/sho3/eqtl/gtex_v11_qtls/Kidney_Cortex.v11.eQTLs.signif_pairs.parquet,930
PRKDC,Cells_EBV-transformed_lymphocytes,LCL,#351c75,0,/Users/sho3/eqtl/gtex_v11_qtls/Cells_EBV-transformed_lymphocytes.v11.eQTLs.signif_pairs.parquet,930
PRKDC,Liver,LIVER,#783f04,0,/Users/sho3/eqtl/gtex_v11_qtls/Liver.v11.eQTLs.signif_pairs.parquet,930
PRKDC,Ovary,OVARY,#ff00ff,0,/Users/sho3/eqtl/gtex_v11_qtls/Ovary.v11.eQTLs.signif_pairs.parquet,930
PRKDC,Pituitary,PITUTRY,#999999,0,/Users/sho3/eqtl/gtex_v11_qtls/Pituitary.v11.eQTLs.signif_pairs.parquet,930
PRKDC,Pancreas,PNCREAS,#f9cb9c,0,/Users/sho3/eqtl/gtex_v11_qtls/Pancreas.v11.eQTLs.signif_pairs.parquet,930
PRKDC,Minor_Salivary_Gland,SLVRYG,#d5a6bd,0,/Users/sho3/eqtl/gtex_v11_qtls/Minor_Salivary_Gland.v11.eQTLs.signif_pairs.parquet,930
PRKDC,Small_Intestine_Terminal_Ileum,SNTRM,#ffff00,0,/Users/sho3/eqtl/gtex_v11_qtls/Small_Intestine_Terminal_Ileum.v11.eQTLs.signif_pairs.parquet,930
PRKDC,Spleen,SPLEEN,#cc4125,0,/Users/sho3/eqtl/gtex_v11_qtls/Spleen.v11.eQTLs.signif_pairs.parquet,930
PRKDC,Testis,TESTIS,#e06666,0,/Users/sho3/eqtl/gtex_v11_qtls/Testis.v11.eQTLs.signif_pairs.parquet,930
PRKDC,Uterus,UTERUS,#cc99ff,0,/Users/sho3/eqtl/gtex_v11_qtls/Uterus.v11.eQTLs.signif_pairs.parquet,930
PRKDC,Vagina,VAGINA,#ff66cc,0,/Users/sho3/eqtl/gtex_v11_qtls/Vagina.v11.eQTLs.signif_pairs.parquet,930
PRKDC,Whole_Blood,WHLBLD,#cc0000,0,/Users/sho3/eqtl/gtex_v11_qtls/Whole_Blood.v11.eQTLs.signif_pairs.parquet,930
TLR9,Brain_Cerebellar_Hemisphere,BRNCHA,#b6d7a8,200,/Users/sho3/eqtl/gtex_v11_qtls/Brain_Cerebellar_Hemisphere.v11.eQTLs.signif_pairs.parquet,917
TLR9,Brain_Cerebellum,BRNCHB,#274e13,181,/Users/sho3/eqtl/gtex_v11_qtls/Brain_Cerebellum.v11.eQTLs.signif_pairs.parquet,917
TLR9,Esophagus_Muscularis,ESPMSL,#6aa84f,154,/Users/sho3/eqtl/gtex_v11_qtls/Esophagus_Muscularis.v11.eQTLs.signif_pairs.parquet,917
TLR9,Colon_Sigmoid,CLNSGM,#b45f06,110,/Users/sho3/eqtl/gtex_v11_qtls/Colon_Sigmoid.v11.eQTLs.signif_pairs.parquet,917
TLR9,Thyroid,THYROID,#ff9900,75,/Users/sho3/eqtl/gtex_v11_qtls/Thyroid.v11.eQTLs.signif_pairs.parquet,917
TLR9,Skin_Sun_Exposed_Lower_leg,SKINS,#f1c232,38,/Users/sho3/eqtl/gtex_v11_qtls/Skin_Sun_Exposed_Lower_leg.v11.eQTLs.signif_pairs.parquet,917
TLR9,Skin_Not_Sun_Exposed_Suprapubic,SKINNS,#ffd966,31,/Users/sho3/eqtl/gtex_v11_qtls/Skin_Not_Sun_Exposed_Suprapubic.v11.eQTLs.signif_pairs.parquet,917
TLR9,Artery_Tibial,ARTTBL,#f4cccc,25,/Users/sho3/eqtl/gtex_v11_qtls/Artery_Tibial.v11.eQTLs.signif_pairs.parquet,917
TLR9,Nerve_Tibial,NERVET,#ffe599,25,/Users/sho3/eqtl/gtex_v11_qtls/Nerve_Tibial.v11.eQTLs.signif_pairs.parquet,917
TLR9,Testis,TESTIS,#e06666,23,/Users/sho3/eqtl/gtex_v11_qtls/Testis.v11.eQTLs.signif_pairs.parquet,917
TLR9,Brain_Amygdala,BRNAMY,#93c47d,21,/Users/sho3/eqtl/gtex_v11_qtls/Brain_Amygdala.v11.eQTLs.signif_pairs.parquet,917
TLR9,Lung,LUNG,#6fa8dc,15,/Users/sho3/eqtl/gtex_v11_qtls/Lung.v11.eQTLs.signif_pairs.parquet,917
TLR9,Cells_Cultured_fibroblasts,FIBRBLS,#674ea7,13,/Users/sho3/eqtl/gtex_v11_qtls/Cells_Cultured_fibroblasts.v11.eQTLs.signif_pairs.parquet,917
TLR9,Artery_Aorta,ARTAORT,#e06666,2,/Users/sho3/eqtl/gtex_v11_qtls/Artery_Aorta.v11.eQTLs.signif_pairs.parquet,917
TLR9,Artery_Coronary,ARTCRN,#cc0000,2,/Users/sho3/eqtl/gtex_v11_qtls/Artery_Coronary.v11.eQTLs.signif_pairs.parquet,917
TLR9,Cells_EBV-transformed_lymphocytes,LCL,#351c75,1,/Users/sho3/eqtl/gtex_v11_qtls/Cells_EBV-transformed_lymphocytes.v11.eQTLs.signif_pairs.parquet,917
TLR9,Spleen,SPLEEN,#cc4125,1,/Users/sho3/eqtl/gtex_v11_qtls/Spleen.v11.eQTLs.signif_pairs.parquet,917
TLR9,Adipose_Subcutaneous,ADPSBQ,#f1c232,0,/Users/sho3/eqtl/gtex_v11_qtls/Adipose_Subcutaneous.v11.eQTLs.signif_pairs.parquet,917
TLR9,Adipose_Visceral_Omentum,ADPVSC,#f6b26b,0,/Users/sho3/eqtl/gtex_v11_qtls/Adipose_Visceral_Omentum.v11.eQTLs.signif_pairs.parquet,917
TLR9,Adrenal_Gland,ADREN,#8dd3c7,0,/Users/sho3/eqtl/gtex_v11_qtls/Adrenal_Gland.v11.eQTLs.signif_pairs.parquet,917
TLR9,Bladder,BLDDER,#b4a7d6,0,/Users/sho3/eqtl/gtex_v11_qtls/Bladder.v11.eQTLs.signif_pairs.parquet,917
TLR9,Breast_Mammary_Tissue,BREAST,#c27ba0,0,/Users/sho3/eqtl/gtex_v11_qtls/Breast_Mammary_Tissue.v11.eQTLs.signif_pairs.parquet,917
TLR9,Brain_Nucleus_accumbens_basal_ganglia,BRNACC,#0b5394,0,/Users/sho3/eqtl/gtex_v11_qtls/Brain_Nucleus_accumbens_basal_ganglia.v11.eQTLs.signif_pairs.parquet,917
TLR9,Brain_Anterior_cingulate_cortex_BA24,BRNCCC,#6aa84f,0,/Users/sho3/eqtl/gtex_v11_qtls/Brain_Anterior_cingulate_cortex_BA24.v11.eQTLs.signif_pairs.parquet,917
TLR9,Brain_Caudate_basal_ganglia,BRNCDT,#38761d,0,/Users/sho3/eqtl/gtex_v11_qtls/Brain_Caudate_basal_ganglia.v11.eQTLs.signif_pairs.parquet,917
TLR9,Brain_Cortex,BRNCTXA,#a2c4c9,0,/Users/sho3/eqtl/gtex_v11_qtls/Brain_Cortex.v11.eQTLs.signif_pairs.parquet,917
TLR9,Brain_Frontal_Cortex_BA9,BRNCTXB,#76a5af,0,/Users/sho3/eqtl/gtex_v11_qtls/Brain_Frontal_Cortex_BA9.v11.eQTLs.signif_pairs.parquet,917
TLR9,Brain_Hippocampus,BRNHPP,#134f5c,0,/Users/sho3/eqtl/gtex_v11_qtls/Brain_Hippocampus.v11.eQTLs.signif_pairs.parquet,917
TLR9,Brain_Hypothalamus,BRNHPT,#45818e,0,/Users/sho3/eqtl/gtex_v11_qtls/Brain_Hypothalamus.v11.eQTLs.signif_pairs.parquet,917
TLR9,Brain_Putamen_basal_ganglia,BRNPTM,#3d85c6,0,/Users/sho3/eqtl/gtex_v11_qtls/Brain_Putamen_basal_ganglia.v11.eQTLs.signif_pairs.parquet,917
TLR9,Brain_Substantia_nigra,BRNSNG,#073763,0,/Users/sho3/eqtl/gtex_v11_qtls/Brain_Substantia_nigra.v11.eQTLs.signif_pairs.parquet,917
TLR9,Brain_Spinal_cord_cervical_c-1,BRNSPC,#9fc5e8,0,/Users/sho3/eqtl/gtex_v11_qtls/Brain_Spinal_cord_cervical_c-1.v11.eQTLs.signif_pairs.parquet,917
TLR9,Colon_Transverse,CLNTRN,#e69138,0,/Users/sho3/eqtl/gtex_v11_qtls/Colon_Transverse.v11.eQTLs.signif_pairs.parquet,917
TLR9,Esophagus_Gastroesophageal_Junction,ESPGEJ,#d9ead3,0,/Users/sho3/eqtl/gtex_v11_qtls/Esophagus_Gastroesophageal_Junction.v11.eQTLs.signif_pairs.parquet,917
TLR9,Esophagus_Mucosa,ESPMCS,#93c47d,0,/Users/sho3/eqtl/gtex_v11_qtls/Esophagus_Mucosa.v11.eQTLs.signif_pairs.parquet,917
TLR9,Heart_Atrial_Appendage,HRTAA,#a64d79,0,/Users/sho3/eqtl/gtex_v11_qtls/Heart_Atrial_Appendage.v11.eQTLs.signif_pairs.parquet,917
TLR9,Heart_Left_Ventricle,HRTLV,#741b47,0,/Users/sho3/eqtl/gtex_v11_qtls/Heart_Left_Ventricle.v11.eQTLs.signif_pairs.parquet,917
TLR9,Kidney_Cortex,KDNCTX,#00ffff,0,/Users/sho3/eqtl/gtex_v11_qtls/Kidney_Cortex.v11.eQTLs.signif_pairs.parquet,917
TLR9,Liver,LIVER,#783f04,0,/Users/sho3/eqtl/gtex_v11_qtls/Liver.v11.eQTLs.signif_pairs.parquet,917
TLR9,Muscle_Skeletal,MSCLSK,#b7b7b7,0,/Users/sho3/eqtl/gtex_v11_qtls/Muscle_Skeletal.v11.eQTLs.signif_pairs.parquet,917
TLR9,Ovary,OVARY,#ff00ff,0,/Users/sho3/eqtl/gtex_v11_qtls/Ovary.v11.eQTLs.signif_pairs.parquet,917
TLR9,Pituitary,PITUTRY,#999999,0,/Users/sho3/eqtl/gtex_v11_qtls/Pituitary.v11.eQTLs.signif_pairs.parquet,917
TLR9,Pancreas,PNCREAS,#f9cb9c,0,/Users/sho3/eqtl/gtex_v11_qtls/Pancreas.v11.eQTLs.signif_pairs.parquet,917
TLR9,Prostate,PRSTTE,#cfe2f3,0,/Users/sho3/eqtl/gtex_v11_qtls/Prostate.v11.eQTLs.signif_pairs.parquet,917
TLR9,Minor_Salivary_Gland,SLVRYG,#d5a6bd,0,/Users/sho3/eqtl/gtex_v11_qtls/Minor_Salivary_Gland.v11.eQTLs.signif_pairs.parquet,917
TLR9,Small_Intestine_Terminal_Ileum,SNTRM,#ffff00,0,/Users/sho3/eqtl/gtex_v11_qtls/Small_Intestine_Terminal_Ileum.v11.eQTLs.signif_pairs.parquet,917
TLR9,Stomach,STMACH,#b45f06,0,/Users/sho3/eqtl/gtex_v11_qtls/Stomach.v11.eQTLs.signif_pairs.parquet,917
TLR9,Uterus,UTERUS,#cc99ff,0,/Users/sho3/eqtl/gtex_v11_qtls/Uterus.v11.eQTLs.signif_pairs.parquet,917
TLR9,Vagina,VAGINA,#ff66cc,0,/Users/sho3/eqtl/gtex_v11_qtls/Vagina.v11.eQTLs.signif_pairs.parquet,917
TLR9,Whole_Blood,WHLBLD,#cc0000,0,/Users/sho3/eqtl/gtex_v11_qtls/Whole_Blood.v11.eQTLs.signif_pairs.parquet,917
TLR3,Cells_Cultured_fibroblasts,FIBRBLS,#674ea7,122,/Users/sho3/eqtl/gtex_v11_qtls/Cells_Cultured_fibroblasts.v11.eQTLs.signif_pairs.parquet,644
TLR3,Esophagus_Mucosa,ESPMCS,#93c47d,80,/Users/sho3/eqtl/gtex_v11_qtls/Esophagus_Mucosa.v11.eQTLs.signif_pairs.parquet,644
TLR3,Adipose_Subcutaneous,ADPSBQ,#f1c232,72,/Users/sho3/eqtl/gtex_v11_qtls/Adipose_Subcutaneous.v11.eQTLs.signif_pairs.parquet,644
TLR3,Skin_Not_Sun_Exposed_Suprapubic,SKINNS,#ffd966,54,/Users/sho3/eqtl/gtex_v11_qtls/Skin_Not_Sun_Exposed_Suprapubic.v11.eQTLs.signif_pairs.parquet,644
TLR3,Whole_Blood,WHLBLD,#cc0000,45,/Users/sho3/eqtl/gtex_v11_qtls/Whole_Blood.v11.eQTLs.signif_pairs.parquet,644
TLR3,Heart_Atrial_Appendage,HRTAA,#a64d79,36,/Users/sho3/eqtl/gtex_v11_qtls/Heart_Atrial_Appendage.v11.eQTLs.signif_pairs.parquet,644
TLR3,Colon_Sigmoid,CLNSGM,#b45f06,27,/Users/sho3/eqtl/gtex_v11_qtls/Colon_Sigmoid.v11.eQTLs.signif_pairs.parquet,644
TLR3,Skin_Sun_Exposed_Lower_leg,SKINS,#f1c232,27,/Users/sho3/eqtl/gtex_v11_qtls/Skin_Sun_Exposed_Lower_leg.v11.eQTLs.signif_pairs.parquet,644
TLR3,Artery_Tibial,ARTTBL,#f4cccc,24,/Users/sho3/eqtl/gtex_v11_qtls/Artery_Tibial.v11.eQTLs.signif_pairs.parquet,644
TLR3,Breast_Mammary_Tissue,BREAST,#c27ba0,24,/Users/sho3/eqtl/gtex_v11_qtls/Breast_Mammary_Tissue.v11.eQTLs.signif_pairs.parquet,644
TLR3,Adipose_Visceral_Omentum,ADPVSC,#f6b26b,21,/Users/sho3/eqtl/gtex_v11_qtls/Adipose_Visceral_Omentum.v11.eQTLs.signif_pairs.parquet,644
TLR3,Esophagus_Muscularis,ESPMSL,#6aa84f,21,/Users/sho3/eqtl/gtex_v11_qtls/Esophagus_Muscularis.v11.eQTLs.signif_pairs.parquet,644
TLR3,Esophagus_Gastroesophageal_Junction,ESPGEJ,#d9ead3,17,/Users/sho3/eqtl/gtex_v11_qtls/Esophagus_Gastroesophageal_Junction.v11.eQTLs.signif_pairs.parquet,644
TLR3,Thyroid,THYROID,#ff9900,16,/Users/sho3/eqtl/gtex_v11_qtls/Thyroid.v11.eQTLs.signif_pairs.parquet,644
TLR3,Pancreas,PNCREAS,#f9cb9c,13,/Users/sho3/eqtl/gtex_v11_qtls/Pancreas.v11.eQTLs.signif_pairs.parquet,644
TLR3,Brain_Caudate_basal_ganglia,BRNCDT,#38761d,11,/Users/sho3/eqtl/gtex_v11_qtls/Brain_Caudate_basal_ganglia.v11.eQTLs.signif_pairs.parquet,644
TLR3,Nerve_Tibial,NERVET,#ffe599,10,/Users/sho3/eqtl/gtex_v11_qtls/Nerve_Tibial.v11.eQTLs.signif_pairs.parquet,644
TLR3,Testis,TESTIS,#e06666,10,/Users/sho3/eqtl/gtex_v11_qtls/Testis.v11.eQTLs.signif_pairs.parquet,644
TLR3,Artery_Aorta,ARTAORT,#e06666,3,/Users/sho3/eqtl/gtex_v11_qtls/Artery_Aorta.v11.eQTLs.signif_pairs.parquet,644
TLR3,Brain_Nucleus_accumbens_basal_ganglia,BRNACC,#0b5394,3,/Users/sho3/eqtl/gtex_v11_qtls/Brain_Nucleus_accumbens_basal_ganglia.v11.eQTLs.signif_pairs.parquet,644
TLR3,Stomach,STMACH,#b45f06,3,/Users/sho3/eqtl/gtex_v11_qtls/Stomach.v11.eQTLs.signif_pairs.parquet,644
TLR3,Cells_EBV-transformed_lymphocytes,LCL,#351c75,2,/Users/sho3/eqtl/gtex_v11_qtls/Cells_EBV-transformed_lymphocytes.v11.eQTLs.signif_pairs.parquet,644
TLR3,Liver,LIVER,#783f04,2,/Users/sho3/eqtl/gtex_v11_qtls/Liver.v11.eQTLs.signif_pairs.parquet,644
TLR3,Heart_Left_Ventricle,HRTLV,#741b47,1,/Users/sho3/eqtl/gtex_v11_qtls/Heart_Left_Ventricle.v11.eQTLs.signif_pairs.parquet,644
TLR3,Adrenal_Gland,ADREN,#8dd3c7,0,/Users/sho3/eqtl/gtex_v11_qtls/Adrenal_Gland.v11.eQTLs.signif_pairs.parquet,644
TLR3,Artery_Coronary,ARTCRN,#cc0000,0,/Users/sho3/eqtl/gtex_v11_qtls/Artery_Coronary.v11.eQTLs.signif_pairs.parquet,644
TLR3,Bladder,BLDDER,#b4a7d6,0,/Users/sho3/eqtl/gtex_v11_qtls/Bladder.v11.eQTLs.signif_pairs.parquet,644
TLR3,Brain_Amygdala,BRNAMY,#93c47d,0,/Users/sho3/eqtl/gtex_v11_qtls/Brain_Amygdala.v11.eQTLs.signif_pairs.parquet,644
TLR3,Brain_Anterior_cingulate_cortex_BA24,BRNCCC,#6aa84f,0,/Users/sho3/eqtl/gtex_v11_qtls/Brain_Anterior_cingulate_cortex_BA24.v11.eQTLs.signif_pairs.parquet,644
TLR3,Brain_Cerebellar_Hemisphere,BRNCHA,#b6d7a8,0,/Users/sho3/eqtl/gtex_v11_qtls/Brain_Cerebellar_Hemisphere.v11.eQTLs.signif_pairs.parquet,644
TLR3,Brain_Cerebellum,BRNCHB,#274e13,0,/Users/sho3/eqtl/gtex_v11_qtls/Brain_Cerebellum.v11.eQTLs.signif_pairs.parquet,644
TLR3,Brain_Cortex,BRNCTXA,#a2c4c9,0,/Users/sho3/eqtl/gtex_v11_qtls/Brain_Cortex.v11.eQTLs.signif_pairs.parquet,644
TLR3,Brain_Frontal_Cortex_BA9,BRNCTXB,#76a5af,0,/Users/sho3/eqtl/gtex_v11_qtls/Brain_Frontal_Cortex_BA9.v11.eQTLs.signif_pairs.parquet,644
TLR3,Brain_Hippocampus,BRNHPP,#134f5c,0,/Users/sho3/eqtl/gtex_v11_qtls/Brain_Hippocampus.v11.eQTLs.signif_pairs.parquet,644
TLR3,Brain_Hypothalamus,BRNHPT,#45818e,0,/Users/sho3/eqtl/gtex_v11_qtls/Brain_Hypothalamus.v11.eQTLs.signif_pairs.parquet,644
TLR3,Brain_Putamen_basal_ganglia,BRNPTM,#3d85c6,0,/Users/sho3/eqtl/gtex_v11_qtls/Brain_Putamen_basal_ganglia.v11.eQTLs.signif_pairs.parquet,644
TLR3,Brain_Substantia_nigra,BRNSNG,#073763,0,/Users/sho3/eqtl/gtex_v11_qtls/Brain_Substantia_nigra.v11.eQTLs.signif_pairs.parquet,644
TLR3,Brain_Spinal_cord_cervical_c-1,BRNSPC,#9fc5e8,0,/Users/sho3/eqtl/gtex_v11_qtls/Brain_Spinal_cord_cervical_c-1.v11.eQTLs.signif_pairs.parquet,644
TLR3,Colon_Transverse,CLNTRN,#e69138,0,/Users/sho3/eqtl/gtex_v11_qtls/Colon_Transverse.v11.eQTLs.signif_pairs.parquet,644
TLR3,Kidney_Cortex,KDNCTX,#00ffff,0,/Users/sho3/eqtl/gtex_v11_qtls/Kidney_Cortex.v11.eQTLs.signif_pairs.parquet,644
TLR3,Lung,LUNG,#6fa8dc,0,/Users/sho3/eqtl/gtex_v11_qtls/Lung.v11.eQTLs.signif_pairs.parquet,644
TLR3,Muscle_Skeletal,MSCLSK,#b7b7b7,0,/Users/sho3/eqtl/gtex_v11_qtls/Muscle_Skeletal.v11.eQTLs.signif_pairs.parquet,644
TLR3,Ovary,OVARY,#ff00ff,0,/Users/sho3/eqtl/gtex_v11_qtls/Ovary.v11.eQTLs.signif_pairs.parquet,644
TLR3,Pituitary,PITUTRY,#999999,0,/Users/sho3/eqtl/gtex_v11_qtls/Pituitary.v11.eQTLs.signif_pairs.parquet,644
TLR3,Prostate,PRSTTE,#cfe2f3,0,/Users/sho3/eqtl/gtex_v11_qtls/Prostate.v11.eQTLs.signif_pairs.parquet,644
TLR3,Minor_Salivary_Gland,SLVRYG,#d5a6bd,0,/Users/sho3/eqtl/gtex_v11_qtls/Minor_Salivary_Gland.v11.eQTLs.signif_pairs.parquet,644
TLR3,Small_Intestine_Terminal_Ileum,SNTRM,#ffff00,0,/Users/sho3/eqtl/gtex_v11_qtls/Small_Intestine_Terminal_Ileum.v11.eQTLs.signif_pairs.parquet,644
TLR3,Spleen,SPLEEN,#cc4125,0,/Users/sho3/eqtl/gtex_v11_qtls/Spleen.v11.eQTLs.signif_pairs.parquet,644
TLR3,Uterus,UTERUS,#cc99ff,0,/Users/sho3/eqtl/gtex_v11_qtls/Uterus.v11.eQTLs.signif_pairs.parquet,644
TLR3,Vagina,VAGINA,#ff66cc,0,/Users/sho3/eqtl/gtex_v11_qtls/Vagina.v11.eQTLs.signif_pairs.parquet,644
ZC3HAV1,Whole_Blood,WHLBLD,#cc0000,197,/Users/sho3/eqtl/gtex_v11_qtls/Whole_Blood.v11.eQTLs.signif_pairs.parquet,613
ZC3HAV1,Cells_Cultured_fibroblasts,FIBRBLS,#674ea7,175,/Users/sho3/eqtl/gtex_v11_qtls/Cells_Cultured_fibroblasts.v11.eQTLs.signif_pairs.parquet,613
ZC3HAV1,Nerve_Tibial,NERVET,#ffe599,151,/Users/sho3/eqtl/gtex_v11_qtls/Nerve_Tibial.v11.eQTLs.signif_pairs.parquet,613
ZC3HAV1,Cells_EBV-transformed_lymphocytes,LCL,#351c75,42,/Users/sho3/eqtl/gtex_v11_qtls/Cells_EBV-transformed_lymphocytes.v11.eQTLs.signif_pairs.parquet,613
ZC3HAV1,Artery_Tibial,ARTTBL,#f4cccc,15,/Users/sho3/eqtl/gtex_v11_qtls/Artery_Tibial.v11.eQTLs.signif_pairs.parquet,613
ZC3HAV1,Brain_Spinal_cord_cervical_c-1,BRNSPC,#9fc5e8,11,/Users/sho3/eqtl/gtex_v11_qtls/Brain_Spinal_cord_cervical_c-1.v11.eQTLs.signif_pairs.parquet,613
ZC3HAV1,Artery_Aorta,ARTAORT,#e06666,8,/Users/sho3/eqtl/gtex_v11_qtls/Artery_Aorta.v11.eQTLs.signif_pairs.parquet,613
ZC3HAV1,Brain_Putamen_basal_ganglia,BRNPTM,#3d85c6,4,/Users/sho3/eqtl/gtex_v11_qtls/Brain_Putamen_basal_ganglia.v11.eQTLs.signif_pairs.parquet,613
ZC3HAV1,Heart_Left_Ventricle,HRTLV,#741b47,4,/Users/sho3/eqtl/gtex_v11_qtls/Heart_Left_Ventricle.v11.eQTLs.signif_pairs.parquet,613
ZC3HAV1,Brain_Caudate_basal_ganglia,BRNCDT,#38761d,3,/Users/sho3/eqtl/gtex_v11_qtls/Brain_Caudate_basal_ganglia.v11.eQTLs.signif_pairs.parquet,613
ZC3HAV1,Brain_Anterior_cingulate_cortex_BA24,BRNCCC,#6aa84f,2,/Users/sho3/eqtl/gtex_v11_qtls/Brain_Anterior_cingulate_cortex_BA24.v11.eQTLs.signif_pairs.parquet,613
ZC3HAV1,Testis,TESTIS,#e06666,1,/Users/sho3/eqtl/gtex_v11_qtls/Testis.v11.eQTLs.signif_pairs.parquet,613
ZC3HAV1,Adipose_Subcutaneous,ADPSBQ,#f1c232,0,/Users/sho3/eqtl/gtex_v11_qtls/Adipose_Subcutaneous.v11.eQTLs.signif_pairs.parquet,613
ZC3HAV1,Adipose_Visceral_Omentum,ADPVSC,#f6b26b,0,/Users/sho3/eqtl/gtex_v11_qtls/Adipose_Visceral_Omentum.v11.eQTLs.signif_pairs.parquet,613
ZC3HAV1,Adrenal_Gland,ADREN,#8dd3c7,0,/Users/sho3/eqtl/gtex_v11_qtls/Adrenal_Gland.v11.eQTLs.signif_pairs.parquet,613
ZC3HAV1,Artery_Coronary,ARTCRN,#cc0000,0,/Users/sho3/eqtl/gtex_v11_qtls/Artery_Coronary.v11.eQTLs.signif_pairs.parquet,613
ZC3HAV1,Bladder,BLDDER,#b4a7d6,0,/Users/sho3/eqtl/gtex_v11_qtls/Bladder.v11.eQTLs.signif_pairs.parquet,613
ZC3HAV1,Breast_Mammary_Tissue,BREAST,#c27ba0,0,/Users/sho3/eqtl/gtex_v11_qtls/Breast_Mammary_Tissue.v11.eQTLs.signif_pairs.parquet,613
ZC3HAV1,Brain_Nucleus_accumbens_basal_ganglia,BRNACC,#0b5394,0,/Users/sho3/eqtl/gtex_v11_qtls/Brain_Nucleus_accumbens_basal_ganglia.v11.eQTLs.signif_pairs.parquet,613
ZC3HAV1,Brain_Amygdala,BRNAMY,#93c47d,0,/Users/sho3/eqtl/gtex_v11_qtls/Brain_Amygdala.v11.eQTLs.signif_pairs.parquet,613
ZC3HAV1,Brain_Cerebellar_Hemisphere,BRNCHA,#b6d7a8,0,/Users/sho3/eqtl/gtex_v11_qtls/Brain_Cerebellar_Hemisphere.v11.eQTLs.signif_pairs.parquet,613
ZC3HAV1,Brain_Cerebellum,BRNCHB,#274e13,0,/Users/sho3/eqtl/gtex_v11_qtls/Brain_Cerebellum.v11.eQTLs.signif_pairs.parquet,613
ZC3HAV1,Brain_Cortex,BRNCTXA,#a2c4c9,0,/Users/sho3/eqtl/gtex_v11_qtls/Brain_Cortex.v11.eQTLs.signif_pairs.parquet,613
ZC3HAV1,Brain_Frontal_Cortex_BA9,BRNCTXB,#76a5af,0,/Users/sho3/eqtl/gtex_v11_qtls/Brain_Frontal_Cortex_BA9.v11.eQTLs.signif_pairs.parquet,613
ZC3HAV1,Brain_Hippocampus,BRNHPP,#134f5c,0,/Users/sho3/eqtl/gtex_v11_qtls/Brain_Hippocampus.v11.eQTLs.signif_pairs.parquet,613
ZC3HAV1,Brain_Hypothalamus,BRNHPT,#45818e,0,/Users/sho3/eqtl/gtex_v11_qtls/Brain_Hypothalamus.v11.eQTLs.signif_pairs.parquet,613
ZC3HAV1,Brain_Substantia_nigra,BRNSNG,#073763,0,/Users/sho3/eqtl/gtex_v11_qtls/Brain_Substantia_nigra.v11.eQTLs.signif_pairs.parquet,613
ZC3HAV1,Colon_Sigmoid,CLNSGM,#b45f06,0,/Users/sho3/eqtl/gtex_v11_qtls/Colon_Sigmoid.v11.eQTLs.signif_pairs.parquet,613
ZC3HAV1,Colon_Transverse,CLNTRN,#e69138,0,/Users/sho3/eqtl/gtex_v11_qtls/Colon_Transverse.v11.eQTLs.signif_pairs.parquet,613
ZC3HAV1,Esophagus_Gastroesophageal_Junction,ESPGEJ,#d9ead3,0,/Users/sho3/eqtl/gtex_v11_qtls/Esophagus_Gastroesophageal_Junction.v11.eQTLs.signif_pairs.parquet,613
ZC3HAV1,Esophagus_Mucosa,ESPMCS,#93c47d,0,/Users/sho3/eqtl/gtex_v11_qtls/Esophagus_Mucosa.v11.eQTLs.signif_pairs.parquet,613
ZC3HAV1,Esophagus_Muscularis,ESPMSL,#6aa84f,0,/Users/sho3/eqtl/gtex_v11_qtls/Esophagus_Muscularis.v11.eQTLs.signif_pairs.parquet,613
ZC3HAV1,Heart_Atrial_Appendage,HRTAA,#a64d79,0,/Users/sho3/eqtl/gtex_v11_qtls/Heart_Atrial_Appendage.v11.eQTLs.signif_pairs.parquet,613
ZC3HAV1,Kidney_Cortex,KDNCTX,#00ffff,0,/Users/sho3/eqtl/gtex_v11_qtls/Kidney_Cortex.v11.eQTLs.signif_pairs.parquet,613
ZC3HAV1,Liver,LIVER,#783f04,0,/Users/sho3/eqtl/gtex_v11_qtls/Liver.v11.eQTLs.signif_pairs.parquet,613
ZC3HAV1,Lung,LUNG,#6fa8dc,0,/Users/sho3/eqtl/gtex_v11_qtls/Lung.v11.eQTLs.signif_pairs.parquet,613
ZC3HAV1,Muscle_Skeletal,MSCLSK,#b7b7b7,0,/Users/sho3/eqtl/gtex_v11_qtls/Muscle_Skeletal.v11.eQTLs.signif_pairs.parquet,613
ZC3HAV1,Ovary,OVARY,#ff00ff,0,/Users/sho3/eqtl/gtex_v11_qtls/Ovary.v11.eQTLs.signif_pairs.parquet,613
ZC3HAV1,Pituitary,PITUTRY,#999999,0,/Users/sho3/eqtl/gtex_v11_qtls/Pituitary.v11.eQTLs.signif_pairs.parquet,613
ZC3HAV1,Pancreas,PNCREAS,#f9cb9c,0,/Users/sho3/eqtl/gtex_v11_qtls/Pancreas.v11.eQTLs.signif_pairs.parquet,613
ZC3HAV1,Prostate,PRSTTE,#cfe2f3,0,/Users/sho3/eqtl/gtex_v11_qtls/Prostate.v11.eQTLs.signif_pairs.parquet,613
ZC3HAV1,Skin_Not_Sun_Exposed_Suprapubic,SKINNS,#ffd966,0,/Users/sho3/eqtl/gtex_v11_qtls/Skin_Not_Sun_Exposed_Suprapubic.v11.eQTLs.signif_pairs.parquet,613
ZC3HAV1,Skin_Sun_Exposed_Lower_leg,SKINS,#f1c232,0,/Users/sho3/eqtl/gtex_v11_qtls/Skin_Sun_Exposed_Lower_leg.v11.eQTLs.signif_pairs.parquet,613
ZC3HAV1,Minor_Salivary_Gland,SLVRYG,#d5a6bd,0,/Users/sho3/eqtl/gtex_v11_qtls/Minor_Salivary_Gland.v11.eQTLs.signif_pairs.parquet,613
ZC3HAV1,Small_Intestine_Terminal_Ileum,SNTRM,#ffff00,0,/Users/sho3/eqtl/gtex_v11_qtls/Small_Intestine_Terminal_Ileum.v11.eQTLs.signif_pairs.parquet,613
ZC3HAV1,Spleen,SPLEEN,#cc4125,0,/Users/sho3/eqtl/gtex_v11_qtls/Spleen.v11.eQTLs.signif_pairs.parquet,613
ZC3HAV1,Stomach,STMACH,#b45f06,0,/Users/sho3/eqtl/gtex_v11_qtls/Stomach.v11.eQTLs.signif_pairs.parquet,613
ZC3HAV1,Thyroid,THYROID,#ff9900,0,/Users/sho3/eqtl/gtex_v11_qtls/Thyroid.v11.eQTLs.signif_pairs.parquet,613
ZC3HAV1,Uterus,UTERUS,#cc99ff,0,/Users/sho3/eqtl/gtex_v11_qtls/Uterus.v11.eQTLs.signif_pairs.parquet,613
ZC3HAV1,Vagina,VAGINA,#ff66cc,0,/Users/sho3/eqtl/gtex_v11_qtls/Vagina.v11.eQTLs.signif_pairs.parquet,613
OAS2,Cells_Cultured_fibroblasts,FIBRBLS,#674ea7,229,/Users/sho3/eqtl/gtex_v11_qtls/Cells_Cultured_fibroblasts.v11.eQTLs.signif_pairs.parquet,548
OAS2,Thyroid,THYROID,#ff9900,174,/Users/sho3/eqtl/gtex_v11_qtls/Thyroid.v11.eQTLs.signif_pairs.parquet,548
OAS2,Cells_EBV-transformed_lymphocytes,LCL,#351c75,131,/Users/sho3/eqtl/gtex_v11_qtls/Cells_EBV-transformed_lymphocytes.v11.eQTLs.signif_pairs.parquet,548
OAS2,Adipose_Subcutaneous,ADPSBQ,#f1c232,9,/Users/sho3/eqtl/gtex_v11_qtls/Adipose_Subcutaneous.v11.eQTLs.signif_pairs.parquet,548
OAS2,Artery_Tibial,ARTTBL,#f4cccc,2,/Users/sho3/eqtl/gtex_v11_qtls/Artery_Tibial.v11.eQTLs.signif_pairs.parquet,548
OAS2,Brain_Putamen_basal_ganglia,BRNPTM,#3d85c6,2,/Users/sho3/eqtl/gtex_v11_qtls/Brain_Putamen_basal_ganglia.v11.eQTLs.signif_pairs.parquet,548
OAS2,Artery_Aorta,ARTAORT,#e06666,1,/Users/sho3/eqtl/gtex_v11_qtls/Artery_Aorta.v11.eQTLs.signif_pairs.parquet,548
OAS2,Adipose_Visceral_Omentum,ADPVSC,#f6b26b,0,/Users/sho3/eqtl/gtex_v11_qtls/Adipose_Visceral_Omentum.v11.eQTLs.signif_pairs.parquet,548
OAS2,Adrenal_Gland,ADREN,#8dd3c7,0,/Users/sho3/eqtl/gtex_v11_qtls/Adrenal_Gland.v11.eQTLs.signif_pairs.parquet,548
OAS2,Artery_Coronary,ARTCRN,#cc0000,0,/Users/sho3/eqtl/gtex_v11_qtls/Artery_Coronary.v11.eQTLs.signif_pairs.parquet,548
OAS2,Bladder,BLDDER,#b4a7d6,0,/Users/sho3/eqtl/gtex_v11_qtls/Bladder.v11.eQTLs.signif_pairs.parquet,548
OAS2,Breast_Mammary_Tissue,BREAST,#c27ba0,0,/Users/sho3/eqtl/gtex_v11_qtls/Breast_Mammary_Tissue.v11.eQTLs.signif_pairs.parquet,548
OAS2,Brain_Nucleus_accumbens_basal_ganglia,BRNACC,#0b5394,0,/Users/sho3/eqtl/gtex_v11_qtls/Brain_Nucleus_accumbens_basal_ganglia.v11.eQTLs.signif_pairs.parquet,548
OAS2,Brain_Amygdala,BRNAMY,#93c47d,0,/Users/sho3/eqtl/gtex_v11_qtls/Brain_Amygdala.v11.eQTLs.signif_pairs.parquet,548
OAS2,Brain_Anterior_cingulate_cortex_BA24,BRNCCC,#6aa84f,0,/Users/sho3/eqtl/gtex_v11_qtls/Brain_Anterior_cingulate_cortex_BA24.v11.eQTLs.signif_pairs.parquet,548
OAS2,Brain_Caudate_basal_ganglia,BRNCDT,#38761d,0,/Users/sho3/eqtl/gtex_v11_qtls/Brain_Caudate_basal_ganglia.v11.eQTLs.signif_pairs.parquet,548
OAS2,Brain_Cerebellar_Hemisphere,BRNCHA,#b6d7a8,0,/Users/sho3/eqtl/gtex_v11_qtls/Brain_Cerebellar_Hemisphere.v11.eQTLs.signif_pairs.parquet,548
OAS2,Brain_Cerebellum,BRNCHB,#274e13,0,/Users/sho3/eqtl/gtex_v11_qtls/Brain_Cerebellum.v11.eQTLs.signif_pairs.parquet,548
OAS2,Brain_Cortex,BRNCTXA,#a2c4c9,0,/Users/sho3/eqtl/gtex_v11_qtls/Brain_Cortex.v11.eQTLs.signif_pairs.parquet,548
OAS2,Brain_Frontal_Cortex_BA9,BRNCTXB,#76a5af,0,/Users/sho3/eqtl/gtex_v11_qtls/Brain_Frontal_Cortex_BA9.v11.eQTLs.signif_pairs.parquet,548
OAS2,Brain_Hippocampus,BRNHPP,#134f5c,0,/Users/sho3/eqtl/gtex_v11_qtls/Brain_Hippocampus.v11.eQTLs.signif_pairs.parquet,548
OAS2,Brain_Hypothalamus,BRNHPT,#45818e,0,/Users/sho3/eqtl/gtex_v11_qtls/Brain_Hypothalamus.v11.eQTLs.signif_pairs.parquet,548
OAS2,Brain_Substantia_nigra,BRNSNG,#073763,0,/Users/sho3/eqtl/gtex_v11_qtls/Brain_Substantia_nigra.v11.eQTLs.signif_pairs.parquet,548
OAS2,Brain_Spinal_cord_cervical_c-1,BRNSPC,#9fc5e8,0,/Users/sho3/eqtl/gtex_v11_qtls/Brain_Spinal_cord_cervical_c-1.v11.eQTLs.signif_pairs.parquet,548
OAS2,Colon_Sigmoid,CLNSGM,#b45f06,0,/Users/sho3/eqtl/gtex_v11_qtls/Colon_Sigmoid.v11.eQTLs.signif_pairs.parquet,548
OAS2,Colon_Transverse,CLNTRN,#e69138,0,/Users/sho3/eqtl/gtex_v11_qtls/Colon_Transverse.v11.eQTLs.signif_pairs.parquet,548
OAS2,Esophagus_Gastroesophageal_Junction,ESPGEJ,#d9ead3,0,/Users/sho3/eqtl/gtex_v11_qtls/Esophagus_Gastroesophageal_Junction.v11.eQTLs.signif_pairs.parquet,548
OAS2,Esophagus_Mucosa,ESPMCS,#93c47d,0,/Users/sho3/eqtl/gtex_v11_qtls/Esophagus_Mucosa.v11.eQTLs.signif_pairs.parquet,548
OAS2,Esophagus_Muscularis,ESPMSL,#6aa84f,0,/Users/sho3/eqtl/gtex_v11_qtls/Esophagus_Muscularis.v11.eQTLs.signif_pairs.parquet,548
OAS2,Heart_Atrial_Appendage,HRTAA,#a64d79,0,/Users/sho3/eqtl/gtex_v11_qtls/Heart_Atrial_Appendage.v11.eQTLs.signif_pairs.parquet,548
OAS2,Heart_Left_Ventricle,HRTLV,#741b47,0,/Users/sho3/eqtl/gtex_v11_qtls/Heart_Left_Ventricle.v11.eQTLs.signif_pairs.parquet,548
OAS2,Kidney_Cortex,KDNCTX,#00ffff,0,/Users/sho3/eqtl/gtex_v11_qtls/Kidney_Cortex.v11.eQTLs.signif_pairs.parquet,548
OAS2,Liver,LIVER,#783f04,0,/Users/sho3/eqtl/gtex_v11_qtls/Liver.v11.eQTLs.signif_pairs.parquet,548
OAS2,Lung,LUNG,#6fa8dc,0,/Users/sho3/eqtl/gtex_v11_qtls/Lung.v11.eQTLs.signif_pairs.parquet,548
OAS2,Muscle_Skeletal,MSCLSK,#b7b7b7,0,/Users/sho3/eqtl/gtex_v11_qtls/Muscle_Skeletal.v11.eQTLs.signif_pairs.parquet,548
OAS2,Nerve_Tibial,NERVET,#ffe599,0,/Users/sho3/eqtl/gtex_v11_qtls/Nerve_Tibial.v11.eQTLs.signif_pairs.parquet,548
OAS2,Ovary,OVARY,#ff00ff,0,/Users/sho3/eqtl/gtex_v11_qtls/Ovary.v11.eQTLs.signif_pairs.parquet,548
OAS2,Pituitary,PITUTRY,#999999,0,/Users/sho3/eqtl/gtex_v11_qtls/Pituitary.v11.eQTLs.signif_pairs.parquet,548
OAS2,Pancreas,PNCREAS,#f9cb9c,0,/Users/sho3/eqtl/gtex_v11_qtls/Pancreas.v11.eQTLs.signif_pairs.parquet,548
OAS2,Prostate,PRSTTE,#cfe2f3,0,/Users/sho3/eqtl/gtex_v11_qtls/Prostate.v11.eQTLs.signif_pairs.parquet,548
OAS2,Skin_Not_Sun_Exposed_Suprapubic,SKINNS,#ffd966,0,/Users/sho3/eqtl/gtex_v11_qtls/Skin_Not_Sun_Exposed_Suprapubic.v11.eQTLs.signif_pairs.parquet,548
OAS2,Skin_Sun_Exposed_Lower_leg,SKINS,#f1c232,0,/Users/sho3/eqtl/gtex_v11_qtls/Skin_Sun_Exposed_Lower_leg.v11.eQTLs.signif_pairs.parquet,548
OAS2,Minor_Salivary_Gland,SLVRYG,#d5a6bd,0,/Users/sho3/eqtl/gtex_v11_qtls/Minor_Salivary_Gland.v11.eQTLs.signif_pairs.parquet,548
OAS2,Small_Intestine_Terminal_Ileum,SNTRM,#ffff00,0,/Users/sho3/eqtl/gtex_v11_qtls/Small_Intestine_Terminal_Ileum.v11.eQTLs.signif_pairs.parquet,548
OAS2,Spleen,SPLEEN,#cc4125,0,/Users/sho3/eqtl/gtex_v11_qtls/Spleen.v11.eQTLs.signif_pairs.parquet,548
OAS2,Stomach,STMACH,#b45f06,0,/Users/sho3/eqtl/gtex_v11_qtls/Stomach.v11.eQTLs.signif_pairs.parquet,548
OAS2,Testis,TESTIS,#e06666,0,/Users/sho3/eqtl/gtex_v11_qtls/Testis.v11.eQTLs.signif_pairs.parquet,548
OAS2,Uterus,UTERUS,#cc99ff,0,/Users/sho3/eqtl/gtex_v11_qtls/Uterus.v11.eQTLs.signif_pairs.parquet,548
OAS2,Vagina,VAGINA,#ff66cc,0,/Users/sho3/eqtl/gtex_v11_qtls/Vagina.v11.eQTLs.signif_pairs.parquet,548
OAS2,Whole_Blood,WHLBLD,#cc0000,0,/Users/sho3/eqtl/gtex_v11_qtls/Whole_Blood.v11.eQTLs.signif_pairs.parquet,548
DHX33,Muscle_Skeletal,MSCLSK,#b7b7b7,217,/Users/sho3/eqtl/gtex_v11_qtls/Muscle_Skeletal.v11.eQTLs.signif_pairs.parquet,538
DHX33,Cells_Cultured_fibroblasts,FIBRBLS,#674ea7,139,/Users/sho3/eqtl/gtex_v11_qtls/Cells_Cultured_fibroblasts.v11.eQTLs.signif_pairs.parquet,538
DHX33,Whole_Blood,WHLBLD,#cc0000,63,/Users/sho3/eqtl/gtex_v11_qtls/Whole_Blood.v11.eQTLs.signif_pairs.parquet,538
DHX33,Liver,LIVER,#783f04,36,/Users/sho3/eqtl/gtex_v11_qtls/Liver.v11.eQTLs.signif_pairs.parquet,538
DHX33,Esophagus_Mucosa,ESPMCS,#93c47d,32,/Users/sho3/eqtl/gtex_v11_qtls/Esophagus_Mucosa.v11.eQTLs.signif_pairs.parquet,538
DHX33,Nerve_Tibial,NERVET,#ffe599,25,/Users/sho3/eqtl/gtex_v11_qtls/Nerve_Tibial.v11.eQTLs.signif_pairs.parquet,538
DHX33,Skin_Not_Sun_Exposed_Suprapubic,SKINNS,#ffd966,8,/Users/sho3/eqtl/gtex_v11_qtls/Skin_Not_Sun_Exposed_Suprapubic.v11.eQTLs.signif_pairs.parquet,538
DHX33,Cells_EBV-transformed_lymphocytes,LCL,#351c75,6,/Users/sho3/eqtl/gtex_v11_qtls/Cells_EBV-transformed_lymphocytes.v11.eQTLs.signif_pairs.parquet,538
DHX33,Skin_Sun_Exposed_Lower_leg,SKINS,#f1c232,5,/Users/sho3/eqtl/gtex_v11_qtls/Skin_Sun_Exposed_Lower_leg.v11.eQTLs.signif_pairs.parquet,538
DHX33,Testis,TESTIS,#e06666,5,/Users/sho3/eqtl/gtex_v11_qtls/Testis.v11.eQTLs.signif_pairs.parquet,538
DHX33,Brain_Caudate_basal_ganglia,BRNCDT,#38761d,1,/Users/sho3/eqtl/gtex_v11_qtls/Brain_Caudate_basal_ganglia.v11.eQTLs.signif_pairs.parquet,538
DHX33,Colon_Transverse,CLNTRN,#e69138,1,/Users/sho3/eqtl/gtex_v11_qtls/Colon_Transverse.v11.eQTLs.signif_pairs.parquet,538
DHX33,Adipose_Subcutaneous,ADPSBQ,#f1c232,0,/Users/sho3/eqtl/gtex_v11_qtls/Adipose_Subcutaneous.v11.eQTLs.signif_pairs.parquet,538
DHX33,Adipose_Visceral_Omentum,ADPVSC,#f6b26b,0,/Users/sho3/eqtl/gtex_v11_qtls/Adipose_Visceral_Omentum.v11.eQTLs.signif_pairs.parquet,538
DHX33,Adrenal_Gland,ADREN,#8dd3c7,0,/Users/sho3/eqtl/gtex_v11_qtls/Adrenal_Gland.v11.eQTLs.signif_pairs.parquet,538
DHX33,Artery_Aorta,ARTAORT,#e06666,0,/Users/sho3/eqtl/gtex_v11_qtls/Artery_Aorta.v11.eQTLs.signif_pairs.parquet,538
DHX33,Artery_Coronary,ARTCRN,#cc0000,0,/Users/sho3/eqtl/gtex_v11_qtls/Artery_Coronary.v11.eQTLs.signif_pairs.parquet,538
DHX33,Artery_Tibial,ARTTBL,#f4cccc,0,/Users/sho3/eqtl/gtex_v11_qtls/Artery_Tibial.v11.eQTLs.signif_pairs.parquet,538
DHX33,Bladder,BLDDER,#b4a7d6,0,/Users/sho3/eqtl/gtex_v11_qtls/Bladder.v11.eQTLs.signif_pairs.parquet,538
DHX33,Breast_Mammary_Tissue,BREAST,#c27ba0,0,/Users/sho3/eqtl/gtex_v11_qtls/Breast_Mammary_Tissue.v11.eQTLs.signif_pairs.parquet,538
DHX33,Brain_Nucleus_accumbens_basal_ganglia,BRNACC,#0b5394,0,/Users/sho3/eqtl/gtex_v11_qtls/Brain_Nucleus_accumbens_basal_ganglia.v11.eQTLs.signif_pairs.parquet,538
DHX33,Brain_Amygdala,BRNAMY,#93c47d,0,/Users/sho3/eqtl/gtex_v11_qtls/Brain_Amygdala.v11.eQTLs.signif_pairs.parquet,538
DHX33,Brain_Anterior_cingulate_cortex_BA24,BRNCCC,#6aa84f,0,/Users/sho3/eqtl/gtex_v11_qtls/Brain_Anterior_cingulate_cortex_BA24.v11.eQTLs.signif_pairs.parquet,538
DHX33,Brain_Cerebellar_Hemisphere,BRNCHA,#b6d7a8,0,/Users/sho3/eqtl/gtex_v11_qtls/Brain_Cerebellar_Hemisphere.v11.eQTLs.signif_pairs.parquet,538
DHX33,Brain_Cerebellum,BRNCHB,#274e13,0,/Users/sho3/eqtl/gtex_v11_qtls/Brain_Cerebellum.v11.eQTLs.signif_pairs.parquet,538
DHX33,Brain_Cortex,BRNCTXA,#a2c4c9,0,/Users/sho3/eqtl/gtex_v11_qtls/Brain_Cortex.v11.eQTLs.signif_pairs.parquet,538
DHX33,Brain_Frontal_Cortex_BA9,BRNCTXB,#76a5af,0,/Users/sho3/eqtl/gtex_v11_qtls/Brain_Frontal_Cortex_BA9.v11.eQTLs.signif_pairs.parquet,538
DHX33,Brain_Hippocampus,BRNHPP,#134f5c,0,/Users/sho3/eqtl/gtex_v11_qtls/Brain_Hippocampus.v11.eQTLs.signif_pairs.parquet,538
DHX33,Brain_Hypothalamus,BRNHPT,#45818e,0,/Users/sho3/eqtl/gtex_v11_qtls/Brain_Hypothalamus.v11.eQTLs.signif_pairs.parquet,538
DHX33,Brain_Putamen_basal_ganglia,BRNPTM,#3d85c6,0,/Users/sho3/eqtl/gtex_v11_qtls/Brain_Putamen_basal_ganglia.v11.eQTLs.signif_pairs.parquet,538
DHX33,Brain_Substantia_nigra,BRNSNG,#073763,0,/Users/sho3/eqtl/gtex_v11_qtls/Brain_Substantia_nigra.v11.eQTLs.signif_pairs.parquet,538
DHX33,Brain_Spinal_cord_cervical_c-1,BRNSPC,#9fc5e8,0,/Users/sho3/eqtl/gtex_v11_qtls/Brain_Spinal_cord_cervical_c-1.v11.eQTLs.signif_pairs.parquet,538
DHX33,Colon_Sigmoid,CLNSGM,#b45f06,0,/Users/sho3/eqtl/gtex_v11_qtls/Colon_Sigmoid.v11.eQTLs.signif_pairs.parquet,538
DHX33,Esophagus_Gastroesophageal_Junction,ESPGEJ,#d9ead3,0,/Users/sho3/eqtl/gtex_v11_qtls/Esophagus_Gastroesophageal_Junction.v11.eQTLs.signif_pairs.parquet,538
DHX33,Esophagus_Muscularis,ESPMSL,#6aa84f,0,/Users/sho3/eqtl/gtex_v11_qtls/Esophagus_Muscularis.v11.eQTLs.signif_pairs.parquet,538
DHX33,Heart_Atrial_Appendage,HRTAA,#a64d79,0,/Users/sho3/eqtl/gtex_v11_qtls/Heart_Atrial_Appendage.v11.eQTLs.signif_pairs.parquet,538
DHX33,Heart_Left_Ventricle,HRTLV,#741b47,0,/Users/sho3/eqtl/gtex_v11_qtls/Heart_Left_Ventricle.v11.eQTLs.signif_pairs.parquet,538
DHX33,Kidney_Cortex,KDNCTX,#00ffff,0,/Users/sho3/eqtl/gtex_v11_qtls/Kidney_Cortex.v11.eQTLs.signif_pairs.parquet,538
DHX33,Lung,LUNG,#6fa8dc,0,/Users/sho3/eqtl/gtex_v11_qtls/Lung.v11.eQTLs.signif_pairs.parquet,538
DHX33,Ovary,OVARY,#ff00ff,0,/Users/sho3/eqtl/gtex_v11_qtls/Ovary.v11.eQTLs.signif_pairs.parquet,538
DHX33,Pituitary,PITUTRY,#999999,0,/Users/sho3/eqtl/gtex_v11_qtls/Pituitary.v11.eQTLs.signif_pairs.parquet,538
DHX33,Pancreas,PNCREAS,#f9cb9c,0,/Users/sho3/eqtl/gtex_v11_qtls/Pancreas.v11.eQTLs.signif_pairs.parquet,538
DHX33,Prostate,PRSTTE,#cfe2f3,0,/Users/sho3/eqtl/gtex_v11_qtls/Prostate.v11.eQTLs.signif_pairs.parquet,538
DHX33,Minor_Salivary_Gland,SLVRYG,#d5a6bd,0,/Users/sho3/eqtl/gtex_v11_qtls/Minor_Salivary_Gland.v11.eQTLs.signif_pairs.parquet,538
DHX33,Small_Intestine_Terminal_Ileum,SNTRM,#ffff00,0,/Users/sho3/eqtl/gtex_v11_qtls/Small_Intestine_Terminal_Ileum.v11.eQTLs.signif_pairs.parquet,538
DHX33,Spleen,SPLEEN,#cc4125,0,/Users/sho3/eqtl/gtex_v11_qtls/Spleen.v11.eQTLs.signif_pairs.parquet,538
DHX33,Stomach,STMACH,#b45f06,0,/Users/sho3/eqtl/gtex_v11_qtls/Stomach.v11.eQTLs.signif_pairs.parquet,538
DHX33,Thyroid,THYROID,#ff9900,0,/Users/sho3/eqtl/gtex_v11_qtls/Thyroid.v11.eQTLs.signif_pairs.parquet,538
DHX33,Uterus,UTERUS,#cc99ff,0,/Users/sho3/eqtl/gtex_v11_qtls/Uterus.v11.eQTLs.signif_pairs.parquet,538
DHX33,Vagina,VAGINA,#ff66cc,0,/Users/sho3/eqtl/gtex_v11_qtls/Vagina.v11.eQTLs.signif_pairs.parquet,538
TLR8,Adipose_Subcutaneous,ADPSBQ,#f1c232,90,/Users/sho3/eqtl/gtex_v11_qtls/Adipose_Subcutaneous.v11.eQTLs.signif_pairs.parquet,437
TLR8,Breast_Mammary_Tissue,BREAST,#c27ba0,61,/Users/sho3/eqtl/gtex_v11_qtls/Breast_Mammary_Tissue.v11.eQTLs.signif_pairs.parquet,437
TLR8,Whole_Blood,WHLBLD,#cc0000,56,/Users/sho3/eqtl/gtex_v11_qtls/Whole_Blood.v11.eQTLs.signif_pairs.parquet,437
TLR8,Adipose_Visceral_Omentum,ADPVSC,#f6b26b,46,/Users/sho3/eqtl/gtex_v11_qtls/Adipose_Visceral_Omentum.v11.eQTLs.signif_pairs.parquet,437
TLR8,Nerve_Tibial,NERVET,#ffe599,45,/Users/sho3/eqtl/gtex_v11_qtls/Nerve_Tibial.v11.eQTLs.signif_pairs.parquet,437
TLR8,Artery_Tibial,ARTTBL,#f4cccc,35,/Users/sho3/eqtl/gtex_v11_qtls/Artery_Tibial.v11.eQTLs.signif_pairs.parquet,437
TLR8,Brain_Substantia_nigra,BRNSNG,#073763,17,/Users/sho3/eqtl/gtex_v11_qtls/Brain_Substantia_nigra.v11.eQTLs.signif_pairs.parquet,437
TLR8,Skin_Sun_Exposed_Lower_leg,SKINS,#f1c232,16,/Users/sho3/eqtl/gtex_v11_qtls/Skin_Sun_Exposed_Lower_leg.v11.eQTLs.signif_pairs.parquet,437
TLR8,Muscle_Skeletal,MSCLSK,#b7b7b7,15,/Users/sho3/eqtl/gtex_v11_qtls/Muscle_Skeletal.v11.eQTLs.signif_pairs.parquet,437
TLR8,Brain_Amygdala,BRNAMY,#93c47d,13,/Users/sho3/eqtl/gtex_v11_qtls/Brain_Amygdala.v11.eQTLs.signif_pairs.parquet,437
TLR8,Spleen,SPLEEN,#cc4125,12,/Users/sho3/eqtl/gtex_v11_qtls/Spleen.v11.eQTLs.signif_pairs.parquet,437
TLR8,Brain_Nucleus_accumbens_basal_ganglia,BRNACC,#0b5394,8,/Users/sho3/eqtl/gtex_v11_qtls/Brain_Nucleus_accumbens_basal_ganglia.v11.eQTLs.signif_pairs.parquet,437
TLR8,Brain_Anterior_cingulate_cortex_BA24,BRNCCC,#6aa84f,6,/Users/sho3/eqtl/gtex_v11_qtls/Brain_Anterior_cingulate_cortex_BA24.v11.eQTLs.signif_pairs.parquet,437
TLR8,Colon_Transverse,CLNTRN,#e69138,5,/Users/sho3/eqtl/gtex_v11_qtls/Colon_Transverse.v11.eQTLs.signif_pairs.parquet,437
TLR8,Artery_Aorta,ARTAORT,#e06666,3,/Users/sho3/eqtl/gtex_v11_qtls/Artery_Aorta.v11.eQTLs.signif_pairs.parquet,437
TLR8,Brain_Hypothalamus,BRNHPT,#45818e,3,/Users/sho3/eqtl/gtex_v11_qtls/Brain_Hypothalamus.v11.eQTLs.signif_pairs.parquet,437
TLR8,Lung,LUNG,#6fa8dc,3,/Users/sho3/eqtl/gtex_v11_qtls/Lung.v11.eQTLs.signif_pairs.parquet,437
TLR8,Skin_Not_Sun_Exposed_Suprapubic,SKINNS,#ffd966,2,/Users/sho3/eqtl/gtex_v11_qtls/Skin_Not_Sun_Exposed_Suprapubic.v11.eQTLs.signif_pairs.parquet,437
TLR8,Brain_Caudate_basal_ganglia,BRNCDT,#38761d,1,/Users/sho3/eqtl/gtex_v11_qtls/Brain_Caudate_basal_ganglia.v11.eQTLs.signif_pairs.parquet,437
TLR8,Adrenal_Gland,ADREN,#8dd3c7,0,/Users/sho3/eqtl/gtex_v11_qtls/Adrenal_Gland.v11.eQTLs.signif_pairs.parquet,437
TLR8,Artery_Coronary,ARTCRN,#cc0000,0,/Users/sho3/eqtl/gtex_v11_qtls/Artery_Coronary.v11.eQTLs.signif_pairs.parquet,437
TLR8,Bladder,BLDDER,#b4a7d6,0,/Users/sho3/eqtl/gtex_v11_qtls/Bladder.v11.eQTLs.signif_pairs.parquet,437
TLR8,Brain_Cerebellar_Hemisphere,BRNCHA,#b6d7a8,0,/Users/sho3/eqtl/gtex_v11_qtls/Brain_Cerebellar_Hemisphere.v11.eQTLs.signif_pairs.parquet,437
TLR8,Brain_Cerebellum,BRNCHB,#274e13,0,/Users/sho3/eqtl/gtex_v11_qtls/Brain_Cerebellum.v11.eQTLs.signif_pairs.parquet,437
TLR8,Brain_Cortex,BRNCTXA,#a2c4c9,0,/Users/sho3/eqtl/gtex_v11_qtls/Brain_Cortex.v11.eQTLs.signif_pairs.parquet,437
TLR8,Brain_Frontal_Cortex_BA9,BRNCTXB,#76a5af,0,/Users/sho3/eqtl/gtex_v11_qtls/Brain_Frontal_Cortex_BA9.v11.eQTLs.signif_pairs.parquet,437
TLR8,Brain_Hippocampus,BRNHPP,#134f5c,0,/Users/sho3/eqtl/gtex_v11_qtls/Brain_Hippocampus.v11.eQTLs.signif_pairs.parquet,437
TLR8,Brain_Putamen_basal_ganglia,BRNPTM,#3d85c6,0,/Users/sho3/eqtl/gtex_v11_qtls/Brain_Putamen_basal_ganglia.v11.eQTLs.signif_pairs.parquet,437
TLR8,Brain_Spinal_cord_cervical_c-1,BRNSPC,#9fc5e8,0,/Users/sho3/eqtl/gtex_v11_qtls/Brain_Spinal_cord_cervical_c-1.v11.eQTLs.signif_pairs.parquet,437
TLR8,Colon_Sigmoid,CLNSGM,#b45f06,0,/Users/sho3/eqtl/gtex_v11_qtls/Colon_Sigmoid.v11.eQTLs.signif_pairs.parquet,437
TLR8,Esophagus_Gastroesophageal_Junction,ESPGEJ,#d9ead3,0,/Users/sho3/eqtl/gtex_v11_qtls/Esophagus_Gastroesophageal_Junction.v11.eQTLs.signif_pairs.parquet,437
TLR8,Esophagus_Mucosa,ESPMCS,#93c47d,0,/Users/sho3/eqtl/gtex_v11_qtls/Esophagus_Mucosa.v11.eQTLs.signif_pairs.parquet,437
TLR8,Esophagus_Muscularis,ESPMSL,#6aa84f,0,/Users/sho3/eqtl/gtex_v11_qtls/Esophagus_Muscularis.v11.eQTLs.signif_pairs.parquet,437
TLR8,Cells_Cultured_fibroblasts,FIBRBLS,#674ea7,0,/Users/sho3/eqtl/gtex_v11_qtls/Cells_Cultured_fibroblasts.v11.eQTLs.signif_pairs.parquet,437
TLR8,Heart_Atrial_Appendage,HRTAA,#a64d79,0,/Users/sho3/eqtl/gtex_v11_qtls/Heart_Atrial_Appendage.v11.eQTLs.signif_pairs.parquet,437
TLR8,Heart_Left_Ventricle,HRTLV,#741b47,0,/Users/sho3/eqtl/gtex_v11_qtls/Heart_Left_Ventricle.v11.eQTLs.signif_pairs.parquet,437
TLR8,Kidney_Cortex,KDNCTX,#00ffff,0,/Users/sho3/eqtl/gtex_v11_qtls/Kidney_Cortex.v11.eQTLs.signif_pairs.parquet,437
TLR8,Cells_EBV-transformed_lymphocytes,LCL,#351c75,0,/Users/sho3/eqtl/gtex_v11_qtls/Cells_EBV-transformed_lymphocytes.v11.eQTLs.signif_pairs.parquet,437
TLR8,Liver,LIVER,#783f04,0,/Users/sho3/eqtl/gtex_v11_qtls/Liver.v11.eQTLs.signif_pairs.parquet,437
TLR8,Ovary,OVARY,#ff00ff,0,/Users/sho3/eqtl/gtex_v11_qtls/Ovary.v11.eQTLs.signif_pairs.parquet,437
TLR8,Pituitary,PITUTRY,#999999,0,/Users/sho3/eqtl/gtex_v11_qtls/Pituitary.v11.eQTLs.signif_pairs.parquet,437
TLR8,Pancreas,PNCREAS,#f9cb9c,0,/Users/sho3/eqtl/gtex_v11_qtls/Pancreas.v11.eQTLs.signif_pairs.parquet,437
TLR8,Prostate,PRSTTE,#cfe2f3,0,/Users/sho3/eqtl/gtex_v11_qtls/Prostate.v11.eQTLs.signif_pairs.parquet,437
TLR8,Minor_Salivary_Gland,SLVRYG,#d5a6bd,0,/Users/sho3/eqtl/gtex_v11_qtls/Minor_Salivary_Gland.v11.eQTLs.signif_pairs.parquet,437
TLR8,Small_Intestine_Terminal_Ileum,SNTRM,#ffff00,0,/Users/sho3/eqtl/gtex_v11_qtls/Small_Intestine_Terminal_Ileum.v11.eQTLs.signif_pairs.parquet,437
TLR8,Stomach,STMACH,#b45f06,0,/Users/sho3/eqtl/gtex_v11_qtls/Stomach.v11.eQTLs.signif_pairs.parquet,437
TLR8,Testis,TESTIS,#e06666,0,/Users/sho3/eqtl/gtex_v11_qtls/Testis.v11.eQTLs.signif_pairs.parquet,437
TLR8,Thyroid,THYROID,#ff9900,0,/Users/sho3/eqtl/gtex_v11_qtls/Thyroid.v11.eQTLs.signif_pairs.parquet,437
TLR8,Uterus,UTERUS,#cc99ff,0,/Users/sho3/eqtl/gtex_v11_qtls/Uterus.v11.eQTLs.signif_pairs.parquet,437
TLR8,Vagina,VAGINA,#ff66cc,0,/Users/sho3/eqtl/gtex_v11_qtls/Vagina.v11.eQTLs.signif_pairs.parquet,437
IFIH1,Artery_Tibial,ARTTBL,#f4cccc,63,/Users/sho3/eqtl/gtex_v11_qtls/Artery_Tibial.v11.eQTLs.signif_pairs.parquet,410
IFIH1,Minor_Salivary_Gland,SLVRYG,#d5a6bd,46,/Users/sho3/eqtl/gtex_v11_qtls/Minor_Salivary_Gland.v11.eQTLs.signif_pairs.parquet,410
IFIH1,Brain_Nucleus_accumbens_basal_ganglia,BRNACC,#0b5394,32,/Users/sho3/eqtl/gtex_v11_qtls/Brain_Nucleus_accumbens_basal_ganglia.v11.eQTLs.signif_pairs.parquet,410
IFIH1,Brain_Frontal_Cortex_BA9,BRNCTXB,#76a5af,30,/Users/sho3/eqtl/gtex_v11_qtls/Brain_Frontal_Cortex_BA9.v11.eQTLs.signif_pairs.parquet,410
IFIH1,Brain_Caudate_basal_ganglia,BRNCDT,#38761d,22,/Users/sho3/eqtl/gtex_v11_qtls/Brain_Caudate_basal_ganglia.v11.eQTLs.signif_pairs.parquet,410
IFIH1,Whole_Blood,WHLBLD,#cc0000,17,/Users/sho3/eqtl/gtex_v11_qtls/Whole_Blood.v11.eQTLs.signif_pairs.parquet,410
IFIH1,Brain_Cerebellar_Hemisphere,BRNCHA,#b6d7a8,16,/Users/sho3/eqtl/gtex_v11_qtls/Brain_Cerebellar_Hemisphere.v11.eQTLs.signif_pairs.parquet,410
IFIH1,Brain_Putamen_basal_ganglia,BRNPTM,#3d85c6,15,/Users/sho3/eqtl/gtex_v11_qtls/Brain_Putamen_basal_ganglia.v11.eQTLs.signif_pairs.parquet,410
IFIH1,Colon_Sigmoid,CLNSGM,#b45f06,14,/Users/sho3/eqtl/gtex_v11_qtls/Colon_Sigmoid.v11.eQTLs.signif_pairs.parquet,410
IFIH1,Adipose_Subcutaneous,ADPSBQ,#f1c232,13,/Users/sho3/eqtl/gtex_v11_qtls/Adipose_Subcutaneous.v11.eQTLs.signif_pairs.parquet,410
IFIH1,Brain_Hypothalamus,BRNHPT,#45818e,13,/Users/sho3/eqtl/gtex_v11_qtls/Brain_Hypothalamus.v11.eQTLs.signif_pairs.parquet,410
IFIH1,Liver,LIVER,#783f04,13,/Users/sho3/eqtl/gtex_v11_qtls/Liver.v11.eQTLs.signif_pairs.parquet,410
IFIH1,Adipose_Visceral_Omentum,ADPVSC,#f6b26b,11,/Users/sho3/eqtl/gtex_v11_qtls/Adipose_Visceral_Omentum.v11.eQTLs.signif_pairs.parquet,410
IFIH1,Brain_Cortex,BRNCTXA,#a2c4c9,11,/Users/sho3/eqtl/gtex_v11_qtls/Brain_Cortex.v11.eQTLs.signif_pairs.parquet,410
IFIH1,Brain_Spinal_cord_cervical_c-1,BRNSPC,#9fc5e8,11,/Users/sho3/eqtl/gtex_v11_qtls/Brain_Spinal_cord_cervical_c-1.v11.eQTLs.signif_pairs.parquet,410
IFIH1,Lung,LUNG,#6fa8dc,11,/Users/sho3/eqtl/gtex_v11_qtls/Lung.v11.eQTLs.signif_pairs.parquet,410
IFIH1,Skin_Not_Sun_Exposed_Suprapubic,SKINNS,#ffd966,11,/Users/sho3/eqtl/gtex_v11_qtls/Skin_Not_Sun_Exposed_Suprapubic.v11.eQTLs.signif_pairs.parquet,410
IFIH1,Skin_Sun_Exposed_Lower_leg,SKINS,#f1c232,11,/Users/sho3/eqtl/gtex_v11_qtls/Skin_Sun_Exposed_Lower_leg.v11.eQTLs.signif_pairs.parquet,410
IFIH1,Esophagus_Gastroesophageal_Junction,ESPGEJ,#d9ead3,10,/Users/sho3/eqtl/gtex_v11_qtls/Esophagus_Gastroesophageal_Junction.v11.eQTLs.signif_pairs.parquet,410
IFIH1,Thyroid,THYROID,#ff9900,10,/Users/sho3/eqtl/gtex_v11_qtls/Thyroid.v11.eQTLs.signif_pairs.parquet,410
IFIH1,Esophagus_Muscularis,ESPMSL,#6aa84f,7,/Users/sho3/eqtl/gtex_v11_qtls/Esophagus_Muscularis.v11.eQTLs.signif_pairs.parquet,410
IFIH1,Spleen,SPLEEN,#cc4125,7,/Users/sho3/eqtl/gtex_v11_qtls/Spleen.v11.eQTLs.signif_pairs.parquet,410
IFIH1,Heart_Atrial_Appendage,HRTAA,#a64d79,5,/Users/sho3/eqtl/gtex_v11_qtls/Heart_Atrial_Appendage.v11.eQTLs.signif_pairs.parquet,410
IFIH1,Heart_Left_Ventricle,HRTLV,#741b47,5,/Users/sho3/eqtl/gtex_v11_qtls/Heart_Left_Ventricle.v11.eQTLs.signif_pairs.parquet,410
IFIH1,Adrenal_Gland,ADREN,#8dd3c7,4,/Users/sho3/eqtl/gtex_v11_qtls/Adrenal_Gland.v11.eQTLs.signif_pairs.parquet,410
IFIH1,Nerve_Tibial,NERVET,#ffe599,2,/Users/sho3/eqtl/gtex_v11_qtls/Nerve_Tibial.v11.eQTLs.signif_pairs.parquet,410
IFIH1,Artery_Aorta,ARTAORT,#e06666,0,/Users/sho3/eqtl/gtex_v11_qtls/Artery_Aorta.v11.eQTLs.signif_pairs.parquet,410
IFIH1,Artery_Coronary,ARTCRN,#cc0000,0,/Users/sho3/eqtl/gtex_v11_qtls/Artery_Coronary.v11.eQTLs.signif_pairs.parquet,410
IFIH1,Bladder,BLDDER,#b4a7d6,0,/Users/sho3/eqtl/gtex_v11_qtls/Bladder.v11.eQTLs.signif_pairs.parquet,410
IFIH1,Breast_Mammary_Tissue,BREAST,#c27ba0,0,/Users/sho3/eqtl/gtex_v11_qtls/Breast_Mammary_Tissue.v11.eQTLs.signif_pairs.parquet,410
IFIH1,Brain_Amygdala,BRNAMY,#93c47d,0,/Users/sho3/eqtl/gtex_v11_qtls/Brain_Amygdala.v11.eQTLs.signif_pairs.parquet,410
IFIH1,Brain_Anterior_cingulate_cortex_BA24,BRNCCC,#6aa84f,0,/Users/sho3/eqtl/gtex_v11_qtls/Brain_Anterior_cingulate_cortex_BA24.v11.eQTLs.signif_pairs.parquet,410
IFIH1,Brain_Cerebellum,BRNCHB,#274e13,0,/Users/sho3/eqtl/gtex_v11_qtls/Brain_Cerebellum.v11.eQTLs.signif_pairs.parquet,410
IFIH1,Brain_Hippocampus,BRNHPP,#134f5c,0,/Users/sho3/eqtl/gtex_v11_qtls/Brain_Hippocampus.v11.eQTLs.signif_pairs.parquet,410
IFIH1,Brain_Substantia_nigra,BRNSNG,#073763,0,/Users/sho3/eqtl/gtex_v11_qtls/Brain_Substantia_nigra.v11.eQTLs.signif_pairs.parquet,410
IFIH1,Colon_Transverse,CLNTRN,#e69138,0,/Users/sho3/eqtl/gtex_v11_qtls/Colon_Transverse.v11.eQTLs.signif_pairs.parquet,410
IFIH1,Esophagus_Mucosa,ESPMCS,#93c47d,0,/Users/sho3/eqtl/gtex_v11_qtls/Esophagus_Mucosa.v11.eQTLs.signif_pairs.parquet,410
IFIH1,Cells_Cultured_fibroblasts,FIBRBLS,#674ea7,0,/Users/sho3/eqtl/gtex_v11_qtls/Cells_Cultured_fibroblasts.v11.eQTLs.signif_pairs.parquet,410
IFIH1,Kidney_Cortex,KDNCTX,#00ffff,0,/Users/sho3/eqtl/gtex_v11_qtls/Kidney_Cortex.v11.eQTLs.signif_pairs.parquet,410
IFIH1,Cells_EBV-transformed_lymphocytes,LCL,#351c75,0,/Users/sho3/eqtl/gtex_v11_qtls/Cells_EBV-transformed_lymphocytes.v11.eQTLs.signif_pairs.parquet,410
IFIH1,Muscle_Skeletal,MSCLSK,#b7b7b7,0,/Users/sho3/eqtl/gtex_v11_qtls/Muscle_Skeletal.v11.eQTLs.signif_pairs.parquet,410
IFIH1,Ovary,OVARY,#ff00ff,0,/Users/sho3/eqtl/gtex_v11_qtls/Ovary.v11.eQTLs.signif_pairs.parquet,410
IFIH1,Pituitary,PITUTRY,#999999,0,/Users/sho3/eqtl/gtex_v11_qtls/Pituitary.v11.eQTLs.signif_pairs.parquet,410
IFIH1,Pancreas,PNCREAS,#f9cb9c,0,/Users/sho3/eqtl/gtex_v11_qtls/Pancreas.v11.eQTLs.signif_pairs.parquet,410
IFIH1,Prostate,PRSTTE,#cfe2f3,0,/Users/sho3/eqtl/gtex_v11_qtls/Prostate.v11.eQTLs.signif_pairs.parquet,410
IFIH1,Small_Intestine_Terminal_Ileum,SNTRM,#ffff00,0,/Users/sho3/eqtl/gtex_v11_qtls/Small_Intestine_Terminal_Ileum.v11.eQTLs.signif_pairs.parquet,410
IFIH1,Stomach,STMACH,#b45f06,0,/Users/sho3/eqtl/gtex_v11_qtls/Stomach.v11.eQTLs.signif_pairs.parquet,410
IFIH1,Testis,TESTIS,#e06666,0,/Users/sho3/eqtl/gtex_v11_qtls/Testis.v11.eQTLs.signif_pairs.parquet,410
IFIH1,Uterus,UTERUS,#cc99ff,0,/Users/sho3/eqtl/gtex_v11_qtls/Uterus.v11.eQTLs.signif_pairs.parquet,410
IFIH1,Vagina,VAGINA,#ff66cc,0,/Users/sho3/eqtl/gtex_v11_qtls/Vagina.v11.eQTLs.signif_pairs.parquet,410
TLR7,Adipose_Visceral_Omentum,ADPVSC,#f6b26b,47,/Users/sho3/eqtl/gtex_v11_qtls/Adipose_Visceral_Omentum.v11.eQTLs.signif_pairs.parquet,394
TLR7,Esophagus_Muscularis,ESPMSL,#6aa84f,42,/Users/sho3/eqtl/gtex_v11_qtls/Esophagus_Muscularis.v11.eQTLs.signif_pairs.parquet,394
TLR7,Adipose_Subcutaneous,ADPSBQ,#f1c232,37,/Users/sho3/eqtl/gtex_v11_qtls/Adipose_Subcutaneous.v11.eQTLs.signif_pairs.parquet,394
TLR7,Skin_Sun_Exposed_Lower_leg,SKINS,#f1c232,35,/Users/sho3/eqtl/gtex_v11_qtls/Skin_Sun_Exposed_Lower_leg.v11.eQTLs.signif_pairs.parquet,394
TLR7,Breast_Mammary_Tissue,BREAST,#c27ba0,32,/Users/sho3/eqtl/gtex_v11_qtls/Breast_Mammary_Tissue.v11.eQTLs.signif_pairs.parquet,394
TLR7,Whole_Blood,WHLBLD,#cc0000,20,/Users/sho3/eqtl/gtex_v11_qtls/Whole_Blood.v11.eQTLs.signif_pairs.parquet,394
TLR7,Artery_Tibial,ARTTBL,#f4cccc,16,/Users/sho3/eqtl/gtex_v11_qtls/Artery_Tibial.v11.eQTLs.signif_pairs.parquet,394
TLR7,Heart_Left_Ventricle,HRTLV,#741b47,16,/Users/sho3/eqtl/gtex_v11_qtls/Heart_Left_Ventricle.v11.eQTLs.signif_pairs.parquet,394
TLR7,Nerve_Tibial,NERVET,#ffe599,15,/Users/sho3/eqtl/gtex_v11_qtls/Nerve_Tibial.v11.eQTLs.signif_pairs.parquet,394
TLR7,Skin_Not_Sun_Exposed_Suprapubic,SKINNS,#ffd966,15,/Users/sho3/eqtl/gtex_v11_qtls/Skin_Not_Sun_Exposed_Suprapubic.v11.eQTLs.signif_pairs.parquet,394
TLR7,Artery_Aorta,ARTAORT,#e06666,14,/Users/sho3/eqtl/gtex_v11_qtls/Artery_Aorta.v11.eQTLs.signif_pairs.parquet,394
TLR7,Colon_Sigmoid,CLNSGM,#b45f06,14,/Users/sho3/eqtl/gtex_v11_qtls/Colon_Sigmoid.v11.eQTLs.signif_pairs.parquet,394
TLR7,Colon_Transverse,CLNTRN,#e69138,14,/Users/sho3/eqtl/gtex_v11_qtls/Colon_Transverse.v11.eQTLs.signif_pairs.parquet,394
TLR7,Esophagus_Gastroesophageal_Junction,ESPGEJ,#d9ead3,14,/Users/sho3/eqtl/gtex_v11_qtls/Esophagus_Gastroesophageal_Junction.v11.eQTLs.signif_pairs.parquet,394
TLR7,Artery_Coronary,ARTCRN,#cc0000,13,/Users/sho3/eqtl/gtex_v11_qtls/Artery_Coronary.v11.eQTLs.signif_pairs.parquet,394
TLR7,Thyroid,THYROID,#ff9900,13,/Users/sho3/eqtl/gtex_v11_qtls/Thyroid.v11.eQTLs.signif_pairs.parquet,394
TLR7,Adrenal_Gland,ADREN,#8dd3c7,9,/Users/sho3/eqtl/gtex_v11_qtls/Adrenal_Gland.v11.eQTLs.signif_pairs.parquet,394
TLR7,Brain_Hypothalamus,BRNHPT,#45818e,9,/Users/sho3/eqtl/gtex_v11_qtls/Brain_Hypothalamus.v11.eQTLs.signif_pairs.parquet,394
TLR7,Brain_Nucleus_accumbens_basal_ganglia,BRNACC,#0b5394,8,/Users/sho3/eqtl/gtex_v11_qtls/Brain_Nucleus_accumbens_basal_ganglia.v11.eQTLs.signif_pairs.parquet,394
TLR7,Lung,LUNG,#6fa8dc,7,/Users/sho3/eqtl/gtex_v11_qtls/Lung.v11.eQTLs.signif_pairs.parquet,394
TLR7,Minor_Salivary_Gland,SLVRYG,#d5a6bd,3,/Users/sho3/eqtl/gtex_v11_qtls/Minor_Salivary_Gland.v11.eQTLs.signif_pairs.parquet,394
TLR7,Brain_Anterior_cingulate_cortex_BA24,BRNCCC,#6aa84f,1,/Users/sho3/eqtl/gtex_v11_qtls/Brain_Anterior_cingulate_cortex_BA24.v11.eQTLs.signif_pairs.parquet,394
TLR7,Bladder,BLDDER,#b4a7d6,0,/Users/sho3/eqtl/gtex_v11_qtls/Bladder.v11.eQTLs.signif_pairs.parquet,394
TLR7,Brain_Amygdala,BRNAMY,#93c47d,0,/Users/sho3/eqtl/gtex_v11_qtls/Brain_Amygdala.v11.eQTLs.signif_pairs.parquet,394
TLR7,Brain_Caudate_basal_ganglia,BRNCDT,#38761d,0,/Users/sho3/eqtl/gtex_v11_qtls/Brain_Caudate_basal_ganglia.v11.eQTLs.signif_pairs.parquet,394
TLR7,Brain_Cerebellar_Hemisphere,BRNCHA,#b6d7a8,0,/Users/sho3/eqtl/gtex_v11_qtls/Brain_Cerebellar_Hemisphere.v11.eQTLs.signif_pairs.parquet,394
TLR7,Brain_Cerebellum,BRNCHB,#274e13,0,/Users/sho3/eqtl/gtex_v11_qtls/Brain_Cerebellum.v11.eQTLs.signif_pairs.parquet,394
TLR7,Brain_Cortex,BRNCTXA,#a2c4c9,0,/Users/sho3/eqtl/gtex_v11_qtls/Brain_Cortex.v11.eQTLs.signif_pairs.parquet,394
TLR7,Brain_Frontal_Cortex_BA9,BRNCTXB,#76a5af,0,/Users/sho3/eqtl/gtex_v11_qtls/Brain_Frontal_Cortex_BA9.v11.eQTLs.signif_pairs.parquet,394
TLR7,Brain_Hippocampus,BRNHPP,#134f5c,0,/Users/sho3/eqtl/gtex_v11_qtls/Brain_Hippocampus.v11.eQTLs.signif_pairs.parquet,394
TLR7,Brain_Putamen_basal_ganglia,BRNPTM,#3d85c6,0,/Users/sho3/eqtl/gtex_v11_qtls/Brain_Putamen_basal_ganglia.v11.eQTLs.signif_pairs.parquet,394
TLR7,Brain_Substantia_nigra,BRNSNG,#073763,0,/Users/sho3/eqtl/gtex_v11_qtls/Brain_Substantia_nigra.v11.eQTLs.signif_pairs.parquet,394
TLR7,Brain_Spinal_cord_cervical_c-1,BRNSPC,#9fc5e8,0,/Users/sho3/eqtl/gtex_v11_qtls/Brain_Spinal_cord_cervical_c-1.v11.eQTLs.signif_pairs.parquet,394
TLR7,Esophagus_Mucosa,ESPMCS,#93c47d,0,/Users/sho3/eqtl/gtex_v11_qtls/Esophagus_Mucosa.v11.eQTLs.signif_pairs.parquet,394
TLR7,Cells_Cultured_fibroblasts,FIBRBLS,#674ea7,0,/Users/sho3/eqtl/gtex_v11_qtls/Cells_Cultured_fibroblasts.v11.eQTLs.signif_pairs.parquet,394
TLR7,Heart_Atrial_Appendage,HRTAA,#a64d79,0,/Users/sho3/eqtl/gtex_v11_qtls/Heart_Atrial_Appendage.v11.eQTLs.signif_pairs.parquet,394
TLR7,Kidney_Cortex,KDNCTX,#00ffff,0,/Users/sho3/eqtl/gtex_v11_qtls/Kidney_Cortex.v11.eQTLs.signif_pairs.parquet,394
TLR7,Cells_EBV-transformed_lymphocytes,LCL,#351c75,0,/Users/sho3/eqtl/gtex_v11_qtls/Cells_EBV-transformed_lymphocytes.v11.eQTLs.signif_pairs.parquet,394
TLR7,Liver,LIVER,#783f04,0,/Users/sho3/eqtl/gtex_v11_qtls/Liver.v11.eQTLs.signif_pairs.parquet,394
TLR7,Muscle_Skeletal,MSCLSK,#b7b7b7,0,/Users/sho3/eqtl/gtex_v11_qtls/Muscle_Skeletal.v11.eQTLs.signif_pairs.parquet,394
TLR7,Ovary,OVARY,#ff00ff,0,/Users/sho3/eqtl/gtex_v11_qtls/Ovary.v11.eQTLs.signif_pairs.parquet,394
TLR7,Pituitary,PITUTRY,#999999,0,/Users/sho3/eqtl/gtex_v11_qtls/Pituitary.v11.eQTLs.signif_pairs.parquet,394
TLR7,Pancreas,PNCREAS,#f9cb9c,0,/Users/sho3/eqtl/gtex_v11_qtls/Pancreas.v11.eQTLs.signif_pairs.parquet,394
TLR7,Prostate,PRSTTE,#cfe2f3,0,/Users/sho3/eqtl/gtex_v11_qtls/Prostate.v11.eQTLs.signif_pairs.parquet,394
TLR7,Small_Intestine_Terminal_Ileum,SNTRM,#ffff00,0,/Users/sho3/eqtl/gtex_v11_qtls/Small_Intestine_Terminal_Ileum.v11.eQTLs.signif_pairs.parquet,394
TLR7,Spleen,SPLEEN,#cc4125,0,/Users/sho3/eqtl/gtex_v11_qtls/Spleen.v11.eQTLs.signif_pairs.parquet,394
TLR7,Stomach,STMACH,#b45f06,0,/Users/sho3/eqtl/gtex_v11_qtls/Stomach.v11.eQTLs.signif_pairs.parquet,394
TLR7,Testis,TESTIS,#e06666,0,/Users/sho3/eqtl/gtex_v11_qtls/Testis.v11.eQTLs.signif_pairs.parquet,394
TLR7,Uterus,UTERUS,#cc99ff,0,/Users/sho3/eqtl/gtex_v11_qtls/Uterus.v11.eQTLs.signif_pairs.parquet,394
TLR7,Vagina,VAGINA,#ff66cc,0,/Users/sho3/eqtl/gtex_v11_qtls/Vagina.v11.eQTLs.signif_pairs.parquet,394
PQBP1,Cells_Cultured_fibroblasts,FIBRBLS,#674ea7,33,/Users/sho3/eqtl/gtex_v11_qtls/Cells_Cultured_fibroblasts.v11.eQTLs.signif_pairs.parquet,323
PQBP1,Muscle_Skeletal,MSCLSK,#b7b7b7,33,/Users/sho3/eqtl/gtex_v11_qtls/Muscle_Skeletal.v11.eQTLs.signif_pairs.parquet,323
PQBP1,Nerve_Tibial,NERVET,#ffe599,31,/Users/sho3/eqtl/gtex_v11_qtls/Nerve_Tibial.v11.eQTLs.signif_pairs.parquet,323
PQBP1,Artery_Tibial,ARTTBL,#f4cccc,18,/Users/sho3/eqtl/gtex_v11_qtls/Artery_Tibial.v11.eQTLs.signif_pairs.parquet,323
PQBP1,Adipose_Subcutaneous,ADPSBQ,#f1c232,17,/Users/sho3/eqtl/gtex_v11_qtls/Adipose_Subcutaneous.v11.eQTLs.signif_pairs.parquet,323
PQBP1,Thyroid,THYROID,#ff9900,15,/Users/sho3/eqtl/gtex_v11_qtls/Thyroid.v11.eQTLs.signif_pairs.parquet,323
PQBP1,Whole_Blood,WHLBLD,#cc0000,15,/Users/sho3/eqtl/gtex_v11_qtls/Whole_Blood.v11.eQTLs.signif_pairs.parquet,323
PQBP1,Testis,TESTIS,#e06666,13,/Users/sho3/eqtl/gtex_v11_qtls/Testis.v11.eQTLs.signif_pairs.parquet,323
PQBP1,Breast_Mammary_Tissue,BREAST,#c27ba0,11,/Users/sho3/eqtl/gtex_v11_qtls/Breast_Mammary_Tissue.v11.eQTLs.signif_pairs.parquet,323
PQBP1,Adipose_Visceral_Omentum,ADPVSC,#f6b26b,10,/Users/sho3/eqtl/gtex_v11_qtls/Adipose_Visceral_Omentum.v11.eQTLs.signif_pairs.parquet,323
PQBP1,Skin_Sun_Exposed_Lower_leg,SKINS,#f1c232,10,/Users/sho3/eqtl/gtex_v11_qtls/Skin_Sun_Exposed_Lower_leg.v11.eQTLs.signif_pairs.parquet,323
PQBP1,Esophagus_Muscularis,ESPMSL,#6aa84f,9,/Users/sho3/eqtl/gtex_v11_qtls/Esophagus_Muscularis.v11.eQTLs.signif_pairs.parquet,323
PQBP1,Artery_Aorta,ARTAORT,#e06666,8,/Users/sho3/eqtl/gtex_v11_qtls/Artery_Aorta.v11.eQTLs.signif_pairs.parquet,323
PQBP1,Colon_Transverse,CLNTRN,#e69138,8,/Users/sho3/eqtl/gtex_v11_qtls/Colon_Transverse.v11.eQTLs.signif_pairs.parquet,323
PQBP1,Esophagus_Mucosa,ESPMCS,#93c47d,8,/Users/sho3/eqtl/gtex_v11_qtls/Esophagus_Mucosa.v11.eQTLs.signif_pairs.parquet,323
PQBP1,Lung,LUNG,#6fa8dc,8,/Users/sho3/eqtl/gtex_v11_qtls/Lung.v11.eQTLs.signif_pairs.parquet,323
PQBP1,Pituitary,PITUTRY,#999999,8,/Users/sho3/eqtl/gtex_v11_qtls/Pituitary.v11.eQTLs.signif_pairs.parquet,323
PQBP1,Skin_Not_Sun_Exposed_Suprapubic,SKINNS,#ffd966,8,/Users/sho3/eqtl/gtex_v11_qtls/Skin_Not_Sun_Exposed_Suprapubic.v11.eQTLs.signif_pairs.parquet,323
PQBP1,Stomach,STMACH,#b45f06,7,/Users/sho3/eqtl/gtex_v11_qtls/Stomach.v11.eQTLs.signif_pairs.parquet,323
PQBP1,Brain_Cortex,BRNCTXA,#a2c4c9,6,/Users/sho3/eqtl/gtex_v11_qtls/Brain_Cortex.v11.eQTLs.signif_pairs.parquet,323
PQBP1,Adrenal_Gland,ADREN,#8dd3c7,5,/Users/sho3/eqtl/gtex_v11_qtls/Adrenal_Gland.v11.eQTLs.signif_pairs.parquet,323
PQBP1,Brain_Caudate_basal_ganglia,BRNCDT,#38761d,5,/Users/sho3/eqtl/gtex_v11_qtls/Brain_Caudate_basal_ganglia.v11.eQTLs.signif_pairs.parquet,323
PQBP1,Colon_Sigmoid,CLNSGM,#b45f06,5,/Users/sho3/eqtl/gtex_v11_qtls/Colon_Sigmoid.v11.eQTLs.signif_pairs.parquet,323
PQBP1,Heart_Left_Ventricle,HRTLV,#741b47,5,/Users/sho3/eqtl/gtex_v11_qtls/Heart_Left_Ventricle.v11.eQTLs.signif_pairs.parquet,323
PQBP1,Brain_Nucleus_accumbens_basal_ganglia,BRNACC,#0b5394,4,/Users/sho3/eqtl/gtex_v11_qtls/Brain_Nucleus_accumbens_basal_ganglia.v11.eQTLs.signif_pairs.parquet,323
PQBP1,Heart_Atrial_Appendage,HRTAA,#a64d79,4,/Users/sho3/eqtl/gtex_v11_qtls/Heart_Atrial_Appendage.v11.eQTLs.signif_pairs.parquet,323
PQBP1,Small_Intestine_Terminal_Ileum,SNTRM,#ffff00,4,/Users/sho3/eqtl/gtex_v11_qtls/Small_Intestine_Terminal_Ileum.v11.eQTLs.signif_pairs.parquet,323
PQBP1,Spleen,SPLEEN,#cc4125,4,/Users/sho3/eqtl/gtex_v11_qtls/Spleen.v11.eQTLs.signif_pairs.parquet,323
PQBP1,Brain_Hypothalamus,BRNHPT,#45818e,3,/Users/sho3/eqtl/gtex_v11_qtls/Brain_Hypothalamus.v11.eQTLs.signif_pairs.parquet,323
PQBP1,Brain_Putamen_basal_ganglia,BRNPTM,#3d85c6,3,/Users/sho3/eqtl/gtex_v11_qtls/Brain_Putamen_basal_ganglia.v11.eQTLs.signif_pairs.parquet,323
PQBP1,Esophagus_Gastroesophageal_Junction,ESPGEJ,#d9ead3,3,/Users/sho3/eqtl/gtex_v11_qtls/Esophagus_Gastroesophageal_Junction.v11.eQTLs.signif_pairs.parquet,323
PQBP1,Prostate,PRSTTE,#cfe2f3,2,/Users/sho3/eqtl/gtex_v11_qtls/Prostate.v11.eQTLs.signif_pairs.parquet,323
PQBP1,Artery_Coronary,ARTCRN,#cc0000,0,/Users/sho3/eqtl/gtex_v11_qtls/Artery_Coronary.v11.eQTLs.signif_pairs.parquet,323
PQBP1,Bladder,BLDDER,#b4a7d6,0,/Users/sho3/eqtl/gtex_v11_qtls/Bladder.v11.eQTLs.signif_pairs.parquet,323
PQBP1,Brain_Amygdala,BRNAMY,#93c47d,0,/Users/sho3/eqtl/gtex_v11_qtls/Brain_Amygdala.v11.eQTLs.signif_pairs.parquet,323
PQBP1,Brain_Anterior_cingulate_cortex_BA24,BRNCCC,#6aa84f,0,/Users/sho3/eqtl/gtex_v11_qtls/Brain_Anterior_cingulate_cortex_BA24.v11.eQTLs.signif_pairs.parquet,323
PQBP1,Brain_Cerebellar_Hemisphere,BRNCHA,#b6d7a8,0,/Users/sho3/eqtl/gtex_v11_qtls/Brain_Cerebellar_Hemisphere.v11.eQTLs.signif_pairs.parquet,323
PQBP1,Brain_Cerebellum,BRNCHB,#274e13,0,/Users/sho3/eqtl/gtex_v11_qtls/Brain_Cerebellum.v11.eQTLs.signif_pairs.parquet,323
PQBP1,Brain_Frontal_Cortex_BA9,BRNCTXB,#76a5af,0,/Users/sho3/eqtl/gtex_v11_qtls/Brain_Frontal_Cortex_BA9.v11.eQTLs.signif_pairs.parquet,323
PQBP1,Brain_Hippocampus,BRNHPP,#134f5c,0,/Users/sho3/eqtl/gtex_v11_qtls/Brain_Hippocampus.v11.eQTLs.signif_pairs.parquet,323
PQBP1,Brain_Substantia_nigra,BRNSNG,#073763,0,/Users/sho3/eqtl/gtex_v11_qtls/Brain_Substantia_nigra.v11.eQTLs.signif_pairs.parquet,323
PQBP1,Brain_Spinal_cord_cervical_c-1,BRNSPC,#9fc5e8,0,/Users/sho3/eqtl/gtex_v11_qtls/Brain_Spinal_cord_cervical_c-1.v11.eQTLs.signif_pairs.parquet,323
PQBP1,Kidney_Cortex,KDNCTX,#00ffff,0,/Users/sho3/eqtl/gtex_v11_qtls/Kidney_Cortex.v11.eQTLs.signif_pairs.parquet,323
PQBP1,Cells_EBV-transformed_lymphocytes,LCL,#351c75,0,/Users/sho3/eqtl/gtex_v11_qtls/Cells_EBV-transformed_lymphocytes.v11.eQTLs.signif_pairs.parquet,323
PQBP1,Liver,LIVER,#783f04,0,/Users/sho3/eqtl/gtex_v11_qtls/Liver.v11.eQTLs.signif_pairs.parquet,323
PQBP1,Ovary,OVARY,#ff00ff,0,/Users/sho3/eqtl/gtex_v11_qtls/Ovary.v11.eQTLs.signif_pairs.parquet,323
PQBP1,Pancreas,PNCREAS,#f9cb9c,0,/Users/sho3/eqtl/gtex_v11_qtls/Pancreas.v11.eQTLs.signif_pairs.parquet,323
PQBP1,Minor_Salivary_Gland,SLVRYG,#d5a6bd,0,/Users/sho3/eqtl/gtex_v11_qtls/Minor_Salivary_Gland.v11.eQTLs.signif_pairs.parquet,323
PQBP1,Uterus,UTERUS,#cc99ff,0,/Users/sho3/eqtl/gtex_v11_qtls/Uterus.v11.eQTLs.signif_pairs.parquet,323
PQBP1,Vagina,VAGINA,#ff66cc,0,/Users/sho3/eqtl/gtex_v11_qtls/Vagina.v11.eQTLs.signif_pairs.parquet,323
DDX41,Whole_Blood,WHLBLD,#cc0000,31,/Users/sho3/eqtl/gtex_v11_qtls/Whole_Blood.v11.eQTLs.signif_pairs.parquet,203
DDX41,Thyroid,THYROID,#ff9900,28,/Users/sho3/eqtl/gtex_v11_qtls/Thyroid.v11.eQTLs.signif_pairs.parquet,203
DDX41,Esophagus_Mucosa,ESPMCS,#93c47d,16,/Users/sho3/eqtl/gtex_v11_qtls/Esophagus_Mucosa.v11.eQTLs.signif_pairs.parquet,203
DDX41,Brain_Anterior_cingulate_cortex_BA24,BRNCCC,#6aa84f,12,/Users/sho3/eqtl/gtex_v11_qtls/Brain_Anterior_cingulate_cortex_BA24.v11.eQTLs.signif_pairs.parquet,203
DDX41,Skin_Not_Sun_Exposed_Suprapubic,SKINNS,#ffd966,12,/Users/sho3/eqtl/gtex_v11_qtls/Skin_Not_Sun_Exposed_Suprapubic.v11.eQTLs.signif_pairs.parquet,203
DDX41,Brain_Frontal_Cortex_BA9,BRNCTXB,#76a5af,11,/Users/sho3/eqtl/gtex_v11_qtls/Brain_Frontal_Cortex_BA9.v11.eQTLs.signif_pairs.parquet,203
DDX41,Lung,LUNG,#6fa8dc,11,/Users/sho3/eqtl/gtex_v11_qtls/Lung.v11.eQTLs.signif_pairs.parquet,203
DDX41,Cells_Cultured_fibroblasts,FIBRBLS,#674ea7,9,/Users/sho3/eqtl/gtex_v11_qtls/Cells_Cultured_fibroblasts.v11.eQTLs.signif_pairs.parquet,203
DDX41,Brain_Putamen_basal_ganglia,BRNPTM,#3d85c6,8,/Users/sho3/eqtl/gtex_v11_qtls/Brain_Putamen_basal_ganglia.v11.eQTLs.signif_pairs.parquet,203
DDX41,Adipose_Subcutaneous,ADPSBQ,#f1c232,6,/Users/sho3/eqtl/gtex_v11_qtls/Adipose_Subcutaneous.v11.eQTLs.signif_pairs.parquet,203
DDX41,Artery_Tibial,ARTTBL,#f4cccc,6,/Users/sho3/eqtl/gtex_v11_qtls/Artery_Tibial.v11.eQTLs.signif_pairs.parquet,203
DDX41,Brain_Nucleus_accumbens_basal_ganglia,BRNACC,#0b5394,6,/Users/sho3/eqtl/gtex_v11_qtls/Brain_Nucleus_accumbens_basal_ganglia.v11.eQTLs.signif_pairs.parquet,203
DDX41,Nerve_Tibial,NERVET,#ffe599,6,/Users/sho3/eqtl/gtex_v11_qtls/Nerve_Tibial.v11.eQTLs.signif_pairs.parquet,203
DDX41,Brain_Caudate_basal_ganglia,BRNCDT,#38761d,5,/Users/sho3/eqtl/gtex_v11_qtls/Brain_Caudate_basal_ganglia.v11.eQTLs.signif_pairs.parquet,203
DDX41,Heart_Left_Ventricle,HRTLV,#741b47,5,/Users/sho3/eqtl/gtex_v11_qtls/Heart_Left_Ventricle.v11.eQTLs.signif_pairs.parquet,203
DDX41,Muscle_Skeletal,MSCLSK,#b7b7b7,5,/Users/sho3/eqtl/gtex_v11_qtls/Muscle_Skeletal.v11.eQTLs.signif_pairs.parquet,203
DDX41,Skin_Sun_Exposed_Lower_leg,SKINS,#f1c232,5,/Users/sho3/eqtl/gtex_v11_qtls/Skin_Sun_Exposed_Lower_leg.v11.eQTLs.signif_pairs.parquet,203
DDX41,Artery_Aorta,ARTAORT,#e06666,4,/Users/sho3/eqtl/gtex_v11_qtls/Artery_Aorta.v11.eQTLs.signif_pairs.parquet,203
DDX41,Brain_Spinal_cord_cervical_c-1,BRNSPC,#9fc5e8,4,/Users/sho3/eqtl/gtex_v11_qtls/Brain_Spinal_cord_cervical_c-1.v11.eQTLs.signif_pairs.parquet,203
DDX41,Stomach,STMACH,#b45f06,4,/Users/sho3/eqtl/gtex_v11_qtls/Stomach.v11.eQTLs.signif_pairs.parquet,203
DDX41,Brain_Cortex,BRNCTXA,#a2c4c9,3,/Users/sho3/eqtl/gtex_v11_qtls/Brain_Cortex.v11.eQTLs.signif_pairs.parquet,203
DDX41,Esophagus_Muscularis,ESPMSL,#6aa84f,3,/Users/sho3/eqtl/gtex_v11_qtls/Esophagus_Muscularis.v11.eQTLs.signif_pairs.parquet,203
DDX41,Small_Intestine_Terminal_Ileum,SNTRM,#ffff00,2,/Users/sho3/eqtl/gtex_v11_qtls/Small_Intestine_Terminal_Ileum.v11.eQTLs.signif_pairs.parquet,203
DDX41,Ovary,OVARY,#ff00ff,1,/Users/sho3/eqtl/gtex_v11_qtls/Ovary.v11.eQTLs.signif_pairs.parquet,203
DDX41,Adipose_Visceral_Omentum,ADPVSC,#f6b26b,0,/Users/sho3/eqtl/gtex_v11_qtls/Adipose_Visceral_Omentum.v11.eQTLs.signif_pairs.parquet,203
DDX41,Adrenal_Gland,ADREN,#8dd3c7,0,/Users/sho3/eqtl/gtex_v11_qtls/Adrenal_Gland.v11.eQTLs.signif_pairs.parquet,203
DDX41,Artery_Coronary,ARTCRN,#cc0000,0,/Users/sho3/eqtl/gtex_v11_qtls/Artery_Coronary.v11.eQTLs.signif_pairs.parquet,203
DDX41,Bladder,BLDDER,#b4a7d6,0,/Users/sho3/eqtl/gtex_v11_qtls/Bladder.v11.eQTLs.signif_pairs.parquet,203
DDX41,Breast_Mammary_Tissue,BREAST,#c27ba0,0,/Users/sho3/eqtl/gtex_v11_qtls/Breast_Mammary_Tissue.v11.eQTLs.signif_pairs.parquet,203
DDX41,Brain_Amygdala,BRNAMY,#93c47d,0,/Users/sho3/eqtl/gtex_v11_qtls/Brain_Amygdala.v11.eQTLs.signif_pairs.parquet,203
DDX41,Brain_Cerebellar_Hemisphere,BRNCHA,#b6d7a8,0,/Users/sho3/eqtl/gtex_v11_qtls/Brain_Cerebellar_Hemisphere.v11.eQTLs.signif_pairs.parquet,203
DDX41,Brain_Cerebellum,BRNCHB,#274e13,0,/Users/sho3/eqtl/gtex_v11_qtls/Brain_Cerebellum.v11.eQTLs.signif_pairs.parquet,203
DDX41,Brain_Hippocampus,BRNHPP,#134f5c,0,/Users/sho3/eqtl/gtex_v11_qtls/Brain_Hippocampus.v11.eQTLs.signif_pairs.parquet,203
DDX41,Brain_Hypothalamus,BRNHPT,#45818e,0,/Users/sho3/eqtl/gtex_v11_qtls/Brain_Hypothalamus.v11.eQTLs.signif_pairs.parquet,203
DDX41,Brain_Substantia_nigra,BRNSNG,#073763,0,/Users/sho3/eqtl/gtex_v11_qtls/Brain_Substantia_nigra.v11.eQTLs.signif_pairs.parquet,203
DDX41,Colon_Sigmoid,CLNSGM,#b45f06,0,/Users/sho3/eqtl/gtex_v11_qtls/Colon_Sigmoid.v11.eQTLs.signif_pairs.parquet,203
DDX41,Colon_Transverse,CLNTRN,#e69138,0,/Users/sho3/eqtl/gtex_v11_qtls/Colon_Transverse.v11.eQTLs.signif_pairs.parquet,203
DDX41,Esophagus_Gastroesophageal_Junction,ESPGEJ,#d9ead3,0,/Users/sho3/eqtl/gtex_v11_qtls/Esophagus_Gastroesophageal_Junction.v11.eQTLs.signif_pairs.parquet,203
DDX41,Heart_Atrial_Appendage,HRTAA,#a64d79,0,/Users/sho3/eqtl/gtex_v11_qtls/Heart_Atrial_Appendage.v11.eQTLs.signif_pairs.parquet,203
DDX41,Kidney_Cortex,KDNCTX,#00ffff,0,/Users/sho3/eqtl/gtex_v11_qtls/Kidney_Cortex.v11.eQTLs.signif_pairs.parquet,203
DDX41,Cells_EBV-transformed_lymphocytes,LCL,#351c75,0,/Users/sho3/eqtl/gtex_v11_qtls/Cells_EBV-transformed_lymphocytes.v11.eQTLs.signif_pairs.parquet,203
DDX41,Liver,LIVER,#783f04,0,/Users/sho3/eqtl/gtex_v11_qtls/Liver.v11.eQTLs.signif_pairs.parquet,203
DDX41,Pituitary,PITUTRY,#999999,0,/Users/sho3/eqtl/gtex_v11_qtls/Pituitary.v11.eQTLs.signif_pairs.parquet,203
DDX41,Pancreas,PNCREAS,#f9cb9c,0,/Users/sho3/eqtl/gtex_v11_qtls/Pancreas.v11.eQTLs.signif_pairs.parquet,203
DDX41,Prostate,PRSTTE,#cfe2f3,0,/Users/sho3/eqtl/gtex_v11_qtls/Prostate.v11.eQTLs.signif_pairs.parquet,203
DDX41,Minor_Salivary_Gland,SLVRYG,#d5a6bd,0,/Users/sho3/eqtl/gtex_v11_qtls/Minor_Salivary_Gland.v11.eQTLs.signif_pairs.parquet,203
DDX41,Spleen,SPLEEN,#cc4125,0,/Users/sho3/eqtl/gtex_v11_qtls/Spleen.v11.eQTLs.signif_pairs.parquet,203
DDX41,Testis,TESTIS,#e06666,0,/Users/sho3/eqtl/gtex_v11_qtls/Testis.v11.eQTLs.signif_pairs.parquet,203
DDX41,Uterus,UTERUS,#cc99ff,0,/Users/sho3/eqtl/gtex_v11_qtls/Uterus.v11.eQTLs.signif_pairs.parquet,203
DDX41,Vagina,VAGINA,#ff66cc,0,/Users/sho3/eqtl/gtex_v11_qtls/Vagina.v11.eQTLs.signif_pairs.parquet,203
ZCCHC3,Muscle_Skeletal,MSCLSK,#b7b7b7,13,/Users/sho3/eqtl/gtex_v11_qtls/Muscle_Skeletal.v11.eQTLs.signif_pairs.parquet,39
ZCCHC3,Nerve_Tibial,NERVET,#ffe599,9,/Users/sho3/eqtl/gtex_v11_qtls/Nerve_Tibial.v11.eQTLs.signif_pairs.parquet,39
ZCCHC3,Whole_Blood,WHLBLD,#cc0000,4,/Users/sho3/eqtl/gtex_v11_qtls/Whole_Blood.v11.eQTLs.signif_pairs.parquet,39
ZCCHC3,Colon_Transverse,CLNTRN,#e69138,2,/Users/sho3/eqtl/gtex_v11_qtls/Colon_Transverse.v11.eQTLs.signif_pairs.parquet,39
ZCCHC3,Esophagus_Mucosa,ESPMCS,#93c47d,2,/Users/sho3/eqtl/gtex_v11_qtls/Esophagus_Mucosa.v11.eQTLs.signif_pairs.parquet,39
ZCCHC3,Cells_Cultured_fibroblasts,FIBRBLS,#674ea7,2,/Users/sho3/eqtl/gtex_v11_qtls/Cells_Cultured_fibroblasts.v11.eQTLs.signif_pairs.parquet,39
ZCCHC3,Thyroid,THYROID,#ff9900,2,/Users/sho3/eqtl/gtex_v11_qtls/Thyroid.v11.eQTLs.signif_pairs.parquet,39
ZCCHC3,Brain_Caudate_basal_ganglia,BRNCDT,#38761d,1,/Users/sho3/eqtl/gtex_v11_qtls/Brain_Caudate_basal_ganglia.v11.eQTLs.signif_pairs.parquet,39
ZCCHC3,Brain_Putamen_basal_ganglia,BRNPTM,#3d85c6,1,/Users/sho3/eqtl/gtex_v11_qtls/Brain_Putamen_basal_ganglia.v11.eQTLs.signif_pairs.parquet,39
ZCCHC3,Small_Intestine_Terminal_Ileum,SNTRM,#ffff00,1,/Users/sho3/eqtl/gtex_v11_qtls/Small_Intestine_Terminal_Ileum.v11.eQTLs.signif_pairs.parquet,39
ZCCHC3,Spleen,SPLEEN,#cc4125,1,/Users/sho3/eqtl/gtex_v11_qtls/Spleen.v11.eQTLs.signif_pairs.parquet,39
ZCCHC3,Stomach,STMACH,#b45f06,1,/Users/sho3/eqtl/gtex_v11_qtls/Stomach.v11.eQTLs.signif_pairs.parquet,39
ZCCHC3,Adipose_Subcutaneous,ADPSBQ,#f1c232,0,/Users/sho3/eqtl/gtex_v11_qtls/Adipose_Subcutaneous.v11.eQTLs.signif_pairs.parquet,39
ZCCHC3,Adipose_Visceral_Omentum,ADPVSC,#f6b26b,0,/Users/sho3/eqtl/gtex_v11_qtls/Adipose_Visceral_Omentum.v11.eQTLs.signif_pairs.parquet,39
ZCCHC3,Adrenal_Gland,ADREN,#8dd3c7,0,/Users/sho3/eqtl/gtex_v11_qtls/Adrenal_Gland.v11.eQTLs.signif_pairs.parquet,39
ZCCHC3,Artery_Aorta,ARTAORT,#e06666,0,/Users/sho3/eqtl/gtex_v11_qtls/Artery_Aorta.v11.eQTLs.signif_pairs.parquet,39
ZCCHC3,Artery_Coronary,ARTCRN,#cc0000,0,/Users/sho3/eqtl/gtex_v11_qtls/Artery_Coronary.v11.eQTLs.signif_pairs.parquet,39
ZCCHC3,Artery_Tibial,ARTTBL,#f4cccc,0,/Users/sho3/eqtl/gtex_v11_qtls/Artery_Tibial.v11.eQTLs.signif_pairs.parquet,39
ZCCHC3,Bladder,BLDDER,#b4a7d6,0,/Users/sho3/eqtl/gtex_v11_qtls/Bladder.v11.eQTLs.signif_pairs.parquet,39
ZCCHC3,Breast_Mammary_Tissue,BREAST,#c27ba0,0,/Users/sho3/eqtl/gtex_v11_qtls/Breast_Mammary_Tissue.v11.eQTLs.signif_pairs.parquet,39
ZCCHC3,Brain_Nucleus_accumbens_basal_ganglia,BRNACC,#0b5394,0,/Users/sho3/eqtl/gtex_v11_qtls/Brain_Nucleus_accumbens_basal_ganglia.v11.eQTLs.signif_pairs.parquet,39
ZCCHC3,Brain_Amygdala,BRNAMY,#93c47d,0,/Users/sho3/eqtl/gtex_v11_qtls/Brain_Amygdala.v11.eQTLs.signif_pairs.parquet,39
ZCCHC3,Brain_Anterior_cingulate_cortex_BA24,BRNCCC,#6aa84f,0,/Users/sho3/eqtl/gtex_v11_qtls/Brain_Anterior_cingulate_cortex_BA24.v11.eQTLs.signif_pairs.parquet,39
ZCCHC3,Brain_Cerebellar_Hemisphere,BRNCHA,#b6d7a8,0,/Users/sho3/eqtl/gtex_v11_qtls/Brain_Cerebellar_Hemisphere.v11.eQTLs.signif_pairs.parquet,39
ZCCHC3,Brain_Cerebellum,BRNCHB,#274e13,0,/Users/sho3/eqtl/gtex_v11_qtls/Brain_Cerebellum.v11.eQTLs.signif_pairs.parquet,39
ZCCHC3,Brain_Cortex,BRNCTXA,#a2c4c9,0,/Users/sho3/eqtl/gtex_v11_qtls/Brain_Cortex.v11.eQTLs.signif_pairs.parquet,39
ZCCHC3,Brain_Frontal_Cortex_BA9,BRNCTXB,#76a5af,0,/Users/sho3/eqtl/gtex_v11_qtls/Brain_Frontal_Cortex_BA9.v11.eQTLs.signif_pairs.parquet,39
ZCCHC3,Brain_Hippocampus,BRNHPP,#134f5c,0,/Users/sho3/eqtl/gtex_v11_qtls/Brain_Hippocampus.v11.eQTLs.signif_pairs.parquet,39
ZCCHC3,Brain_Hypothalamus,BRNHPT,#45818e,0,/Users/sho3/eqtl/gtex_v11_qtls/Brain_Hypothalamus.v11.eQTLs.signif_pairs.parquet,39
ZCCHC3,Brain_Substantia_nigra,BRNSNG,#073763,0,/Users/sho3/eqtl/gtex_v11_qtls/Brain_Substantia_nigra.v11.eQTLs.signif_pairs.parquet,39
ZCCHC3,Brain_Spinal_cord_cervical_c-1,BRNSPC,#9fc5e8,0,/Users/sho3/eqtl/gtex_v11_qtls/Brain_Spinal_cord_cervical_c-1.v11.eQTLs.signif_pairs.parquet,39
ZCCHC3,Colon_Sigmoid,CLNSGM,#b45f06,0,/Users/sho3/eqtl/gtex_v11_qtls/Colon_Sigmoid.v11.eQTLs.signif_pairs.parquet,39
ZCCHC3,Esophagus_Gastroesophageal_Junction,ESPGEJ,#d9ead3,0,/Users/sho3/eqtl/gtex_v11_qtls/Esophagus_Gastroesophageal_Junction.v11.eQTLs.signif_pairs.parquet,39
ZCCHC3,Esophagus_Muscularis,ESPMSL,#6aa84f,0,/Users/sho3/eqtl/gtex_v11_qtls/Esophagus_Muscularis.v11.eQTLs.signif_pairs.parquet,39
ZCCHC3,Heart_Atrial_Appendage,HRTAA,#a64d79,0,/Users/sho3/eqtl/gtex_v11_qtls/Heart_Atrial_Appendage.v11.eQTLs.signif_pairs.parquet,39
ZCCHC3,Heart_Left_Ventricle,HRTLV,#741b47,0,/Users/sho3/eqtl/gtex_v11_qtls/Heart_Left_Ventricle.v11.eQTLs.signif_pairs.parquet,39
ZCCHC3,Kidney_Cortex,KDNCTX,#00ffff,0,/Users/sho3/eqtl/gtex_v11_qtls/Kidney_Cortex.v11.eQTLs.signif_pairs.parquet,39
ZCCHC3,Cells_EBV-transformed_lymphocytes,LCL,#351c75,0,/Users/sho3/eqtl/gtex_v11_qtls/Cells_EBV-transformed_lymphocytes.v11.eQTLs.signif_pairs.parquet,39
ZCCHC3,Liver,LIVER,#783f04,0,/Users/sho3/eqtl/gtex_v11_qtls/Liver.v11.eQTLs.signif_pairs.parquet,39
ZCCHC3,Lung,LUNG,#6fa8dc,0,/Users/sho3/eqtl/gtex_v11_qtls/Lung.v11.eQTLs.signif_pairs.parquet,39
ZCCHC3,Ovary,OVARY,#ff00ff,0,/Users/sho3/eqtl/gtex_v11_qtls/Ovary.v11.eQTLs.signif_pairs.parquet,39
ZCCHC3,Pituitary,PITUTRY,#999999,0,/Users/sho3/eqtl/gtex_v11_qtls/Pituitary.v11.eQTLs.signif_pairs.parquet,39
ZCCHC3,Pancreas,PNCREAS,#f9cb9c,0,/Users/sho3/eqtl/gtex_v11_qtls/Pancreas.v11.eQTLs.signif_pairs.parquet,39
ZCCHC3,Prostate,PRSTTE,#cfe2f3,0,/Users/sho3/eqtl/gtex_v11_qtls/Prostate.v11.eQTLs.signif_pairs.parquet,39
ZCCHC3,Skin_Not_Sun_Exposed_Suprapubic,SKINNS,#ffd966,0,/Users/sho3/eqtl/gtex_v11_qtls/Skin_Not_Sun_Exposed_Suprapubic.v11.eQTLs.signif_pairs.parquet,39
ZCCHC3,Skin_Sun_Exposed_Lower_leg,SKINS,#f1c232,0,/Users/sho3/eqtl/gtex_v11_qtls/Skin_Sun_Exposed_Lower_leg.v11.eQTLs.signif_pairs.parquet,39
ZCCHC3,Minor_Salivary_Gland,SLVRYG,#d5a6bd,0,/Users/sho3/eqtl/gtex_v11_qtls/Minor_Salivary_Gland.v11.eQTLs.signif_pairs.parquet,39
ZCCHC3,Testis,TESTIS,#e06666,0,/Users/sho3/eqtl/gtex_v11_qtls/Testis.v11.eQTLs.signif_pairs.parquet,39
ZCCHC3,Uterus,UTERUS,#cc99ff,0,/Users/sho3/eqtl/gtex_v11_qtls/Uterus.v11.eQTLs.signif_pairs.parquet,39
ZCCHC3,Vagina,VAGINA,#ff66cc,0,/Users/sho3/eqtl/gtex_v11_qtls/Vagina.v11.eQTLs.signif_pairs.parquet,39
ZBP1,Skin_Sun_Exposed_Lower_leg,SKINS,#f1c232,17,/Users/sho3/eqtl/gtex_v11_qtls/Skin_Sun_Exposed_Lower_leg.v11.eQTLs.signif_pairs.parquet,38
ZBP1,Whole_Blood,WHLBLD,#cc0000,15,/Users/sho3/eqtl/gtex_v11_qtls/Whole_Blood.v11.eQTLs.signif_pairs.parquet,38
ZBP1,Breast_Mammary_Tissue,BREAST,#c27ba0,1,/Users/sho3/eqtl/gtex_v11_qtls/Breast_Mammary_Tissue.v11.eQTLs.signif_pairs.parquet,38
ZBP1,Brain_Putamen_basal_ganglia,BRNPTM,#3d85c6,1,/Users/sho3/eqtl/gtex_v11_qtls/Brain_Putamen_basal_ganglia.v11.eQTLs.signif_pairs.parquet,38
ZBP1,Colon_Transverse,CLNTRN,#e69138,1,/Users/sho3/eqtl/gtex_v11_qtls/Colon_Transverse.v11.eQTLs.signif_pairs.parquet,38
ZBP1,Esophagus_Muscularis,ESPMSL,#6aa84f,1,/Users/sho3/eqtl/gtex_v11_qtls/Esophagus_Muscularis.v11.eQTLs.signif_pairs.parquet,38
ZBP1,Nerve_Tibial,NERVET,#ffe599,1,/Users/sho3/eqtl/gtex_v11_qtls/Nerve_Tibial.v11.eQTLs.signif_pairs.parquet,38
ZBP1,Skin_Not_Sun_Exposed_Suprapubic,SKINNS,#ffd966,1,/Users/sho3/eqtl/gtex_v11_qtls/Skin_Not_Sun_Exposed_Suprapubic.v11.eQTLs.signif_pairs.parquet,38
ZBP1,Adipose_Subcutaneous,ADPSBQ,#f1c232,0,/Users/sho3/eqtl/gtex_v11_qtls/Adipose_Subcutaneous.v11.eQTLs.signif_pairs.parquet,38
ZBP1,Adipose_Visceral_Omentum,ADPVSC,#f6b26b,0,/Users/sho3/eqtl/gtex_v11_qtls/Adipose_Visceral_Omentum.v11.eQTLs.signif_pairs.parquet,38
ZBP1,Adrenal_Gland,ADREN,#8dd3c7,0,/Users/sho3/eqtl/gtex_v11_qtls/Adrenal_Gland.v11.eQTLs.signif_pairs.parquet,38
ZBP1,Artery_Aorta,ARTAORT,#e06666,0,/Users/sho3/eqtl/gtex_v11_qtls/Artery_Aorta.v11.eQTLs.signif_pairs.parquet,38
ZBP1,Artery_Coronary,ARTCRN,#cc0000,0,/Users/sho3/eqtl/gtex_v11_qtls/Artery_Coronary.v11.eQTLs.signif_pairs.parquet,38
ZBP1,Artery_Tibial,ARTTBL,#f4cccc,0,/Users/sho3/eqtl/gtex_v11_qtls/Artery_Tibial.v11.eQTLs.signif_pairs.parquet,38
ZBP1,Bladder,BLDDER,#b4a7d6,0,/Users/sho3/eqtl/gtex_v11_qtls/Bladder.v11.eQTLs.signif_pairs.parquet,38
ZBP1,Brain_Nucleus_accumbens_basal_ganglia,BRNACC,#0b5394,0,/Users/sho3/eqtl/gtex_v11_qtls/Brain_Nucleus_accumbens_basal_ganglia.v11.eQTLs.signif_pairs.parquet,38
ZBP1,Brain_Amygdala,BRNAMY,#93c47d,0,/Users/sho3/eqtl/gtex_v11_qtls/Brain_Amygdala.v11.eQTLs.signif_pairs.parquet,38
ZBP1,Brain_Anterior_cingulate_cortex_BA24,BRNCCC,#6aa84f,0,/Users/sho3/eqtl/gtex_v11_qtls/Brain_Anterior_cingulate_cortex_BA24.v11.eQTLs.signif_pairs.parquet,38
ZBP1,Brain_Caudate_basal_ganglia,BRNCDT,#38761d,0,/Users/sho3/eqtl/gtex_v11_qtls/Brain_Caudate_basal_ganglia.v11.eQTLs.signif_pairs.parquet,38
ZBP1,Brain_Cerebellar_Hemisphere,BRNCHA,#b6d7a8,0,/Users/sho3/eqtl/gtex_v11_qtls/Brain_Cerebellar_Hemisphere.v11.eQTLs.signif_pairs.parquet,38
ZBP1,Brain_Cerebellum,BRNCHB,#274e13,0,/Users/sho3/eqtl/gtex_v11_qtls/Brain_Cerebellum.v11.eQTLs.signif_pairs.parquet,38
ZBP1,Brain_Cortex,BRNCTXA,#a2c4c9,0,/Users/sho3/eqtl/gtex_v11_qtls/Brain_Cortex.v11.eQTLs.signif_pairs.parquet,38
ZBP1,Brain_Frontal_Cortex_BA9,BRNCTXB,#76a5af,0,/Users/sho3/eqtl/gtex_v11_qtls/Brain_Frontal_Cortex_BA9.v11.eQTLs.signif_pairs.parquet,38
ZBP1,Brain_Hippocampus,BRNHPP,#134f5c,0,/Users/sho3/eqtl/gtex_v11_qtls/Brain_Hippocampus.v11.eQTLs.signif_pairs.parquet,38
ZBP1,Brain_Hypothalamus,BRNHPT,#45818e,0,/Users/sho3/eqtl/gtex_v11_qtls/Brain_Hypothalamus.v11.eQTLs.signif_pairs.parquet,38
ZBP1,Brain_Substantia_nigra,BRNSNG,#073763,0,/Users/sho3/eqtl/gtex_v11_qtls/Brain_Substantia_nigra.v11.eQTLs.signif_pairs.parquet,38
ZBP1,Brain_Spinal_cord_cervical_c-1,BRNSPC,#9fc5e8,0,/Users/sho3/eqtl/gtex_v11_qtls/Brain_Spinal_cord_cervical_c-1.v11.eQTLs.signif_pairs.parquet,38
ZBP1,Colon_Sigmoid,CLNSGM,#b45f06,0,/Users/sho3/eqtl/gtex_v11_qtls/Colon_Sigmoid.v11.eQTLs.signif_pairs.parquet,38
ZBP1,Esophagus_Gastroesophageal_Junction,ESPGEJ,#d9ead3,0,/Users/sho3/eqtl/gtex_v11_qtls/Esophagus_Gastroesophageal_Junction.v11.eQTLs.signif_pairs.parquet,38
ZBP1,Esophagus_Mucosa,ESPMCS,#93c47d,0,/Users/sho3/eqtl/gtex_v11_qtls/Esophagus_Mucosa.v11.eQTLs.signif_pairs.parquet,38
ZBP1,Cells_Cultured_fibroblasts,FIBRBLS,#674ea7,0,/Users/sho3/eqtl/gtex_v11_qtls/Cells_Cultured_fibroblasts.v11.eQTLs.signif_pairs.parquet,38
ZBP1,Heart_Atrial_Appendage,HRTAA,#a64d79,0,/Users/sho3/eqtl/gtex_v11_qtls/Heart_Atrial_Appendage.v11.eQTLs.signif_pairs.parquet,38
ZBP1,Heart_Left_Ventricle,HRTLV,#741b47,0,/Users/sho3/eqtl/gtex_v11_qtls/Heart_Left_Ventricle.v11.eQTLs.signif_pairs.parquet,38
ZBP1,Kidney_Cortex,KDNCTX,#00ffff,0,/Users/sho3/eqtl/gtex_v11_qtls/Kidney_Cortex.v11.eQTLs.signif_pairs.parquet,38
ZBP1,Cells_EBV-transformed_lymphocytes,LCL,#351c75,0,/Users/sho3/eqtl/gtex_v11_qtls/Cells_EBV-transformed_lymphocytes.v11.eQTLs.signif_pairs.parquet,38
ZBP1,Liver,LIVER,#783f04,0,/Users/sho3/eqtl/gtex_v11_qtls/Liver.v11.eQTLs.signif_pairs.parquet,38
ZBP1,Lung,LUNG,#6fa8dc,0,/Users/sho3/eqtl/gtex_v11_qtls/Lung.v11.eQTLs.signif_pairs.parquet,38
ZBP1,Muscle_Skeletal,MSCLSK,#b7b7b7,0,/Users/sho3/eqtl/gtex_v11_qtls/Muscle_Skeletal.v11.eQTLs.signif_pairs.parquet,38
ZBP1,Ovary,OVARY,#ff00ff,0,/Users/sho3/eqtl/gtex_v11_qtls/Ovary.v11.eQTLs.signif_pairs.parquet,38
ZBP1,Pituitary,PITUTRY,#999999,0,/Users/sho3/eqtl/gtex_v11_qtls/Pituitary.v11.eQTLs.signif_pairs.parquet,38
ZBP1,Pancreas,PNCREAS,#f9cb9c,0,/Users/sho3/eqtl/gtex_v11_qtls/Pancreas.v11.eQTLs.signif_pairs.parquet,38
ZBP1,Prostate,PRSTTE,#cfe2f3,0,/Users/sho3/eqtl/gtex_v11_qtls/Prostate.v11.eQTLs.signif_pairs.parquet,38
ZBP1,Minor_Salivary_Gland,SLVRYG,#d5a6bd,0,/Users/sho3/eqtl/gtex_v11_qtls/Minor_Salivary_Gland.v11.eQTLs.signif_pairs.parquet,38
ZBP1,Small_Intestine_Terminal_Ileum,SNTRM,#ffff00,0,/Users/sho3/eqtl/gtex_v11_qtls/Small_Intestine_Terminal_Ileum.v11.eQTLs.signif_pairs.parquet,38
ZBP1,Spleen,SPLEEN,#cc4125,0,/Users/sho3/eqtl/gtex_v11_qtls/Spleen.v11.eQTLs.signif_pairs.parquet,38
ZBP1,Stomach,STMACH,#b45f06,0,/Users/sho3/eqtl/gtex_v11_qtls/Stomach.v11.eQTLs.signif_pairs.parquet,38
ZBP1,Testis,TESTIS,#e06666,0,/Users/sho3/eqtl/gtex_v11_qtls/Testis.v11.eQTLs.signif_pairs.parquet,38
ZBP1,Thyroid,THYROID,#ff9900,0,/Users/sho3/eqtl/gtex_v11_qtls/Thyroid.v11.eQTLs.signif_pairs.parquet,38
ZBP1,Uterus,UTERUS,#cc99ff,0,/Users/sho3/eqtl/gtex_v11_qtls/Uterus.v11.eQTLs.signif_pairs.parquet,38
ZBP1,Vagina,VAGINA,#ff66cc,0,/Users/sho3/eqtl/gtex_v11_qtls/Vagina.v11.eQTLs.signif_pairs.parquet,38
HNRNPA2B1,Muscle_Skeletal,MSCLSK,#b7b7b7,14,/Users/sho3/eqtl/gtex_v11_qtls/Muscle_Skeletal.v11.eQTLs.signif_pairs.parquet,30
HNRNPA2B1,Cells_EBV-transformed_lymphocytes,LCL,#351c75,10,/Users/sho3/eqtl/gtex_v11_qtls/Cells_EBV-transformed_lymphocytes.v11.eQTLs.signif_pairs.parquet,30
HNRNPA2B1,Artery_Aorta,ARTAORT,#e06666,2,/Users/sho3/eqtl/gtex_v11_qtls/Artery_Aorta.v11.eQTLs.signif_pairs.parquet,30
HNRNPA2B1,Brain_Cortex,BRNCTXA,#a2c4c9,2,/Users/sho3/eqtl/gtex_v11_qtls/Brain_Cortex.v11.eQTLs.signif_pairs.parquet,30
HNRNPA2B1,Brain_Cerebellar_Hemisphere,BRNCHA,#b6d7a8,1,/Users/sho3/eqtl/gtex_v11_qtls/Brain_Cerebellar_Hemisphere.v11.eQTLs.signif_pairs.parquet,30
HNRNPA2B1,Thyroid,THYROID,#ff9900,1,/Users/sho3/eqtl/gtex_v11_qtls/Thyroid.v11.eQTLs.signif_pairs.parquet,30
HNRNPA2B1,Adipose_Subcutaneous,ADPSBQ,#f1c232,0,/Users/sho3/eqtl/gtex_v11_qtls/Adipose_Subcutaneous.v11.eQTLs.signif_pairs.parquet,30
HNRNPA2B1,Adipose_Visceral_Omentum,ADPVSC,#f6b26b,0,/Users/sho3/eqtl/gtex_v11_qtls/Adipose_Visceral_Omentum.v11.eQTLs.signif_pairs.parquet,30
HNRNPA2B1,Adrenal_Gland,ADREN,#8dd3c7,0,/Users/sho3/eqtl/gtex_v11_qtls/Adrenal_Gland.v11.eQTLs.signif_pairs.parquet,30
HNRNPA2B1,Artery_Coronary,ARTCRN,#cc0000,0,/Users/sho3/eqtl/gtex_v11_qtls/Artery_Coronary.v11.eQTLs.signif_pairs.parquet,30
HNRNPA2B1,Artery_Tibial,ARTTBL,#f4cccc,0,/Users/sho3/eqtl/gtex_v11_qtls/Artery_Tibial.v11.eQTLs.signif_pairs.parquet,30
HNRNPA2B1,Bladder,BLDDER,#b4a7d6,0,/Users/sho3/eqtl/gtex_v11_qtls/Bladder.v11.eQTLs.signif_pairs.parquet,30
HNRNPA2B1,Breast_Mammary_Tissue,BREAST,#c27ba0,0,/Users/sho3/eqtl/gtex_v11_qtls/Breast_Mammary_Tissue.v11.eQTLs.signif_pairs.parquet,30
HNRNPA2B1,Brain_Nucleus_accumbens_basal_ganglia,BRNACC,#0b5394,0,/Users/sho3/eqtl/gtex_v11_qtls/Brain_Nucleus_accumbens_basal_ganglia.v11.eQTLs.signif_pairs.parquet,30
HNRNPA2B1,Brain_Amygdala,BRNAMY,#93c47d,0,/Users/sho3/eqtl/gtex_v11_qtls/Brain_Amygdala.v11.eQTLs.signif_pairs.parquet,30
HNRNPA2B1,Brain_Anterior_cingulate_cortex_BA24,BRNCCC,#6aa84f,0,/Users/sho3/eqtl/gtex_v11_qtls/Brain_Anterior_cingulate_cortex_BA24.v11.eQTLs.signif_pairs.parquet,30
HNRNPA2B1,Brain_Caudate_basal_ganglia,BRNCDT,#38761d,0,/Users/sho3/eqtl/gtex_v11_qtls/Brain_Caudate_basal_ganglia.v11.eQTLs.signif_pairs.parquet,30
HNRNPA2B1,Brain_Cerebellum,BRNCHB,#274e13,0,/Users/sho3/eqtl/gtex_v11_qtls/Brain_Cerebellum.v11.eQTLs.signif_pairs.parquet,30
HNRNPA2B1,Brain_Frontal_Cortex_BA9,BRNCTXB,#76a5af,0,/Users/sho3/eqtl/gtex_v11_qtls/Brain_Frontal_Cortex_BA9.v11.eQTLs.signif_pairs.parquet,30
HNRNPA2B1,Brain_Hippocampus,BRNHPP,#134f5c,0,/Users/sho3/eqtl/gtex_v11_qtls/Brain_Hippocampus.v11.eQTLs.signif_pairs.parquet,30
HNRNPA2B1,Brain_Hypothalamus,BRNHPT,#45818e,0,/Users/sho3/eqtl/gtex_v11_qtls/Brain_Hypothalamus.v11.eQTLs.signif_pairs.parquet,30
HNRNPA2B1,Brain_Putamen_basal_ganglia,BRNPTM,#3d85c6,0,/Users/sho3/eqtl/gtex_v11_qtls/Brain_Putamen_basal_ganglia.v11.eQTLs.signif_pairs.parquet,30
HNRNPA2B1,Brain_Substantia_nigra,BRNSNG,#073763,0,/Users/sho3/eqtl/gtex_v11_qtls/Brain_Substantia_nigra.v11.eQTLs.signif_pairs.parquet,30
HNRNPA2B1,Brain_Spinal_cord_cervical_c-1,BRNSPC,#9fc5e8,0,/Users/sho3/eqtl/gtex_v11_qtls/Brain_Spinal_cord_cervical_c-1.v11.eQTLs.signif_pairs.parquet,30
HNRNPA2B1,Colon_Sigmoid,CLNSGM,#b45f06,0,/Users/sho3/eqtl/gtex_v11_qtls/Colon_Sigmoid.v11.eQTLs.signif_pairs.parquet,30
HNRNPA2B1,Colon_Transverse,CLNTRN,#e69138,0,/Users/sho3/eqtl/gtex_v11_qtls/Colon_Transverse.v11.eQTLs.signif_pairs.parquet,30
HNRNPA2B1,Esophagus_Gastroesophageal_Junction,ESPGEJ,#d9ead3,0,/Users/sho3/eqtl/gtex_v11_qtls/Esophagus_Gastroesophageal_Junction.v11.eQTLs.signif_pairs.parquet,30
HNRNPA2B1,Esophagus_Mucosa,ESPMCS,#93c47d,0,/Users/sho3/eqtl/gtex_v11_qtls/Esophagus_Mucosa.v11.eQTLs.signif_pairs.parquet,30
HNRNPA2B1,Esophagus_Muscularis,ESPMSL,#6aa84f,0,/Users/sho3/eqtl/gtex_v11_qtls/Esophagus_Muscularis.v11.eQTLs.signif_pairs.parquet,30
HNRNPA2B1,Cells_Cultured_fibroblasts,FIBRBLS,#674ea7,0,/Users/sho3/eqtl/gtex_v11_qtls/Cells_Cultured_fibroblasts.v11.eQTLs.signif_pairs.parquet,30
HNRNPA2B1,Heart_Atrial_Appendage,HRTAA,#a64d79,0,/Users/sho3/eqtl/gtex_v11_qtls/Heart_Atrial_Appendage.v11.eQTLs.signif_pairs.parquet,30
HNRNPA2B1,Heart_Left_Ventricle,HRTLV,#741b47,0,/Users/sho3/eqtl/gtex_v11_qtls/Heart_Left_Ventricle.v11.eQTLs.signif_pairs.parquet,30
HNRNPA2B1,Kidney_Cortex,KDNCTX,#00ffff,0,/Users/sho3/eqtl/gtex_v11_qtls/Kidney_Cortex.v11.eQTLs.signif_pairs.parquet,30
HNRNPA2B1,Liver,LIVER,#783f04,0,/Users/sho3/eqtl/gtex_v11_qtls/Liver.v11.eQTLs.signif_pairs.parquet,30
HNRNPA2B1,Lung,LUNG,#6fa8dc,0,/Users/sho3/eqtl/gtex_v11_qtls/Lung.v11.eQTLs.signif_pairs.parquet,30
HNRNPA2B1,Nerve_Tibial,NERVET,#ffe599,0,/Users/sho3/eqtl/gtex_v11_qtls/Nerve_Tibial.v11.eQTLs.signif_pairs.parquet,30
HNRNPA2B1,Ovary,OVARY,#ff00ff,0,/Users/sho3/eqtl/gtex_v11_qtls/Ovary.v11.eQTLs.signif_pairs.parquet,30
HNRNPA2B1,Pituitary,PITUTRY,#999999,0,/Users/sho3/eqtl/gtex_v11_qtls/Pituitary.v11.eQTLs.signif_pairs.parquet,30
HNRNPA2B1,Pancreas,PNCREAS,#f9cb9c,0,/Users/sho3/eqtl/gtex_v11_qtls/Pancreas.v11.eQTLs.signif_pairs.parquet,30
HNRNPA2B1,Prostate,PRSTTE,#cfe2f3,0,/Users/sho3/eqtl/gtex_v11_qtls/Prostate.v11.eQTLs.signif_pairs.parquet,30
HNRNPA2B1,Skin_Not_Sun_Exposed_Suprapubic,SKINNS,#ffd966,0,/Users/sho3/eqtl/gtex_v11_qtls/Skin_Not_Sun_Exposed_Suprapubic.v11.eQTLs.signif_pairs.parquet,30
HNRNPA2B1,Skin_Sun_Exposed_Lower_leg,SKINS,#f1c232,0,/Users/sho3/eqtl/gtex_v11_qtls/Skin_Sun_Exposed_Lower_leg.v11.eQTLs.signif_pairs.parquet,30
HNRNPA2B1,Minor_Salivary_Gland,SLVRYG,#d5a6bd,0,/Users/sho3/eqtl/gtex_v11_qtls/Minor_Salivary_Gland.v11.eQTLs.signif_pairs.parquet,30
HNRNPA2B1,Small_Intestine_Terminal_Ileum,SNTRM,#ffff00,0,/Users/sho3/eqtl/gtex_v11_qtls/Small_Intestine_Terminal_Ileum.v11.eQTLs.signif_pairs.parquet,30
HNRNPA2B1,Spleen,SPLEEN,#cc4125,0,/Users/sho3/eqtl/gtex_v11_qtls/Spleen.v11.eQTLs.signif_pairs.parquet,30
HNRNPA2B1,Stomach,STMACH,#b45f06,0,/Users/sho3/eqtl/gtex_v11_qtls/Stomach.v11.eQTLs.signif_pairs.parquet,30
HNRNPA2B1,Testis,TESTIS,#e06666,0,/Users/sho3/eqtl/gtex_v11_qtls/Testis.v11.eQTLs.signif_pairs.parquet,30
HNRNPA2B1,Uterus,UTERUS,#cc99ff,0,/Users/sho3/eqtl/gtex_v11_qtls/Uterus.v11.eQTLs.signif_pairs.parquet,30
HNRNPA2B1,Vagina,VAGINA,#ff66cc,0,/Users/sho3/eqtl/gtex_v11_qtls/Vagina.v11.eQTLs.signif_pairs.parquet,30
HNRNPA2B1,Whole_Blood,WHLBLD,#cc0000,0,/Users/sho3/eqtl/gtex_v11_qtls/Whole_Blood.v11.eQTLs.signif_pairs.parquet,30
DHX9,Esophagus_Mucosa,ESPMCS,#93c47d,19,/Users/sho3/eqtl/gtex_v11_qtls/Esophagus_Mucosa.v11.eQTLs.signif_pairs.parquet,29
DHX9,Adrenal_Gland,ADREN,#8dd3c7,7,/Users/sho3/eqtl/gtex_v11_qtls/Adrenal_Gland.v11.eQTLs.signif_pairs.parquet,29
DHX9,Cells_EBV-transformed_lymphocytes,LCL,#351c75,2,/Users/sho3/eqtl/gtex_v11_qtls/Cells_EBV-transformed_lymphocytes.v11.eQTLs.signif_pairs.parquet,29
DHX9,Brain_Hippocampus,BRNHPP,#134f5c,1,/Users/sho3/eqtl/gtex_v11_qtls/Brain_Hippocampus.v11.eQTLs.signif_pairs.parquet,29
DHX9,Adipose_Subcutaneous,ADPSBQ,#f1c232,0,/Users/sho3/eqtl/gtex_v11_qtls/Adipose_Subcutaneous.v11.eQTLs.signif_pairs.parquet,29
DHX9,Adipose_Visceral_Omentum,ADPVSC,#f6b26b,0,/Users/sho3/eqtl/gtex_v11_qtls/Adipose_Visceral_Omentum.v11.eQTLs.signif_pairs.parquet,29
DHX9,Artery_Aorta,ARTAORT,#e06666,0,/Users/sho3/eqtl/gtex_v11_qtls/Artery_Aorta.v11.eQTLs.signif_pairs.parquet,29
DHX9,Artery_Coronary,ARTCRN,#cc0000,0,/Users/sho3/eqtl/gtex_v11_qtls/Artery_Coronary.v11.eQTLs.signif_pairs.parquet,29
DHX9,Artery_Tibial,ARTTBL,#f4cccc,0,/Users/sho3/eqtl/gtex_v11_qtls/Artery_Tibial.v11.eQTLs.signif_pairs.parquet,29
DHX9,Bladder,BLDDER,#b4a7d6,0,/Users/sho3/eqtl/gtex_v11_qtls/Bladder.v11.eQTLs.signif_pairs.parquet,29
DHX9,Breast_Mammary_Tissue,BREAST,#c27ba0,0,/Users/sho3/eqtl/gtex_v11_qtls/Breast_Mammary_Tissue.v11.eQTLs.signif_pairs.parquet,29
DHX9,Brain_Nucleus_accumbens_basal_ganglia,BRNACC,#0b5394,0,/Users/sho3/eqtl/gtex_v11_qtls/Brain_Nucleus_accumbens_basal_ganglia.v11.eQTLs.signif_pairs.parquet,29
DHX9,Brain_Amygdala,BRNAMY,#93c47d,0,/Users/sho3/eqtl/gtex_v11_qtls/Brain_Amygdala.v11.eQTLs.signif_pairs.parquet,29
DHX9,Brain_Anterior_cingulate_cortex_BA24,BRNCCC,#6aa84f,0,/Users/sho3/eqtl/gtex_v11_qtls/Brain_Anterior_cingulate_cortex_BA24.v11.eQTLs.signif_pairs.parquet,29
DHX9,Brain_Caudate_basal_ganglia,BRNCDT,#38761d,0,/Users/sho3/eqtl/gtex_v11_qtls/Brain_Caudate_basal_ganglia.v11.eQTLs.signif_pairs.parquet,29
DHX9,Brain_Cerebellar_Hemisphere,BRNCHA,#b6d7a8,0,/Users/sho3/eqtl/gtex_v11_qtls/Brain_Cerebellar_Hemisphere.v11.eQTLs.signif_pairs.parquet,29
DHX9,Brain_Cerebellum,BRNCHB,#274e13,0,/Users/sho3/eqtl/gtex_v11_qtls/Brain_Cerebellum.v11.eQTLs.signif_pairs.parquet,29
DHX9,Brain_Cortex,BRNCTXA,#a2c4c9,0,/Users/sho3/eqtl/gtex_v11_qtls/Brain_Cortex.v11.eQTLs.signif_pairs.parquet,29
DHX9,Brain_Frontal_Cortex_BA9,BRNCTXB,#76a5af,0,/Users/sho3/eqtl/gtex_v11_qtls/Brain_Frontal_Cortex_BA9.v11.eQTLs.signif_pairs.parquet,29
DHX9,Brain_Hypothalamus,BRNHPT,#45818e,0,/Users/sho3/eqtl/gtex_v11_qtls/Brain_Hypothalamus.v11.eQTLs.signif_pairs.parquet,29
DHX9,Brain_Putamen_basal_ganglia,BRNPTM,#3d85c6,0,/Users/sho3/eqtl/gtex_v11_qtls/Brain_Putamen_basal_ganglia.v11.eQTLs.signif_pairs.parquet,29
DHX9,Brain_Substantia_nigra,BRNSNG,#073763,0,/Users/sho3/eqtl/gtex_v11_qtls/Brain_Substantia_nigra.v11.eQTLs.signif_pairs.parquet,29
DHX9,Brain_Spinal_cord_cervical_c-1,BRNSPC,#9fc5e8,0,/Users/sho3/eqtl/gtex_v11_qtls/Brain_Spinal_cord_cervical_c-1.v11.eQTLs.signif_pairs.parquet,29
DHX9,Colon_Sigmoid,CLNSGM,#b45f06,0,/Users/sho3/eqtl/gtex_v11_qtls/Colon_Sigmoid.v11.eQTLs.signif_pairs.parquet,29
DHX9,Colon_Transverse,CLNTRN,#e69138,0,/Users/sho3/eqtl/gtex_v11_qtls/Colon_Transverse.v11.eQTLs.signif_pairs.parquet,29
DHX9,Esophagus_Gastroesophageal_Junction,ESPGEJ,#d9ead3,0,/Users/sho3/eqtl/gtex_v11_qtls/Esophagus_Gastroesophageal_Junction.v11.eQTLs.signif_pairs.parquet,29
DHX9,Esophagus_Muscularis,ESPMSL,#6aa84f,0,/Users/sho3/eqtl/gtex_v11_qtls/Esophagus_Muscularis.v11.eQTLs.signif_pairs.parquet,29
DHX9,Cells_Cultured_fibroblasts,FIBRBLS,#674ea7,0,/Users/sho3/eqtl/gtex_v11_qtls/Cells_Cultured_fibroblasts.v11.eQTLs.signif_pairs.parquet,29
DHX9,Heart_Atrial_Appendage,HRTAA,#a64d79,0,/Users/sho3/eqtl/gtex_v11_qtls/Heart_Atrial_Appendage.v11.eQTLs.signif_pairs.parquet,29
DHX9,Heart_Left_Ventricle,HRTLV,#741b47,0,/Users/sho3/eqtl/gtex_v11_qtls/Heart_Left_Ventricle.v11.eQTLs.signif_pairs.parquet,29
DHX9,Kidney_Cortex,KDNCTX,#00ffff,0,/Users/sho3/eqtl/gtex_v11_qtls/Kidney_Cortex.v11.eQTLs.signif_pairs.parquet,29
DHX9,Liver,LIVER,#783f04,0,/Users/sho3/eqtl/gtex_v11_qtls/Liver.v11.eQTLs.signif_pairs.parquet,29
DHX9,Lung,LUNG,#6fa8dc,0,/Users/sho3/eqtl/gtex_v11_qtls/Lung.v11.eQTLs.signif_pairs.parquet,29
DHX9,Muscle_Skeletal,MSCLSK,#b7b7b7,0,/Users/sho3/eqtl/gtex_v11_qtls/Muscle_Skeletal.v11.eQTLs.signif_pairs.parquet,29
DHX9,Nerve_Tibial,NERVET,#ffe599,0,/Users/sho3/eqtl/gtex_v11_qtls/Nerve_Tibial.v11.eQTLs.signif_pairs.parquet,29
DHX9,Ovary,OVARY,#ff00ff,0,/Users/sho3/eqtl/gtex_v11_qtls/Ovary.v11.eQTLs.signif_pairs.parquet,29
DHX9,Pituitary,PITUTRY,#999999,0,/Users/sho3/eqtl/gtex_v11_qtls/Pituitary.v11.eQTLs.signif_pairs.parquet,29
DHX9,Pancreas,PNCREAS,#f9cb9c,0,/Users/sho3/eqtl/gtex_v11_qtls/Pancreas.v11.eQTLs.signif_pairs.parquet,29
DHX9,Prostate,PRSTTE,#cfe2f3,0,/Users/sho3/eqtl/gtex_v11_qtls/Prostate.v11.eQTLs.signif_pairs.parquet,29
DHX9,Skin_Not_Sun_Exposed_Suprapubic,SKINNS,#ffd966,0,/Users/sho3/eqtl/gtex_v11_qtls/Skin_Not_Sun_Exposed_Suprapubic.v11.eQTLs.signif_pairs.parquet,29
DHX9,Skin_Sun_Exposed_Lower_leg,SKINS,#f1c232,0,/Users/sho3/eqtl/gtex_v11_qtls/Skin_Sun_Exposed_Lower_leg.v11.eQTLs.signif_pairs.parquet,29
DHX9,Minor_Salivary_Gland,SLVRYG,#d5a6bd,0,/Users/sho3/eqtl/gtex_v11_qtls/Minor_Salivary_Gland.v11.eQTLs.signif_pairs.parquet,29
DHX9,Small_Intestine_Terminal_Ileum,SNTRM,#ffff00,0,/Users/sho3/eqtl/gtex_v11_qtls/Small_Intestine_Terminal_Ileum.v11.eQTLs.signif_pairs.parquet,29
DHX9,Spleen,SPLEEN,#cc4125,0,/Users/sho3/eqtl/gtex_v11_qtls/Spleen.v11.eQTLs.signif_pairs.parquet,29
DHX9,Stomach,STMACH,#b45f06,0,/Users/sho3/eqtl/gtex_v11_qtls/Stomach.v11.eQTLs.signif_pairs.parquet,29
DHX9,Testis,TESTIS,#e06666,0,/Users/sho3/eqtl/gtex_v11_qtls/Testis.v11.eQTLs.signif_pairs.parquet,29
DHX9,Thyroid,THYROID,#ff9900,0,/Users/sho3/eqtl/gtex_v11_qtls/Thyroid.v11.eQTLs.signif_pairs.parquet,29
DHX9,Uterus,UTERUS,#cc99ff,0,/Users/sho3/eqtl/gtex_v11_qtls/Uterus.v11.eQTLs.signif_pairs.parquet,29
DHX9,Vagina,VAGINA,#ff66cc,0,/Users/sho3/eqtl/gtex_v11_qtls/Vagina.v11.eQTLs.signif_pairs.parquet,29
DHX9,Whole_Blood,WHLBLD,#cc0000,0,/Users/sho3/eqtl/gtex_v11_qtls/Whole_Blood.v11.eQTLs.signif_pairs.parquet,29
DDX21,Adipose_Subcutaneous,ADPSBQ,#f1c232,9,/Users/sho3/eqtl/gtex_v11_qtls/Adipose_Subcutaneous.v11.eQTLs.signif_pairs.parquet,23
DDX21,Esophagus_Muscularis,ESPMSL,#6aa84f,5,/Users/sho3/eqtl/gtex_v11_qtls/Esophagus_Muscularis.v11.eQTLs.signif_pairs.parquet,23
DDX21,Lung,LUNG,#6fa8dc,4,/Users/sho3/eqtl/gtex_v11_qtls/Lung.v11.eQTLs.signif_pairs.parquet,23
DDX21,Small_Intestine_Terminal_Ileum,SNTRM,#ffff00,2,/Users/sho3/eqtl/gtex_v11_qtls/Small_Intestine_Terminal_Ileum.v11.eQTLs.signif_pairs.parquet,23
DDX21,Whole_Blood,WHLBLD,#cc0000,2,/Users/sho3/eqtl/gtex_v11_qtls/Whole_Blood.v11.eQTLs.signif_pairs.parquet,23
DDX21,Skin_Not_Sun_Exposed_Suprapubic,SKINNS,#ffd966,1,/Users/sho3/eqtl/gtex_v11_qtls/Skin_Not_Sun_Exposed_Suprapubic.v11.eQTLs.signif_pairs.parquet,23
DDX21,Adipose_Visceral_Omentum,ADPVSC,#f6b26b,0,/Users/sho3/eqtl/gtex_v11_qtls/Adipose_Visceral_Omentum.v11.eQTLs.signif_pairs.parquet,23
DDX21,Adrenal_Gland,ADREN,#8dd3c7,0,/Users/sho3/eqtl/gtex_v11_qtls/Adrenal_Gland.v11.eQTLs.signif_pairs.parquet,23
DDX21,Artery_Aorta,ARTAORT,#e06666,0,/Users/sho3/eqtl/gtex_v11_qtls/Artery_Aorta.v11.eQTLs.signif_pairs.parquet,23
DDX21,Artery_Coronary,ARTCRN,#cc0000,0,/Users/sho3/eqtl/gtex_v11_qtls/Artery_Coronary.v11.eQTLs.signif_pairs.parquet,23
DDX21,Artery_Tibial,ARTTBL,#f4cccc,0,/Users/sho3/eqtl/gtex_v11_qtls/Artery_Tibial.v11.eQTLs.signif_pairs.parquet,23
DDX21,Bladder,BLDDER,#b4a7d6,0,/Users/sho3/eqtl/gtex_v11_qtls/Bladder.v11.eQTLs.signif_pairs.parquet,23
DDX21,Breast_Mammary_Tissue,BREAST,#c27ba0,0,/Users/sho3/eqtl/gtex_v11_qtls/Breast_Mammary_Tissue.v11.eQTLs.signif_pairs.parquet,23
DDX21,Brain_Nucleus_accumbens_basal_ganglia,BRNACC,#0b5394,0,/Users/sho3/eqtl/gtex_v11_qtls/Brain_Nucleus_accumbens_basal_ganglia.v11.eQTLs.signif_pairs.parquet,23
DDX21,Brain_Amygdala,BRNAMY,#93c47d,0,/Users/sho3/eqtl/gtex_v11_qtls/Brain_Amygdala.v11.eQTLs.signif_pairs.parquet,23
DDX21,Brain_Anterior_cingulate_cortex_BA24,BRNCCC,#6aa84f,0,/Users/sho3/eqtl/gtex_v11_qtls/Brain_Anterior_cingulate_cortex_BA24.v11.eQTLs.signif_pairs.parquet,23
DDX21,Brain_Caudate_basal_ganglia,BRNCDT,#38761d,0,/Users/sho3/eqtl/gtex_v11_qtls/Brain_Caudate_basal_ganglia.v11.eQTLs.signif_pairs.parquet,23
DDX21,Brain_Cerebellar_Hemisphere,BRNCHA,#b6d7a8,0,/Users/sho3/eqtl/gtex_v11_qtls/Brain_Cerebellar_Hemisphere.v11.eQTLs.signif_pairs.parquet,23
DDX21,Brain_Cerebellum,BRNCHB,#274e13,0,/Users/sho3/eqtl/gtex_v11_qtls/Brain_Cerebellum.v11.eQTLs.signif_pairs.parquet,23
DDX21,Brain_Cortex,BRNCTXA,#a2c4c9,0,/Users/sho3/eqtl/gtex_v11_qtls/Brain_Cortex.v11.eQTLs.signif_pairs.parquet,23
DDX21,Brain_Frontal_Cortex_BA9,BRNCTXB,#76a5af,0,/Users/sho3/eqtl/gtex_v11_qtls/Brain_Frontal_Cortex_BA9.v11.eQTLs.signif_pairs.parquet,23
DDX21,Brain_Hippocampus,BRNHPP,#134f5c,0,/Users/sho3/eqtl/gtex_v11_qtls/Brain_Hippocampus.v11.eQTLs.signif_pairs.parquet,23
DDX21,Brain_Hypothalamus,BRNHPT,#45818e,0,/Users/sho3/eqtl/gtex_v11_qtls/Brain_Hypothalamus.v11.eQTLs.signif_pairs.parquet,23
DDX21,Brain_Putamen_basal_ganglia,BRNPTM,#3d85c6,0,/Users/sho3/eqtl/gtex_v11_qtls/Brain_Putamen_basal_ganglia.v11.eQTLs.signif_pairs.parquet,23
DDX21,Brain_Substantia_nigra,BRNSNG,#073763,0,/Users/sho3/eqtl/gtex_v11_qtls/Brain_Substantia_nigra.v11.eQTLs.signif_pairs.parquet,23
DDX21,Brain_Spinal_cord_cervical_c-1,BRNSPC,#9fc5e8,0,/Users/sho3/eqtl/gtex_v11_qtls/Brain_Spinal_cord_cervical_c-1.v11.eQTLs.signif_pairs.parquet,23
DDX21,Colon_Sigmoid,CLNSGM,#b45f06,0,/Users/sho3/eqtl/gtex_v11_qtls/Colon_Sigmoid.v11.eQTLs.signif_pairs.parquet,23
DDX21,Colon_Transverse,CLNTRN,#e69138,0,/Users/sho3/eqtl/gtex_v11_qtls/Colon_Transverse.v11.eQTLs.signif_pairs.parquet,23
DDX21,Esophagus_Gastroesophageal_Junction,ESPGEJ,#d9ead3,0,/Users/sho3/eqtl/gtex_v11_qtls/Esophagus_Gastroesophageal_Junction.v11.eQTLs.signif_pairs.parquet,23
DDX21,Esophagus_Mucosa,ESPMCS,#93c47d,0,/Users/sho3/eqtl/gtex_v11_qtls/Esophagus_Mucosa.v11.eQTLs.signif_pairs.parquet,23
DDX21,Cells_Cultured_fibroblasts,FIBRBLS,#674ea7,0,/Users/sho3/eqtl/gtex_v11_qtls/Cells_Cultured_fibroblasts.v11.eQTLs.signif_pairs.parquet,23
DDX21,Heart_Atrial_Appendage,HRTAA,#a64d79,0,/Users/sho3/eqtl/gtex_v11_qtls/Heart_Atrial_Appendage.v11.eQTLs.signif_pairs.parquet,23
DDX21,Heart_Left_Ventricle,HRTLV,#741b47,0,/Users/sho3/eqtl/gtex_v11_qtls/Heart_Left_Ventricle.v11.eQTLs.signif_pairs.parquet,23
DDX21,Kidney_Cortex,KDNCTX,#00ffff,0,/Users/sho3/eqtl/gtex_v11_qtls/Kidney_Cortex.v11.eQTLs.signif_pairs.parquet,23
DDX21,Cells_EBV-transformed_lymphocytes,LCL,#351c75,0,/Users/sho3/eqtl/gtex_v11_qtls/Cells_EBV-transformed_lymphocytes.v11.eQTLs.signif_pairs.parquet,23
DDX21,Liver,LIVER,#783f04,0,/Users/sho3/eqtl/gtex_v11_qtls/Liver.v11.eQTLs.signif_pairs.parquet,23
DDX21,Muscle_Skeletal,MSCLSK,#b7b7b7,0,/Users/sho3/eqtl/gtex_v11_qtls/Muscle_Skeletal.v11.eQTLs.signif_pairs.parquet,23
DDX21,Nerve_Tibial,NERVET,#ffe599,0,/Users/sho3/eqtl/gtex_v11_qtls/Nerve_Tibial.v11.eQTLs.signif_pairs.parquet,23
DDX21,Ovary,OVARY,#ff00ff,0,/Users/sho3/eqtl/gtex_v11_qtls/Ovary.v11.eQTLs.signif_pairs.parquet,23
DDX21,Pituitary,PITUTRY,#999999,0,/Users/sho3/eqtl/gtex_v11_qtls/Pituitary.v11.eQTLs.signif_pairs.parquet,23
DDX21,Pancreas,PNCREAS,#f9cb9c,0,/Users/sho3/eqtl/gtex_v11_qtls/Pancreas.v11.eQTLs.signif_pairs.parquet,23
DDX21,Prostate,PRSTTE,#cfe2f3,0,/Users/sho3/eqtl/gtex_v11_qtls/Prostate.v11.eQTLs.signif_pairs.parquet,23
DDX21,Skin_Sun_Exposed_Lower_leg,SKINS,#f1c232,0,/Users/sho3/eqtl/gtex_v11_qtls/Skin_Sun_Exposed_Lower_leg.v11.eQTLs.signif_pairs.parquet,23
DDX21,Minor_Salivary_Gland,SLVRYG,#d5a6bd,0,/Users/sho3/eqtl/gtex_v11_qtls/Minor_Salivary_Gland.v11.eQTLs.signif_pairs.parquet,23
DDX21,Spleen,SPLEEN,#cc4125,0,/Users/sho3/eqtl/gtex_v11_qtls/Spleen.v11.eQTLs.signif_pairs.parquet,23
DDX21,Stomach,STMACH,#b45f06,0,/Users/sho3/eqtl/gtex_v11_qtls/Stomach.v11.eQTLs.signif_pairs.parquet,23
DDX21,Testis,TESTIS,#e06666,0,/Users/sho3/eqtl/gtex_v11_qtls/Testis.v11.eQTLs.signif_pairs.parquet,23
DDX21,Thyroid,THYROID,#ff9900,0,/Users/sho3/eqtl/gtex_v11_qtls/Thyroid.v11.eQTLs.signif_pairs.parquet,23
DDX21,Uterus,UTERUS,#cc99ff,0,/Users/sho3/eqtl/gtex_v11_qtls/Uterus.v11.eQTLs.signif_pairs.parquet,23
DDX21,Vagina,VAGINA,#ff66cc,0,/Users/sho3/eqtl/gtex_v11_qtls/Vagina.v11.eQTLs.signif_pairs.parquet,23
